tweet,label,label_id
ini wiken loh,neutral,3
asuh opung ini tolong hargain ya pung tidak semua orang suka dengan postingan opung ini kara ini sumpah enak banget,anger,0
woilah pagi pagi bikin emosi anjir,anger,0
yang suka makan sirip hiu tenggelamkan tidak bu username masa ikan segede metromini cuma dimamam siripnya doang makan bodynya juga dong,anger,0
jangan begitu dong bang jadi sedih nih,sad,2
harganya tapi bahannya entar ku cek-cek,neutral,3
ih masa akak,neutral,3
apapun selain romance senang tapi kalau horror jangan yang hantu mun takut sama hantu,fear,1
saya hidup dizaman presiden hebat yaitu soeharto beliau buat aman dan tenang untuk masyarakat tetapi tidak tenang untuk kaum pki kaum rampok kaum bandit kaum yang ingin jadi pejabat negara tapi otaknya kosong hanya kaum itulah yang tidak suka bapak soeharto url,anger,0
kenapa nak hasut orang tak vaksin pastu bangga sangat bila orang vaksin takut nak cerita side effect kat dia,fear,1
sedih belum dikabarin sama ayangk,sad,2
pantas emiss cari kemana mana ternyata disini ya selamat datang cantik bagaimana hari harinya setelah memilih jurusan semoga malamnya menyenangkan ya,happy,4
terus suatu ketika teman bilang youngk dan day6 saat day6 sih tapi membernya enggak kecuali sih jae youngk didengarkan lah day6 you were beautiful dan diracuni youngk eh tapi malah,neutral,3
sangat tolol bbm langka beras mahal cuma sarapan jagung dan ubi sebelum berangkat sekolah itu sekitar 2006 sampai 2011,anger,0
username selamat malam seyogyanya jalur sepeda hanya untuk sepeda dan trotoar untuk pejalan kaki sesuai dengan uu no 22 2009 parkir sembarangan adlah tindakan pura-pura tidak tahu saya yakin manajemen username tahu uu tersebut username,anger,0
username selalu sinis dan menegur kumpulan bapak bapak di kelas doktoral saya kalau sudah jokes sexual yang mengarah harassment orang abuse really enggak ada korelasi deh sekolah tinggi sama perilaku ini,anger,0
baru mendengarkan dengan seksama lagu nge hits di tik tok aisyah jatuh cinta pada jamila benar begitu ets jangan lupa dua jari dua jari empat jari,happy,4
kaget lihatnya,fear,1
tapi mpmhondajatim username username di bisa terlaksana tanpa kurang satu apapun url,happy,4
pengajian yang ustadznya provokator dan mulut jamban wajib dibubarkan,anger,0
5 6 aakkkk benci kalo pulau2 kecil enggak paham,anger,0
breadtalknya teman enggak rasanya wkwk cust,neutral,3
semoga bapaknya i hope there is a news for them temannya snder kalo orang kamu masih hal menanti terus kita berjuang semangaat,neutral,3
sedih juga kak bangun bangun di kolong jembatan enggak tau harus kemana,sad,2
poin ke 3 tolol banget anjir astagfirullah,anger,0
kalo enggak gandengan tangan meriang tiap hangout di public place saja lengket ngt bagaimana kalo pas lagi qtime berdua di private place begitu duh terima kasih sudah bikin makin menghalu dan btw di yang kedua tuh seohyun sempat ragu harus pakai cincin pernikahannya apa enggak,fear,1
semangat ya jangan mau dijadikan mainan,happy,4
bila belum memiliki materi sedihlah jika belum,neutral,3
ngeri ngeri sedep,fear,1
ketika saat ada seorang cowok mulai sering menelponmu atau bahkan datang kerumah untuk menemuimu papa akan memasang wajah paling cool sedunia papa sesekali menguping atau mengintip saat kamu sedang mengobrol berdua diruang tamu,fear,1
bego banget kenapa maksa ya,anger,0
pak raimu din a,neutral,3
numpang kira-kira bakso lahirannya cesar sih,neutral,3
1 dari dulu hingga sekarang sebagaimana biasanya berlangsung setiap kali memasuki bulan ramadan kegiatan pariwisata di indonesia terasa agak lesu,sad,2
kakak di anggap nya pwettyy koo nya begitu pwetty,neutral,3
dengan orang selalu berwajah di hadapan kawan kawannya hari dailami,neutral,3
selama perintah suami tidak melanggar syariat hormat tapi enggak tolol makanya islam buat orang yang mau berpikir,anger,0
malah ke kirim yang ini jancuks bau bakal marah senang,anger,0
sabtu enggak libur mas tetap semangat,happy,4
mengapai juga repot-repot mencari jawaban kalau tidak sudah cukup enggak usah dijelasin macam-macam orang kalau sudah benci tertutup itu mata dan telinga urusan begitu saja kok repot url,anger,0
20180710 09 06 wib akhirnya geng sosialita kumpuulllll breakfast cantik dari tbs dan kelapa gading,happy,4
username username rasis memang berbanding lurus dengan govlox anti pancasila kebanyakan govlok dan lebih banyak yang rasis mau ganti presiden silakan kalo mau dukung anti pancasila negara berhiaskan rasisme dan kegovlokan mongooo enggak,anger,0
oalaah rajin ya ydah tetap terus semangat ya,happy,4
berbisik mengingatkan tentang sepotong kecewa yang tak kunjung usai di balut dengan luka yang tak kunjung di obati luka luka luka dan ditutup lagi dengan luka sedikit terselip rasa bersalah menolak untuk mengakui,sad,2
2 henlo benlo app nih enggak kan acara asikmu diganggu iklan app prem di trusted legal bergaransi dm orang tele anathaa,neutral,3
bacoot kadrun memang bangsat,anger,0
menonton drama sama mama terus ada kiss scene gue panik,fear,1
nah ini kalau yang kita benci kejahatan2nya siapapun wajib dilaporkan dalam kejahatan itu siapapun bisa terlibat kan,anger,0
tetaplah hari ini olimp,neutral,3
tatapan matanya bisa biasa saja enggak ngeri lihatnya,fear,1
sueer deh kangen itu enggak enak enak itu di kangenin di perhatikan di memanjakan di bahagiain sedih kesepian menunggu doi,sad,2
bagaimana enggak brti pengin orang mengapresiasi penjualan juga kalo fisik nct paling bikin wqwq setaun 2 jenis per 3 belum project nya wqwq,neutral,3
maauu aku sudah sebulan sepi banget sedih spes app prem,sad,2
perghh favorit breakfast food kau di,neutral,3
semoga melimpahkan orang orang bersangkutan dan dengan mengambil alih pesanan orang semoga menggantikan berkali lipat untuk bisa terus cicilan rumahnya,neutral,3
jangan lupa mengingatkan ayang buat napas takut lupa malah repot,fear,1
username username terkadang aku ingin menjemput waktu waktu yang sudah begitu jauh tertinggal kembali memelukmu seperti saat kita terlalu takut pada perpisahan,fear,1
cara adalah dengan nya,neutral,3
enggak paham juga padahal buat global ngeri editornya,fear,1
rambut diacak acak kagak suka hati diacak acak dibiarkan saja,sad,2
enggak berlaku enggak dan jarang ke area ini malahan biasanya ke rak dibawahnya juga mineral,neutral,3
beuh krl jakarta cikarang mah jangan ditanya lagi penuhnya sesak bro petugas kemana penuh sesak gitumah enggak bisa jalan kesana kemari atuh petugasnya lapor bagaimana kalo dah pelecehan hajar saja ditempat saja pelakunya biikin rame dulu,anger,0
enggak juga dong mestinya bijak karena beliau itu orang-orang hebat sebagai tokoh yang tustas urusan kebutuhan ekonomi namun sayangnya belum tentu menjadi orang orang besar sekelas gusdur apalagi bung karno beliau2 ini sedang diuji karena sejarah mencatatnya url,sad,2
fyi dan bapak yang tadi ku temuin di stasiun itu dalam kondisi semua badannya dingin mukanya pucat kayanya belum makan dia bawa kantong plastik yang isinya cuma air minum ukurankecil sedih,sad,2
kak wulan beyar mendengar indihome nya kembali dan berakhir pekan beyar,neutral,3
username username username demokrasi kita memang lagi mundur saat ini karena kebebasan berekspresi terus menerus di pantau oleh penguasa,sad,2
balas dendam biar yakin kalo suami istri bisa saling nutup aib,anger,0
ah kakiku tapi paling pakai kets miiko,neutral,3
pak wagub saya beda politik dengan anda tapi setelah anda di bully masalah tong sampah jerman saya prihatin coba hubungan mas username nanti saya presentasikan tentang penanganan sampah secara integreted dan murah konsepnya sudah saya berikan p pramono anung url,sad,2
dengan melihat langsung blusukan presiden jokowi saya bisa simpulkan bahwa ini bukan pencitraan tetapi merupakan kerja seorang pemimpin dalam mengayomi rakyatnya,happy,4
semenjak bisa belanja online beliau suka beli barang yang sebenarnya enggak dibutuhin banget ujung ujungnya disimpe di sembarang tempat terus ibu ngedumel karena jengkel,anger,0
beraso nok makan biskut raya awal eh takut tokdei raya tahun nih,fear,1
allahumma sholli ala sayyidina muhammad semoga hari ini penuh keberkahan untuk kita semua pekerjaan dan diperlancar rezekinya semangat pagi,happy,4
setelah dipikir pikir benar juga sih kan ada google maps ya hnnggg tapi enggak begitu maksudku ini kan ke desa ya kan takut nyasar terus aku hilang bagaimana,fear,1
omelette mie ter pas banget texturenya pas enggak hancur masih renyah digigit tapi lembut pas dikunyah rasanya pas enggak greasy matengnya pas tapi biasanya yang pas ketemunya diwaktu yang enggak pas sih terharu url,sad,2
365 gestun limit kamu di spaylater gopay coin gopaylater akulaku kr3divo indodana dll ke enggak ber jam jam,neutral,3
baru mengirim manyar gresik,neutral,3
gara-gara osd ceramah masalah ks diotak gua terngiang2 kebayang2 ketakutan yang selama ini gua simpan sendiri bagaimana kalo nanti gua dibegitukan gua balik ke orang tua sedangkan bpk gua pelaku emak gua korban yang bikin sedih trauma2 masa kecil masih membekas jadi bikin,fear,1
gue sering ada di posisi sedih jadi waanjai satu sisi mewgulf itu sumber kebahagiaan buat gue dan mereka itu candu tapi sisi lain gue tau kalau ini tuh salah tiap malam overthinking di i ve tapi leave them tapi bagaimana caranya gue pergi dari sumber kebahagiaan gue,sad,2
dia doang yang melet2 kaget akk,fear,1
username username username username allahu a lam ana juga tidak tahu kapan dimana dan apakah ana masih hidup saat masa khalifah ala manhaj nubuwah itu kembali dengan seperangkat aturan syariat allah yang kaffah,sad,2
ini both of inamas aku super khawatir banget sama para masih nya deh,fear,1
bolehkah aku dapat kata semangat darimu,happy,4
teman teman aku mau kasih info aku bawa pulang lagi kucing aku karena dokternya lagi enggak ada di petshopnya aku takut kucing aku stres jadi aku bawa pulang dulu nanti kalau dokternya sudah ada di tempat aku bawa lagi kesana,fear,1
di instagram hits hype parah terkece lah followers banyak cakep cakep lagi bikin story rajin tapi giliran stok foto dia habis larinya ke gue mengajak hunting sana sini kan anying ya lu pikir gengsi dibawa mati,anger,0
sedih kulkasku cuma isi bunga es sama sayur,sad,2
aku sudah dewasa aku sudah kecewa,sad,2
sebel saja sih kalau aku punya barang baru entah itu hp baju skin care memakai up etc terus ada teman yang sentimen tanggapannya rasanya pengin jawab memang aku meminta sama kamu buat beli ini,anger,0
selamat pagi semangat nge ba nya semoga banyak req dm,happy,4
ju mbl mbl loochh go miracle dr0p jajan murce rd sh4ring merch juga dan sekarang bangtan baru dr0p jimin unyel nih gass link di rep,neutral,3
memang sih aku bukan siapa siapa kamu tapi aku enggak bohong kalau aku khawatir dengan keadaan kamu sekarang bolehkah kalau aku yang menghubungi kamu duluan tapi aku takut bikin kamu risih,fear,1
omicron memiliki karakteristik dengan gejala klinis bahkan tanpa gejala dibandingkan sebelumnya terkonfirmasi dan selalu prokes 5m,neutral,3
ya menangis gue takut banget sepi banget kayak yaudah memang cuma ada lo dan diri lo saja mau ngarepin siape,sad,2
tepat 4 tahun lalu kami bersenda gurau dan berhappy happy sekalian bersosial dilink tempat ini kini tempat ini baru saja kena musibah kebakaran semangat terus crew dan owner gapuro,sad,2
libur mulai tanggal 12 19 masuk tanggal 20 dapat data tanggal 11 itu pun kalo selesai semua laporan tanggal 20 terus kapan aku ngerjainnya adek sedih bang adek enggak isa dibeginikan adek masih belajar kuat sama bang dylan url,sad,2
mbuhhhhh ya yang terdekat kena kdrt dibilang urusan keluarga indak mau bantu perempuan speak up karena sexual harrasment dikatai pusink gue,anger,0
gapapa masih ada besok ayo tetap menyerah jangan semangat sedih,sad,2
pengin banget baca sejarah tentang avicenna lgii heuheu ayo semangat bacanya kii senang,happy,4
arlian melanjutkan arlian bikin kue begitu dan di membagikan ke teman alamat kakak waktu enggak sempat antarkan kesana atentsinya kembali berfokus sang bicara ketika kak laura bercerita mengenai akhir pekannya,neutral,3
malu banget anjrot hahahahahhaa mengakak,happy,4
panjang umur murah rezeki dengan silaturrahmi username username username username username username url,happy,4
twt gue mulai enggak jelas nih kayaknya mulai sedih marah kesel nyinyir lambe turah bukan kind human lagi sedih ok let si go ke pak ayi aku ngobatin mental ku dulu gais,sad,2
meminta nak makan macam-macam meminta lah suami kok meminta orang lain suruh beli pula bodoh,anger,0
cinta memang rumit dan menguras energi jiwa raga hati hidup gue sedih,sad,2
yang enggak menyebalkan di dunia ini cuma reinernajskakeksbaku pengin marah anjingg pengin teriak ngentot sekeras kerasnya,anger,0
alhamdulillah dapat kabar baik,happy,4
2 minggu ketika perasaan merahasiakan kabarnya lewat angin kecemasan mengutus rindu untuk membuat pertemuan dikamar 2017 smith,sad,2
semoga cepat sembuh enggak enak gatal gatalnya,happy,4
siang kak menyambung ke ursula nih bikin ursula,neutral,3
lagi sebar duit lewat dana kaget nih cuma buat kamu yang paling gesit sikat sekarang,happy,4
jaman dulu fotografer masih jarang main photoshop foto yang banyak micin nya banyak yang suka sekarang setelah banyak aplikasi photoshop yang semua orang bisa download free di hp orang sudah mulai mual lihat foto yang kebanyakan micin,sad,2
congratulations alyarizkypematasarii runner up ii kategori sih cewek indonesianmodelhunt sasana kriya ballroom tmii url,happy,4
pepatah bahwa orang bodoh daripada,neutral,3
takut kemalingan,fear,1
di masa depan scot langsung mencari rumahnya dong sambil merasa ada yang aneh dengan dunia ini ada apa gerangan begitu sampai rumah dia kaget dengan sesosok perempuan cantik nan putih umur 16 tahunan siapa perempuan ini,fear,1
sedih tadi malam mimpinya jeleek kali sampai aku kebangun tengah malam menangis deress terus aku tahajud baca doa blabla terus mimpi jelek lagi sampai dalam mimpi itu aku capeek kali baca ayat kursi 3 qul tapi setannya enggak pigi2 anjir,sad,2
satu lagi travel meler katanya anti asing tapi sok-sok bicara pakai gaya asing mulut bau lalu kok bikin apa pak kiyai url,anger,0
sedih yang bisa disuruh masak indomie berkurang satu,sad,2
di tapi menjadi daripada di tapi menjadi orang,neutral,3
kesini inactive kan sha,neutral,3
di bulan ramadhan semoga otak gue nyantol sama permendikbud2 dkk kurtilas ih kurtilas ternyata seperti ini url,sad,2
aku sudah merelakan terlepas itu adalah sebuah keikhlasan atau bukan aku sudah bisa tersenyum melihatmu bersama orang lain bukan suatu yang menyakitkan lagi seperti kala itu ku melihatmu bersama orang lain,sad,2
enggak tapi juga enggak lempeng nih gue,neutral,3
anjir jun malu banget enggak terus diapakan habis itu,fear,1
yang paling ngenes ketika sampai parkir stasiun lalu krl arah yang saya tuju datang tapi karena jarak parkir stasiun ke krl perlu waktu 3 menit alhasil ketinggalan kereta,sad,2
takut gua dicium macan pendekar biru,fear,1
tahi banget weh ini sudah r9 mbak mas baru mengomong begini sekarang kenapa kagak dari dulu2 sebelom event pc suka disold out ini tapi tau-tau sedekah r1 r9 komplit ke influencer monmaap kalo jujur2an prioritas fan adalah pcnya bukan produknya ya bagaimana ya,anger,0
tapi seru juga ya bacain tweet yang kemarin kemarin feeling orang gilanya dapat banget aku suka ngetawain nasibku sendiri,happy,4
kalo gue sik memang habis kehilangan seseorang yang dekat ya bisa dibilang cuman tahap bangunin sahur zone lah ahhhhhhh sial tayo tayo benar apa kata lu bang memang jadi gila,sad,2
hebatnya indonesia enggak cuman pemilunya saja tes covid pun juga begitu,anger,0
padi berisi merunduk kesini hal sekalinya dulunya diluapin sekarang enggak orang gue,neutral,3
seharusnya gue bersyukur dikasih rezeki bisa sekolah sampai tinggi dan di tempat yang ya bisa dikatakan fasilitasnya selalu ada dan lengkap sedangkan mereka setiap ke sekolah harus naik kapal compreng yang jaraknya cukup jauh dari rumah mereka hebatnya lagi mereka enggak ngeluh,sad,2
antri di bank situasyen mbak dapat nomor antrian berapa 227 buk ini ambil saja nomor antrian biar cepat 200 dalamhati rejeki anak baik,happy,4
kemarin lusa waktu break di kantin tiba-tiba bapak ceo duduk di samping dan cerita life after marriage nya ada satu hal unik yang beliau pesan ke saya jangan pernah hidup dengan mantan pecandu narkoba dalam hati thanks god you saved me from the wrong people,happy,4
dulu nemenin mbah menonton ini sepulang sekolah atau kalau lagi libur waktu siang mbahku juga kalau menonton ini serius banget nyimaknya wkwk aku suka bercandain dengan ganta ganti channel apalagi kalau pas scene naga terbang mengakak banget melihatnya,happy,4
lagi senang soalnya dapat kabar baik i vote for at the 2022,happy,4
mu tersingkir di fa cup jangan bercanda deh kalo mengasih kabar tuh ah,fear,1
username heee aku kemarin melihat hoak tetang pohon plastik pertama kali dari akun anda ygdisebarkan lewat fb ini bukan saja nol besar tapi sekaligus nonjok muka junjungan sdr terima kasih,anger,0
erick thohir pr warga manfaatkan lahan perumahan mjdi lokasi pertanian erick gagas tani ini untuk membumikan bertani masyarakat bisa menghasilkan produk2 pertanian secara,neutral,3
suka nih yang bikin emosi begini jadi tag aku dong kack,anger,0
puas harini boleh lepas dendam selalu mau kerja hari sabtu jaa duk syok tengok orang seberang rancak punya duk jogging apa settle 2 round arini alhamdulillah,happy,4
maria vania cukup memerhatikan fashion saat berolahraga jetski main tenis hingga golf,happy,4
selamat hari lahir semoga bahagia hingga ke anak cucu,happy,4
hoy tl nih,neutral,3
saya pun sedang belajar untuk menjadi kuat memang tidak mudah sekali apalagi kedua hal itu halangan amp,fear,1
ini faisal basri enggak lagi kena stroke kan atau tiba-tiba mental retarded ciri khas jokowi ketukar sama surabaya pak faisal jangan bangsat drun,anger,0
masih lemes ayo lebih semangat,happy,4
aplikasi pencatatan keuangan semacam money manager memang berguna ya jadi tahu sebenarnya pengeluaran kita per bulan itu berapa yang penting konsisten saja catetnya habis mengeluarkan uang walaupun parkir di indomaret 2000 perak tetap dicatet,happy,4
saya lagi di perpus uin ngantuk sendirian sini dong barangkali ada yang mau jadi tim sorak sorak atau mau mengajari bikin kerangka teori yang sejak 2 bulan lalu ditinggalin begitu saja hehe,sad,2
deh kecoh because know kan selalu opposite dengan perangai kita tapi masalahnya tiba tiba nak loghat nismilan kat mak cik dan,neutral,3
program makmur dukung pertanian indonesia go petani sejahtera,happy,4
my favorite song ini albums terimakasih nambawan terimakasih dynamic duo terimakasih gray oppa terimakasih semuanya lagunya membuatku mood booster untuk kerjain skripsishit url,happy,4
dimana sih oiya temenmu,neutral,3
bb 8kg wmp tanpa rutin wmp juice order bbm wa 089654598758,neutral,3
aku senang baca kayak yang benang kusut not sok royal romance nya weishin son for the king yang satu lagi tuh lupa judulnya pokoknya dua-duanya seungzz punya kak daisy apalagi kalo ada angstnya kalo ada rekomendasi lagi kasitau ya gaiss terserah pairing siapa saja,happy,4
bangun tidur dapat kabar baik tentang jimin senang banget jagoanku sudah sembuh,happy,4
alhamdulillah pie di rsup kariadi ini benar-benar diurus jadi sudah enggak panas tinggi lagi soalnya langsung dikasih paracetamol yang botolan,happy,4
hari ini aku libur dan fict maitake sepi punya masalah apa sih duniaa ah,sad,2
bukan enggak suka sama seriesnya iya aktingnya bagus soundtracknya juga bagus tapi ceritnya seram seram banget,fear,1
terima kasih nokaav bahagia selalu juga,happy,4
malu ah,fear,1
hbd my lovely wife amie amoy wish lu all the best semoga selalu berada didalam perlindungan swt panjang umur senantiasa bahagia bersama keluarga dan kerabat sehat selalu semakin banyak rejeki dan selalu menjadi wanita yang hebat bagi keluarga amin url,happy,4
kalo pemerintah atau mungsuh pemerintah teliti mereka bisa periksa apa harapan mansyarakat sekarang ini karena ini dilontarkan secara eksplisit dan terbuka yaitu harapan pada te ha er,anger,0
summit adalah untuk pengembang peneliti dan pembuat membangun summit akan menjadi kesempatan luar untuk dan terhubung dengan pemimpin di space,neutral,3
mendukung fan mu,neutral,3
aku lagi stres karena aku punya gigi susu 1 baru goyang 2 hari yang lalu aku takut kalo copot nanti enggak bisa tumbuh lagi huhuhuhuhu tolong,fear,1
username ya bagaimana ya lin coba deh mbok pikir saja kamu sbnre masih sayang banget sama mantanmu terus dia juga sampai dtk ini masih memperlakukan kamu sama seperti pas dia masih jadi pacar mu kan jadi memupuk rasa lagi nek begitu sedih,sad,2
username but what makes me liking blink sok much itu gara gara muka mereka beda beda dan gampang di hapal most of them are lulusan idola cilik,happy,4
hhh sampai sekarang masih kepikiran sama mahasiswa yang suicide karena skripsi pressure dari orang sekitar takut kalo gue nantinya kayak begitu karena memikirkan skripsi sudah stres banget ditambah pressure orang orang terdekat dengan nanyain kapan lulus dll takut entar pas gue skripsi,fear,1
ah sayang ternyata kamu memilih pergi padahal sudah kusiapkan cerita indah jika kita lanjutkan hmm kamu tidak tau aku penulis yang handal shijin,sad,2
hmm enak sih tapi manis banget wkkwkw,happy,4
kalo nyokap lagi overwhelmed begitu banyak urusan dan bawaannya sensi mulu atmosphere di rumah kayak bagaimana begitu jadi serba salah mau diam dibawah tkt dimarahi mau ngehindarin juga tkt dimarahi hm,fear,1
benci tasik benci jakarta,anger,0
muslim laki nyantai merokok dan makan di siang hari bolong ramadhan dan di tengah keramaian pula positive thinking saja mungkin dia lagi pms,anger,0
semoga wlw kemarin aki motor spp bang ngojeknya nunggak spp nya semoga diqobul,neutral,3
benci banget gue sama yang jualan agama agama cuma topeng,anger,0
wah enak betul baru bangun hehe ayo cepat bangun terus mandi,happy,4
blibet ini basictnya apa kok tiap hari bcra bodoh terus seolah pekerjaan sipil begitu saja seperti sesuatu yang indak mungkin bisa dikerjakan jokowi yang katanya sarjana kehutanan saja bisa bikin toll langit dan toll laut,anger,0
selalu merasa gaenakan padahal sebenarnya sudah enggak kuat merasa takut kalau orang lain itu enggak puas dengan hasil kerja kita kenapa sih memikirkan perasaan orang mulu heh,fear,1
username yang aku kenal sudah nikah itu anak listrik mantannya temenku sih dan sudah punya anak sedangkan ku masih menunggu wisuda ini memang sudah pada masanya nikah atau begimana sih ya,sad,2
ngentott cacat kabeh toto kromone,anger,0
makin jarang kutemui rapper macam om eminem yang kritis nan epic sama nyinyir juga sih beda tipis atau seperti almarhum tupac yang bikin album macam bikin buku sejarah atau macam om ice cube yang sepaket jadi aktor pun bisa,sad,2
hii kak semangat ya enggak perlu khawatir apa yang belum terjadi semua akan baik-baik saja menjalani saja apa yang sudah di depan mata,happy,4
mengikut berlebihan kelapa santan,neutral,3
pagi ini menonton berita headline nya bikin takut mulai dari suami bunuh istri kakek perkosa cucu ayam bakar solo ngeri banget nih berita,fear,1
segar selamat pagi sabtu basah sabtu ceria yuk ngeroom,happy,4
dibales dengan sangat ramah bonjour bintang boleh banget besok di gedung 7 ya a demain senang dengan senyuman khasnya besoknya sembari degdegan sudah kayak mau bimbingan skripsi padahal masih semester ii ketemu dan langsung aku tunjukkan ppt ku,happy,4
eh buset gedek banget bacanya anak setan lu pada justru ini yang gua suka dari 2gether di ceritanya benar benar nunjukin cinta ya cinta bukan cuma tentang nafsu doang,anger,0
malu meminta belikan paket zenius,fear,1
segala sesuatu yang kupelajari selalu saling jepit saling kait seni politik sastra dan mungkin yang kupelajari saat ini adalah jembatan panjang yang tak tahu akan berujung di mana hidup adalah pencarian yang tak putus termasuk juga mencari tahu siapa diri ini senang,sad,2
sumpah bikin emosi saja pagi pagi,anger,0
sebagai pendukung seseorang saja aku tak lupa ingatan tak cari muka muka kubawa dengan ingatan bos hati-hati awas didepan ada api atau jurang yang dapat mencelakakan piawai lah melangkah betapa api dan jurang ada jua mabfaat di dalamnya,anger,0
lagi tiduran sambil main hp tiba-tiba kasur kok goyang karena malam ini tidur sendiri di kamar yang belum beradaptasi sama penghuni kamar nya jadinya aku merasa takut dan berdoa dan baca ayat2 mengira ada makhluk mau mengganggu tidurku,fear,1
username aku diam karena menahan mengomong yang nanti takute melebar sampai mana mana dia mencoba tanya kenapa diam aku tetap diam eh malah dia ikut diam dan merem terharu,sad,2
terima kasih ya buat kakak dijakarta n surabaya yang sudah luangin waktunya buat meetup hehehehee sok sekarang saatnya off sampai ketemu akhir bulan ya di balikpapan dan denpasar gbu all,happy,4
jerman ini kebanyakan pemain bagus atau bagaimana ya sekelas sane young player of the year loh enggak dipanggil timnas ckckckck puyeng kali ini om joachim url,anger,0
username username username username username kelakuan kampungan kalian itu mbok ya jangan kelewatan lah malu-malui,anger,0
nama satu orang tercemar saja melapor ke polisi meminta diusut tuntas lingkungan hidup dengan biota jutaan makhluk hidup saja tak satupun ada yang lapor ke pak polisi berarti biota lingkungan ini lebih bisa mawas diri koreksi diri allah lebih menyukai hamba pemaaf,anger,0
doaku enggak meminta banyak kok cuma yang aku sayangi bahagia selalu seperti kamu ya kamu yang baca tweet ini,happy,4
yang mau turun gunung jawab dulu nih diam diam bae,anger,0
soal jalan jatibaru polisi tidak bisa gertak gubernur emangny polisi tidak ikut pmbhasan jangan berpolitik pengaturan wilayah hak gubernur persoalan tn abang soal turun temurun pelik perlu kesabaran username username url,anger,0
hati-hati sis username leptopku juga habis update terus restart malah jadi black screen pointernya muter2 terus enggak bisa log ini restore pun enggak bisa karena enggak sengaja kehapus,fear,1
enggak boleh boncengan cowok cewek kalo bukan sodaraan aneh banget sih menurutku soalnya kan banyak nih cowok cowok yang suka dengan baik hati menawari boncengan soalnya ya memang baik saja begitu as a friend masa enggak bisa sih btw ini sekolah negeri ya,fear,1
the greatest showman ini film musikal 60 isi filmnya nyanyi2 dan karena gue pribadi suka banget genre kayak ini jadi 2 jam menonton tuh enggak kerasa sama sekali rasanya pengin ikutan nyanyi2 sambil nari2,happy,4
senyum tak selalu berarti seseorang bahagia kadang seseorang tersenyum hanya karena tak ingin menjelaskan kenapa hatinya t,sad,2
luv emyuu tolol sumpah,anger,0
dijelasin kenapa inang bisa keinginan virus nah untuk kasusnya gwinam keinginan hidupnya ke cheongsan makannya enggak dan masih bisa virusnya,neutral,3
benci banget gue njing sama kegiatan yang namanya bangun pagi,anger,0
dulu ada orang yang membawa segudang kata ajaib dan itu bisa menenangkan saya bahkan merubah mindset saya waktu itu mungkin saya sekarang membutuhkan orang seperti itu orang yang membawa berpikul pikuk cerita dan tak sabar ingin diceritakan,sad,2
wow tuduhan lagi rujukan nya please siapa yang bilang mas,anger,0
biasanya beras dijual paling sedikit satu liter hanya di jaman presiden terlangsing ini beras dijual dua ons satu saset makanya presiden sekarang langsing yang dulu mengapai saja,anger,0
denise ih gila gua sedih banget denise langsung deg jantung gua,sad,2
iya ini bagaimana ya hadiahnya hadeh lama banget,anger,0
kemarin sudah jalan mau ngampus tiba-tiba sakit perut bulanan pulang deh daripada galfok tapi kan ternyata sudah penuh saja tapi sakitnya enggak parah kayak biasa gara-gara itu mungkin hari ini masih agak nyeri saja plus serangan nervous untuk agenda besok gatenang euy,fear,1
ujung2nya bukan soal kopi atau duit yang keluar tapi bagaimana cara kamu memperlakukan dan melayani konsumen ketika ada complain terhadap barang jasa yang dijual ingat2 itu ya hai mbak barista username gancit,anger,0
sudah lama nih enggak ada chat yang isinya selamat bobo sayang semoga mimpi indah ya good night kalo diinget ingat terakhir kali dapat chat kayak begitu teh pas zaman sangkuriang najong parahu,sad,2
username mak lampir dibully karena memberantas nyamuk yang tidak pernah tuntas dan selalu gagal menyelamatkan sang penguasa akan tetapi selalu tampil seolah olah apa gicuuuuu padahal kita semua sudah tahu dari dulu bahwa aaahhhh sudahlah,anger,0
00 15 kalo lagi laper jam segini di jakarta gampang mencari makan sedangkan disini ada makanan sisa buka saja sudah bersyukur dan iya gue laper sekarang,sad,2
wkwk nderr tapi sih jaehyun teman rl ku mengatai ku galakun cowonya modelan ah,neutral,3
aaa senang banget baru bangun sudah dapat kabar baik,happy,4
liburan ke jakarta sudah habis harus balik ke jepang lagi lalu manyun aku masih bisa re schedule tiket nih masih enggak mau balik reschedule tuh bayar lagi ya enggak apa-apa masih kangen rumah kangen mama papa abang kamu sayang uangnya bisa ditabung dia mengambek,sad,2
baru bangun langsung disambut kabar bahagia,happy,4
kalo sosis rebus enak tapi nugget aneh enggak sih,fear,1
kalo kemaren2 sih aku memang enggak pernh ngeplay video karena ya itu takut enggak bisa tidur yang terakhir btw semoga kita enggak salah pilih jawaban saja buat voting selanjutnya,fear,1
astaga baru bbrapa minggu enggak ada kabar kalian bareng2 event begitu kok ya kangen miss you sok much guys,sad,2
username username cerita satinah satu ini kayaknya memang beda ya hampir semua reply bilangnya sama degdegan sampai enggak berani biarpun cuma lihat sampai sekarang saja aku gaberani lihat pic nya,fear,1
nya kalian mgespace,neutral,3
karena kaule dados bruder makane saja digodha nben ora lepas jubahe tetap semangat om brud,happy,4
username enggak pernah beli barang mahal lebih happy cari yang sesuai budget tapi lebih hati hati dalam pemakaian biar bisa awet lama dan baru ganti ya kalo hilang rusak,happy,4
terima kasih kakak cantik oktakenza hadiah handuk nutriclub ya lucu gambar beruang semoga lancar terus rejeki dan pekerjaan ya amin peluk sayang selalu untuk anteu oktakenza,happy,4
dua hari ini merasa flu tapi gejala omicron begitu semoga saja sih memang flu biasa bismillah enggak apa-apa meski takut,fear,1
suka gatel banget mas kalo yang beginian enggak disebarin ya allah,anger,0
bahwa tak keinginan bisa terpenuhi barangkali untuk dan,neutral,3
dikampung mana mengerti go pay teh sudahlah beli amplop lebaran lucu lucu isiin duit baru sudah paling benar,happy,4
dan gitarku yang dipinjam teman belum dikembalikan katanya aku balikinnya pas kamu pulang tapi kita harus bukber ini orang mau balikin barang gue tapi malah mengajak bukber sekalian,sad,2
coba bayangkan kalo sebenarnya itu foto idol kpop terus di edit sama sih sendernya woaksowkak,happy,4
milet nya outstanding ditambah alunan piano nya hayato sumino,neutral,3
terkejut diri ini kan lalu perut ku kruyukan akhirnya ku putuskan untuk searching dimane foodcourt nya eh pas searching no signal breh tri ku di thamrin dan tanabang tidak berfungsi samsek,sad,2
memang saya ateis saya kan pemuja fol ges coba jelasin secara rinci ateis yang enggak abal-abal itu bagaimana kalo kamu memang pakar ateis kalo kamu enggak bisa jawab pasti kamu bakal mengatai saya cewek bego kayak tadi sedih,sad,2
askmf kenapa ya gua takut banget kalo mau mengomong atau muncul di grup gituuuu benar-benar panik begitu kalo harus muncul di grup bagaimana cara ngehilangin nya ya,fear,1
aku dendam sama ntu dua orang itu,anger,0
46 un sus un bisa ke unlock all case 5k acc unlock 7k acc unsus 10k acc payment dilakukan di akhir a uns perm,neutral,3
tiba-tiba kok jadi takut kuliah offline ya,fear,1
sebab aduu tegang begitu ye wkwk,happy,4
aku pura pura tidak tau saja kebohonganmu yang terhakiki entahlah aku pura pura bodoh saja nanti juga akan ketahuan sendiri biar waktu yang menunjukkannya,anger,0
ku cium pipi kanan mu dan kau senyum terpesona bercampur malu,fear,1
takut dewasa,fear,1
lebih aneh lagi yang hobi mendengarkan lagu-lagu sedih biar bisa sedih,sad,2
intisarinya jangan main hp samsek digojek geng even sudah dekat rumah tinggal ngesot gila ya astagfirullahaladzim orang jaman sekarang tuh ya apa juga dilakuin hik,fear,1
mau ketawa tapi takut,fear,1
berburu menu sahur sampai nyasar untung saja dibantu mbah gugel,happy,4
adalah dan berlindung akan jika,neutral,3
both saja deh agar kau puas dan bahagia t t,sad,2
haalooww bocil sunuu selamat hari sabtuu selamat weekend jangan lupa senyum dan bahagia selalu hari ini jangan lupa sarapan terus minum air putih yang banyak biar kuat have a wonderful day todayy,happy,4
ternyata aku bisa saja marah atau sebel ke orang orang yang enggak tepat waktu sebel enggak bisa merubah mindset orang orang tersebut buat datang tepat waktu kalo bukan aku sendiri yang ngerubah waktu disiplinku,anger,0
anjir sedih sudah deh ini mah sn sudah berasa enggak lengkap lagi,sad,2
enggak bule sih selama mereka lokal indonesian langit di pijak bumi di jdinget sih boting iyev,neutral,3
dengan kita akan senantiasa diliputi damai tentram dan,neutral,3
dalane alus lancar trimaksih bpk username semoga sehat selalu untuk membangun bangsa,happy,4
enggak suka banget kalau ujung2nya kayak ngebandingin kerja keras orang kayak apa anjer masing-masing orang sudah kerja keras sebisa mereka,anger,0
sarapannya setelah wo 15 30 menit beres wo nya atau enggak keringetan,neutral,3
username pengin banget icip icip dikit soal pasar modal tapi masih belum berani efek ilmunya belum banyak kali ya takut malah jatohnya jadi donasi bukan investasi hahaha,fear,1
anf anime bikin bikin tapi ending,neutral,3
semoga baik baik saja,fear,1
pasti pada banyak yang mikir apasi bel sok-sok di update lagi biar ikutan viral kan hm gapapa kok kalian semua disini enggak retweet orang reply this thread cuma mau nunjukin saja kalo ya mau kita artis kayak mau orang biasa kayak mau siapa kayak ya memang berhak marah kalo dilecehin,anger,0
3 bau nya indak amis dan masih bersih 4 kalo belanja di tapi dapat ikan atau cumi2 yang masih baru dan besar2 terus harganya bisa ditawar 5 kalo ketemu nelayan bisa beli ikannya selain di pasr ikan yang harganya jauuhh lebih murah,happy,4
senang rasanya sehat kembali makan normal habis sampai bersih piringnya melihat senyum ibu-ibu semringah seorang penjual,happy,4
beli kaos banyak dengan ukuran yang sudah downgrade kucariin kok enggak ada ternyata masuk ke lemari bapak mbak art ku kayaknya enggak notice aku sudah kurusan,sad,2
anak cucu para bangsat bangsa,anger,0
fb enggak enak banget,anger,0
aw jadi malu wkwkwkwkwk tapi senang bengeettt,happy,4
saat ini lebih merasa pengin manfaatin waktu sebaik baiknya kalau masih bisa pulang tepat waktu ya pulang biar bisa buka di rumah bareng keluarga kalau enggak ada yang dikerjain ya mndg cepat tidur bukan malah begadang enggak jelas,happy,4
minderan anjir kalo suka sama orang habis bagaimana ya gua selalu saja suka sama santri dengan fisik yang tidak memadai serta akhlakless begini jadi lebih nyaman mencintai dalam diam wkwk sudah begitu doi pernah lihat gua nyedot tijus memakai selang apa enggak menambah jijay,fear,1
iya iyaang mau reply biasa gue kong tapi gue tag bapak adek takut nganu nanti,fear,1
jembatan depan super indonesia dago merupakan jembatan dengan anak tangga tersempit dan terterjal serta pagar terpendek yang pernah gue naikin kalo nyokap2 pakai gamis takut ketinggian ini saya allah turun2 kaki lemas dan gemetar url,fear,1
username belum lama ini dia bilang kalo dia sedih melihat teman temannya ngalamin masa sulit dan bahkan mereka pun enggak mau punyagrup chatting karena khawatir kalo ada yang enggak balas malah jadi menyakiti perasaan se soft itu lho mereka terharu,sad,2
username alhamdulillah yallah makanya jangan kasih kode kalau mah ngode spesifik langsung tag kamu aku kamu aku aku kan terpancing,happy,4
ngeri tapi berusaha menenangkan diri,fear,1
kalo aku jidat yang sering tak tempelin dikaca ketika kondisi menunggu walhasil kacanya berembun njuk panik nyariin tisu,fear,1
username username mekanisme pemilihan direksi dan komisarisnya dengan cara bagaimana ya sontoloyo kan uang rakyat dipakai buat gaji bod dan boc yang model begini,anger,0
sedih banget dengar kabar kalo denise sudah keluar dari secret number,sad,2
orang bodoh jadi ustad pengikutnya jadi bodoh semua,anger,0
banyak juga boleh kak asal jangan kelepasan ngeri enggak ke rem loss pula lagi,fear,1
takut limit wkwkw,fear,1
maksudku perjalananmu ke sini tapi junsoo sejauh ini terdengar indera pendengaran roman terpampang secara mereka kan dipisah oleh chaewon,neutral,3
surat ojk palsu eazy property pt indonesia sekarang cc,neutral,3
iya kamu orangnya egois,anger,0
kukira kita bisa berteman lebih jauh bersahabat tapi ternyata tidak sepertinya dari pihakku saja yang berusaha ah sudahlah pencemburu sepertiku berhak apa,sad,2
menyembuhkan rasa sakit tanpa obat ya kayak begini bilangnya flu bersin demam tapi order es krim tengah malam kalo anak kampus bilang bm terpenuhi,happy,4
semangat buat kamu yang lagi latihan ya walaupun enggak ke notice semangat,happy,4
sebenarnya lagi gelisah dikit soalnya tadi sekolahku banyak yang positif tapi overall baik baik saja kook hbu,fear,1
8 juli 2018 terimakasih buat semua yang enggak bisa disbutkan satu persatu untuk yang terjadi di tanggal 8 juli 2018 mua username photo looping cara ent picasso cibiru jawa barat indonesia url,happy,4
untungnya sudah menemukan cowok yang sayang banget sama aku dengan apa adanya aku segala baik bobrokku yang lebih banyak kurangnya begini enggak bisa ngungkapin apa-apa lagi selain bersyukur bersyukur dan bersyukur,happy,4
dua tiga lari pagi lama lama enggak kuat beibih mas crush pergi aku sedih,sad,2
aduh butuh roll film yang ready stock fdi sini sedih takut enggak sampai entar sebelum hari sabtu huee,fear,1
galau bingung mau ngpain tapi malas mau mengapai,sad,2
lah mah kesntuh sarafnya mana genggamannya,neutral,3
saking sibuknya aku lupa jam 4 mv rilis iya sibuk sibuk mencari kesibukan sambil baca ebook heran accounting apaan awal bulan enggak ada pekerjaan,sad,2
askmf masa aku baru pacaran kemarin tapi enggak ada saling kabar kabaran lagi dimana atau mau kemana chat nya juga random saja terus aku mau ngabarin dia juga kayak mikir 2x takut dia nya keganggu wajar enggak sih,fear,1
tahun-tahun kemarin sebulan sekali lewati malino kalo melakukan pendakian skrang2 kayak sudah tidak bisa lagi capai ini tempat hahah terakhir kesini 19 july 2017 url,sad,2
aku malu aku malu,fear,1
baru kali ini pemakaian fasilitas laboratorium dikampus sendiri bayar kalo begitu uang yang dibayarkan tiap semster apa tidak termasuk di doain yang buruk apa yang baik nih,anger,0
banyak yangg aku mau belii tapi mungkin aku beli 1 2 buku saja aksks pengennya wishlist aku ke coret semua aku dari dulu memang suka banget baca buku kayak novel genre nya bebas deh kecuali komik soalnya pusing baca nya,happy,4
bangun2 demger kabar jimim sembuh tuh bahagianya,happy,4
harus nya dihukum mati itu bangsat rusak nama sumut karena dia,anger,0
jadi hmmm kalo ada dua orang sama sama sudah siap untuk menjalin hubungan yang serius masing masing dikecewakan oleh pasangannya terus mereka memutuskan untuk mencoba bersama tapi masing masing masih belum bisa melupakan pasangannya itu itu gimanayaa,sad,2
jimin 3x sehari i lu sok but juga kamu pulih bisa ngejalanin aktivitas,neutral,3
nongkrong depan rumah sama teman-teman tiap ada motor lewat di teriakin woy standaar pas orangnya menengok kita sembunyi senang,happy,4
saya tidak mudah di jatuhkan hanya dengan omongan manusia lemah yang terus mengeluh senang jika anda ingin menjatuhkan saya bersaing lah di saat kau sedang malas malasan ada ratusan bahkan ribuan orang di luar sana yang sedang mencoba menyingkirkan mu,anger,0
jangan bergantung pada peruntungan senang dan tidak happy hidupmu tergantung kerja kerasmu tulus mahakarya lagu kesukaanku biar enggak malas malesan terharu,happy,4
sayang tapi ya enggak bakal bisa bersatu sebatas suka saja sebatas teman dekat itu sudah lebih dari cukup insya allah,sad,2
iya ih sedih banget baru cek ternyata enggak bisa,sad,2
tempat sampah made ini jerman itu oke kok positif thnkng saja indonesia belum bisa bikin bus tongtong ganti scania juga pada demen kan yang penting enggak dikorupsi ajasih,sad,2
wkwkw kalo bertanya ke aku sih tak jawab santai tapi dengan tidak mengeluarkan komentar pertanyaan begini dunia akan lebih indah,happy,4
tak sempat lah nih nak balas dendam minggu depan mesti sakit dah hilang time itu,anger,0
bangun pagi dengan perasaan bahagia ingat kalo kemarin mark rilis child lagunya disukai banyak orang dan chartnya bagus bikin sender banyak beryukur sama tuhan atas segala hal termasuk hari ini bisa beraktivitas sambil streaming lagu sebagus ini itu kan yang selalu,happy,4
ketika ada kegiatan kantor di pusat yang bertepatan pada rencana tanggal pulang itu artinya adalah tiket pulang gratis senang url,happy,4
arrgh pagi pagi emosi,anger,0
jadi sejauh ini sudah ada 6 barang yang ku beli hasil flash salenya bukalapak omg dari harga yang ratusan ribu yang bahkan aku sebagai sahabat misqin tak mampu beli sekarang kebeli semua wkwkwkwk dan masih ada flash sale jam 6 sore jam 8 malam dan jam 12 malam,happy,4
malu tapi,fear,1
emm hampir setiap waktu begitu sampai panik,fear,1
ini jam 9 praktek bini wa di rs lem kertas enggak begitu besok lem nempel2 a,neutral,3
mau bertanya dong mengingatkan seseorang yang punya hutang secara berulang ulang itu baik enggak sih terus setiap di tagih jawabanya enggak ada terus kira-kira neraka no berapa yang pantas buat dia,fear,1
pas menonton dba 1 ada lagu itu ya allah mas mewek aku dikamar ditanya mama mbak kenapa menangis menonton film arema sama mama malah ketawa lo rek,sad,2
untung ada aa2 berdua ngebantuin itu posisi di tengah-tengah gelap sendiri benar-benar enggak ada siapa-siapa sampai nyalain senter hp takut ada orang dan sejenis nya,fear,1
sharing pengalaman saja kemarin jam 18 00 batalin tiket di stasiun pasar senen lancar antrian tidak terlalu rame 15 menitan dan beress semua mungkin bisa dicoba twips di jam jam segitu cc username,happy,4
all of us are dead puncaki netflix di 25 negara bikin,neutral,3
lebih asik kalo mengomongkan keberhasilan pemerataan pembangunan pencapaian ekonomi dibandingkan mengomongkan keburukan calon sebelah ataupun keburukan sih gubernur a atau b,happy,4
ini adalah hal yang paling membahagiakan saat biasku foto bersama elf,happy,4
astaga sedih banget denise tuh favorit banget deh suaranya,sad,2
kasus via vallen itu juga sering terjadi kok dari yang gue kenal orang nya sampai enggak gue kenal orang nya sering bertebaran gambar t t t di dm gue messenger wa lah yang gue lakukan block block orang report akun nya kelar,anger,0
kadang itu kalo malam terus kamar sunyi tiba ada suara cicak itu ngeri anjir gue langsung bangun lagi,fear,1
semoga total komenlah untuk hindari olokan,neutral,3
kapal gue benaran karamm bahagia selalu kalian dengan jalannya masing-masing sayonara,sad,2
menghilang begitu saja terharu,sad,2
selamat pagi mbak salam sehat penuh semangat dan selamat beraktivitas selamat berakhir pekan,happy,4
berarti wa nya sepi wkwkwkwkwkwkwkwkwkwk ngkak,happy,4
username kalau di pilkada saja photo panas bisa sebabkan orang mengundurkan diri maka tentunya di indonesian idol juga wajib mundur apalagi ini dalam bentuk video,anger,0
alhamdulillah selesai membaca buku ini semoga ilmu yang diperoleh berkah dan bermanfaat amin jakarta url,happy,4
bego pelihara yang dipelihara itu kudunya tuyul ya ceu,anger,0
terus pulang kan diantar kak yer nah bilang deh ke kak yer terus kita kak yer dikantornya tuh kakak mengajak orang weekend tapi begitu enggak ditanggepin,neutral,3
iya sih tapi ciwi ciwi ini agak naik turun jadi kita saling takut,fear,1
masih pagi sudah ada saja yang menyalakan api emosi,anger,0
kabar baik di sabtu pagii alhamdulillah,happy,4
semangat pagi,happy,4
keringet dan enggak bisa kita kontrol ini peraturan orang keringetan duduk keringetan makanya memilih duduk enggak keringetan wkwk,neutral,3
ini gamesnya bisa menang lawan para oligarki arang tapi tetap sedih karena mereka tetap berjaya,sad,2
have a nice day semangat buat hari ini,happy,4
ini ya username username kalian lucu ya masak pas saya orderada lho stoknya kok bisa2nya sekarang bilang enggak ada stok loreal pun responnya lambat banget saya tanya dari tanggal 31 dan baru drespon hari ini itupu karena saya tanya lagi bagaimana sih kalian enggak profesional banget,anger,0
kita hanya sedang mengalami masa masa sulit masa masa gelap masa masa rentan akan perpisahan namun jika kita mampu bertahan maka tidak akan yang mampu memisahkan except allah,sad,2
takpe lu teruskan,neutral,3
ya allah baru bangun dapat kabar baik alhamdulillah jimin kamu sudah cvd 19 sudah boleh pulang juga banyak istirahat ya sayang semoga bisa pulih secepatnya dan bisa nyapa army lagi i love you jiminie,happy,4
fandom orang orang 1 fandom mereka kelakuan circle ini enggak di mendengarkan haha kalo psikis ke psikiater sih,neutral,3
enggak papa sebenarnya masih bagus hasil fotonya enggak ngaruh tapi gue takut tambah parah saja,fear,1
semoga pada selamat ya anak anak itu gue pernah ke gua pindul rasanya tercekik padahal gua itu gede banget enggak terbayang di gua sesempit itu bagaimana rasanya,sad,2
4 bulan ya desember lalu gue kaget mulu kalo om gue datang takut mengasih kabar kematian,fear,1
hari nih pakai baju pink sama celana item takut dikatai blackpink,fear,1
tadinya bilang jang naeoun but then hmm ternyata untuk interesting,neutral,3
embuh jajanan sih,neutral,3
username manusialah polisi penjaga yang bertugas di sekitar makam mantan presiden mustafa kemal nah karena tinggi dan kayak patung saya tertarik foto hahaha,happy,4
gelarnya diduga palsu nyuap sok keren gunakan istilah coattail coat tail buzzer profesornya kualitasnya apalagi liqo 3 minggu,neutral,3
kesel dan sedih alias kecewa bro sedih yang tadinya semangat wts jadi agak loyo,sad,2
akan kita sesuatu namun kita akan peroleh sesuatu,neutral,3
kenalan dulu darion fc jungkook nih dan dan paham lah sikapnya jungkook jungkook ver atau ver talented bisa orang talktive dan bubbly kalo flirty dan pampering partner,neutral,3
tapi meningkat banget hasilnya bagaimana kalau ditanyain terus kamu pikir dosen cuma bakal lihat dan jadikan laporan evaluasi kita jadi bungkus gorengan ya bakal ditanyain lah bambang bikin naik emosi pagi2,anger,0
coklat request lyodra terakhir auto rj,neutral,3
sedih banget jadi luvies miskin enggak bisa bela member langsung di saat kayak begini sedih,sad,2
enggak bisa banget nyetel takut i feel gonna cry,fear,1
ini enak parss,happy,4
belum di tuduh pki dah marah lu drun,anger,0
jangan ah aku malu,fear,1
di logika saja begini sblm2nya gua dan teman-teman gua enggak pernah deket2 kamar itu enggak sampai ini setan nongol anjir gara-gara sih abang jadi nongol itu setan gua takut,fear,1
sedih kadang suka sepi tapi beda lagi sepi yang merasa kehilangan begitu loh berasa asing banget,sad,2
ya alah tolong ingatkan diri sering khilaf ini agar tidak pernah lupa menyisihkan 0 senang,sad,2
eh kepala gue pusing banget anjir tadi sudah tegang takut ditanya tanya bu naning trnyt waktu sudah habis,fear,1
kok saya yang dipilih sih takut memalukan universitas walaupun 1 kampus terdiri dari 10 orang dan tidak sendiri tapi kan ini lawannya mahasiswa seluruh indonesia ya kali bor,fear,1
di kostan gue sering muncul gue sama teman gue selalu matiin tapi muncul lagi dan akhirnya yang terakhir kita bakar sampai sekarang enggak pernah muncul lagi takut banget sama ini sumpah,fear,1
enggak tau malu enggak tau malu enggak tau malu,anger,0
please sedih banget,sad,2
ya allah mau marah tapi bagaimana ya,anger,0
om gal aku sedih,sad,2
dipenjara belaku untuk rakyat,neutral,3
jisungg selamat bertambah usia sehat dan bahagia selalu ya,happy,4
anjiir via vallen dibegitukan sama nih orang dan dia casually cuma bilang are lu angry hmm memang hal kayak begitu sebiasa itu sih buat orang luar terutama asal negara2 eropa,anger,0
collab username kali username ini selalu bikin kagum mengambil sampah lautan untuk direcycle itu benar-benar satu langkah kecil namun besar dalam menyelamatkan kehidupan laut apalagi recucle itu diterapkan di pakaian ataupun sepatu,happy,4
inilah contoh orang-orang yang belum siap bersosial media ya begini nih sudah close minded racist bodoh attitude enggak ada,anger,0
username username ppdb di sman 10 depok terlalu lama saya masukan berkas jam 9 45 pagi sampai jam 15 30 belum dipanggil juga manajemen file nya bagaimana ini mana petugas ppdb nya juga kurang info saling tanya tanyaan di meja penerimaan berkas,anger,0
thenkyu cepat sembuh buat yang lagi kena db,sad,2
jadi certnya kemarin pas ibdah ada kesaksian sih ibu sudah berkali2 di selingkuhi sama suaminya dan sih ibu tetap sabar awlnya saya pkir bodo amat ya dislngkuhin berkali2 tetap diam,sad,2
terus dosenny seenak ini diajakin mengomong terharuu enggak sih lagi ngobrolin tesis disuruh leyeh2 dulu terharu ini malaikat kok turun jadi dosen sih subhanallah url,happy,4
aku sudah sabar ya enggak marah marah atau ngata mengatai jangan ngelunjak,anger,0
deh sorg ss akhirnya orang ss sorg dsai at the end mntk kerusi lah mula2 gaduh lps,neutral,3
hari ini aku begitu menikmati sendiriku dengan maraton drakor dan about time ini mengajariku bagaimana caranya di sisa hidup kalian bisa menghargai bagian bagian terkecil yang sering kalian tidak sadari telah kalian acuhkan orang yang kalian sayang contohnya senang,happy,4
aku dong pernah ditolak sama cargloss nutrifood propan bi forisa berlico cantik jelita ini yang paling sakit karena cuman masalah shift yang belum tentu ada aku tabah kok tuhan,sad,2
ke cafe tapi cafe begitu starbucks atau roketo kalo di dom,neutral,3
yang ku takut aku menampak terus berjalan namun tak memperoleh pembelajaran seakan semua terasa aman namun ternyata hanya sebatas angan angan dan meninggalkan penyesalan,fear,1
eh lagi mendengarkan lagu playlistnua di shuffle pertama kangen dewa19 terus kamu coboyjr kahitna mantan terindah jadinya kangen kamu mantan terindah hiyak,sad,2
semoga lebaran tahun ini banyak memberikan kegembiraan ungkap menpar antusias dan dengan harapan tinggi akan program ini,happy,4
username aku sudah takut banget nih soalnya rata-rata yang pengin fk di sekolah aku saja rata-rata anak paralel tapi enggak tau juga ya kalo universitas yang dipengen beda,fear,1
dari pagi merasai sakit perut mengira mau haid sudah beli kiranti pas di cek malah kagak ada plis atulah haid sekarang saja biar bisa ikut solat ied,fear,1
gue kayak orgil ngulang2in child sampai menangis apaansi sedih gue sedih banget liriknya anjengg,sad,2
hebat mantap luar biasa,happy,4
sudah saatnya menjadi singa yang garang dan terhormat bukan lagi menjadi anjing penjaga kepentingan yang memberi makan url,anger,0
mari marii semangat,happy,4
bakal kalo lu dan b ingg sumbernya juga berbahasa inggris 3 kalo lu hafalan atau teori lu lu bakal teori teori umumnya tokoh tokoh psi,neutral,3
mana banyak adkel alias malu banget sedih,sad,2
username username memang goblok kau ini kafir saya bilang masyumi vs pki zaman soekarno soekarno yang membubarkan masyumi zaman soeharto masyumi di izinkan kembali he anjiang kurok ang lai bisa baco ang jiang,anger,0
bego ya begi diba astaga,anger,0
deh lah emosi mulu lihat emyu,anger,0
sebenarnya enggak pengin ikut ikutan jadi panitia pemilu tapi bagaimana ya ada duitnya sih lol enggak juga deng hmm lebih ke pengin merasai bagaimana jadi panitia pemilu begitu dan baru tau kabar soal kecurangan kotak suara itu benar adanya sungguhlah manusia2 ini,sad,2
mengurus point for me,neutral,3
sedih budush bila adek orang mengingatkan mu mende hok lepas sakit sia,sad,2
lihat vlive kemaren2 di memegang hp jae terus hari ini jae memegang hp di seram enggak kalo screennya locked terus mereka bisa buka lock hp satu sama lain pakai fingerprint seram lah,fear,1
username bullshit mereka semua yang akan sebagai nasib bukan pada para tokoh maupun tokoh tapi ada pada kekuatan rakyat,anger,0
throwback video launching lagu takkan terhenti disini di tahun 2010 dimana salah satu kakak saya yang ada di video ini sudah meninggal 3 tahun lalu hoek hiks username username url,sad,2
tuhan izinkan aku bahagiakan orangtuaku sebelum akhirnya mereka tertidur di peristirahatanya yang terakhir,fear,1
bangsat lu juga member malik anjim,anger,0
username hadir min salam ane di segmen salsa icikiwir meminta tapi long bacain ya username username username trimakasih,happy,4
tadi aku happy sekali ke one fifteenth cofee inet cepat ada colokan ngerjain inter dengan damai pantas pada betah di coffee shop lama lama,happy,4
dikarenakan ada beberapa yang ngaret datenganya dan takutnya waktu buat nongkrong jadi kurang ngarti sih niat nya pengin mengobrol lama setelah sekian lama enggak ketemu ya cuma kasihan sama panitia nya dong,sad,2
hey kamu tetap semangat ya semoga cepat pulih jangan lupa istirahat yang cukup eat well minum vit speed recovery bestie,happy,4
terima kasih username sudah memberi pelita pertelevisian dalam negeri walau sekarang banyak channel kiam gencar berusaha menyuguhkan tayangan gelap tapi kalian enggak ikut-ikutan url,happy,4
ini maksutnya malu shy apa malu palu sih yang jelas dong,anger,0
apaan ini trending nft jijik banget kalo mau abisin uang di hal yang enggak membahayakan bumi bisa enggak sih tolol,anger,0
bangsat banget,anger,0
takut takut,fear,1
pagi pagi sedih karena dari tadi ngegambar tapi hasilnya aneh semua wkwkw tertawa miris,sad,2
kalo deh parfum kan mirip2 bentukannya kalo bed diekspedisi btw berapaan jualnya,neutral,3
streaming nya enjoy sih soalnya lagunya enak hehe,happy,4
why rasa sedih lah hari nih smlm tengok ada lagi pagi nih dah takde hurmm apapon sangka baik,sad,2
terimakasih papap terimakasih selalu ada terimakasih selalu siaga terimakasih selalu mencukupi terimakasih selalu memaklumi terimakasih selalu bersabar terimakasih selalu,happy,4
enak banget pjj aku ptm sedih,sad,2
berteman 5 tahun hasilnya begini sedih banget,sad,2
enggak usah menambah emosi tad,anger,0
kusut je pagi pagi gelak macam takda hari esok,sad,2
asik permainan emosi dimulai yang bermain dan terlibat ngeri ngeri sedap siap2 nyiapin pukulan tangkisan indikasi sih positif 100 melawan hukum cuma upaya mencari keringanan saja tamatlah sudah karier2 yang didapat dengan cara enggak berkah,fear,1
alhamdulilah tmksh tiara lu tapi cantik dart ava oy,happy,4
semangat harinya kak semoga banyak orderan ya,happy,4
sahabat el john bentar lagi username bakal ngebahas logo wonderful indonesia yang berhasil wara wiri di moscow rusia wow keren banget ya sahabat el john info selengkap nya sebentar lagi stay tune ya,happy,4
saking takut salah mengetik mau ngechat ke dosen wali gue ngetiknya di note dulu setelah itu perbaiki perbaiki copy paste ke roomchat cek cek cek lagi delete buka note lagi perbaiki perbaiki buka whatsapp close gajadi chat deh mules gue mau pup dulu aku lemah,fear,1
sudah lama enggak on tl gua jadi sepi mengecewakan,sad,2
zzullucia kesian banget tadi mau poto berempat itu bb gueseleborratu disusun buat ganjel hapenya nucil biar bisa pakai timer sedih tapi agak lucu wkk sad sedih darimana ya hmm sad sangat kopong sedih kali lah sad dulu tak mampu hantar anak ke pengasuh kalo about rm1k first month sje sok trpkse berulang dari kg mak ke kalo 2hr plus travel pegi balik husband keje state lain sedih weh igt balik sad punya fb khusus hype mashiho tapi sepi anjr giliran gue up member lain rame deh ku hapus sekarang mau buat lagi menyesal ngehapus sad padahal deh gea baru dapat penghargaan sudah dibuat sedih lagi sama tim tolol sad sedih banget sad 12 tahun lebih bareng terus bagaimana enggak sedih pas ditinggalin sad ikutan sedih malah ikutan menangis pas dijauhi dan teman yang paling dekat sad tau enggak sih kalo hari ini itu berasa kayak bahagia tapi sedih juga sad orang orang di tiktok kok jahat banget sih sedih padahal lockey lagi sedih kenapa terus saja di buat makin sedih heh sedih jahat banget sad akun gue makin syepi sedih benar sad haha iya meanwhile yang kumau tuh nendo nendo pls halo gsc sedih banget orang rerelease figure deh apakek astaga sad sesaat sebelum lepas landaas biasanya enggak begitu sedih kok sekarang sedih campur ngantuk juga sad aku menjadikanmu sesempatnya tak seperti dulu yang selalu ada adalah bentuk kecewa yang tak bisa ku ungkapkan karena masih tersisa sedikit rasa yang menjadi pengalangnya semoga bisa cepat hilang sepenuhnya sad lihat mv teaser wonpil jadi galau ih lagunya sedih kayaknya huhu sad jujur ya gue enggak pernah dengar kabar mipa 3 benaran sepi itu kelas dan kayak angker bagaimana begitu sad sedih sih karena video ini jadi banyak yang enggak mau ke dokter perempuan dokter yang jaga di klinik tempat gue kerja kebanyakan perempuan dan semuanya detail jelasin penyebab keluhan pasien mau pasien selama apapun cerita soal keluhan tetap dijelasin sampai pasiennya mengerti sad ini kuota dari kampus enggak turun apa ya sedih amat duit habis buat beli kuota doang sad baru kali ini bangun tidur dari kosan merasa sepi padahal biasanya dibangunin sih mirza ran tangi kelas esuk apel,sad,2
oke an ini buat pertama dan yang terakhir kalinya pergi kehotel enggak pakai mandi pakai sendal jepit dan sudah macam gembel sudah sampai hotel disuruh naik tangga dan keselnya ada lift disana kenapa disuruh naik tangga untung lagi puasa ini mbak mbak,anger,0
kamu kok dan teman kamu bisa dm nder,neutral,3
rame apa sepi nih kasih info yang jelas kenapa,anger,0
malas sekali ya dinas malam orang tidur saya kerja sh sekali cuma pengin libur tahu huft at rumah seni triplek,sad,2
mau jalan kaki diluar kosan tapi takut kena jambret karena mau nenteng kamera dan handphone alhasil gabut dalem kamar sendirian dengan laptop dan kue basah pemberian kamar tetangga,fear,1
sudah resign dari tempat kerja tapi kok masih degdegan ya takut kalo ketemu mantan bos di jalan menangis kenapa,fear,1
avail hari besok 11 tak ghosting malah kamu vibes bilang om om dan jokesnya juga ditambah humor terus sayanya,neutral,3
halo polisi halo densus 88 halo divisi humas polri kok masih ada saja akun kutil lendir penuh kebencian dan ada unsur provokatif begini di biarkan exist di sosial media instagram cc username url,anger,0
sayah baru kemarin kali ini meramaikan masih sambalnya tiba,neutral,3
benar sih di tempat ku kerja suka ada kakek2 sudah tua banget mata nya katarak jalan nya juga pelan banget kesusahan dia mikul jualan tape dll kadang sudah sore pun dagangan dia masih banyak aku kadang menangis sendiri ini anak nya mana serasa melihat ayah sendiri sedih banget,sad,2
saat sih bodoh dengan kebodohannya di saat itulah sih dengan ilmunya,neutral,3
habit mengacak2 kedaulatan nkri lalu kabur ini tapi yang dibilang rendah hati dari sudut mana kecoak2 ini meli,anger,0
wanita ini pamer ogah beri tip ke pelayan ternyata balas dendam karena pernah jadi korban ghosting,anger,0
sedih banget gua yang mengurusi segalanya gua yang enggak ikut sedih,sad,2
sei ini ya gue baru bangun tidur sudah bikin emosi saja,anger,0
begitu bangun dapat kabar baik dari jimin,happy,4
bersyukur sekali karena berkatmu aku juga bahagia dan merasa nyaman ingat taehyun tuh bawaannya happy semoga panjang umur dan sehat selalu untukmu yang juga salah satu sumber bahagiaku,happy,4
dan di saat bersamaan di abang tapi juga autumn abang hobi,neutral,3
hai nottie semangat ya hari ini jangan lupa sarapan yaapy weekend paw,happy,4
tbtb dikirimin kuis tebak mana fotoku dan salah nebak malah marah marah kan enggak kelihatan,anger,0
inconsistent serba dengan dan logika,neutral,3
bodoh ajgg,anger,0
kasihan dan ikut sedih cari aman tanpa foto tanpa upload dan lainnya kalo enggak jangan di dunia homo,sad,2
lo takut enggak sih anjir selasa depan anjir treasure benaran coba ya,fear,1
iya itu benci banget makin hari ada saja peraturan enggak jelas kayak begini huhu,anger,0
berasa baca novel sejenis novel dek lestari karena informasi sangat riil tapi ternyata ini kisah nyata sebuah kasus cacat hukum,happy,4
aku rindu tadi malam sebenarnya tapi sinyal menahanku jadi aku lanjutkan saja siang ini username aku rindu sedih,sad,2
fukudako bali masih menjadi ramen terbaik di lidah dan selera saya enak ramennya puas porsinya kenyang akhirnya,happy,4
wih keren mau kelihatannya enak semangkanya disendokin begitu berasa kayak di drama cina,happy,4
pin nanti kamu blan juni ikut tidak pertandingan bulutangkis khusus buat rw saja saya mau ikut tapi nanti saya pasti cewek sendiri sedih kaya dulu,fear,1
paling dengan kisah nya danan dan cahyo baru di tweet baru kisah desa dan alas pengin kisah tapi bingung bagaimana nya baru di tweeter,neutral,3
i biasa i balas dendam kalau dia main game melampau lampau i palau msg dia sape rasa adil tibee,anger,0
doi lihat tadinya mau di bersihin sama doi tapi tidak enak kali sama yang lain,sad,2
hampir kok masih halu mbak mbak urus harta paling adalah mbok deh orang bahagianya diganggu2,neutral,3
namanya juga perasaan enggak bisa dibohongin karena biasanya yang bikin jatuh cinta dan yang bikin nyaman itu orangnya beda cewek sama cowok misalnya senang selamat sore jangan lupa minum senang minum yakult tiap hari url,happy,4
sedih sih sebenarnya tapi thank you denise sudah bekerja keras saat bersama semoga uri mm maknae lockey bisa sukses terus ya berkarir diluar sana ditunggu karya denise yang lainnya dan musik yang denise suka bisa segera menjadi album ya,sad,2
enaknya tuh makan bakso makji soalnya dari pagi hujan terus pengin beli makan tapi takut tiba hujan deres lagi,fear,1
gue tadi di sekolah kucek kucek mata kan ya habis itu banyak bulu mata yang rontok auto panik nih takut kalo gundul sebelah nah bulu mata tuh bisa tumbuh lagi enggak sih sedih,fear,1
bodoh lah takda flight terdekat,anger,0
karena kita kerap meletakkan seluruh angan dan harapan akan kasih sayang bukan pada sang maha pengasih dan penyayang itu sebabnya tak habis habisnya kita merasa dikecewakan,sad,2
aku deh terbayang anak aku sedih tengok ryan,sad,2
gua tau sekarang harus apa enggak cuma raga yang bakal gua bawa pergi nanti tapi juga jiwa gua enggak tau bakal ketemu mereka lagi kalian lagi lo lagi atau enggak akan pernah lagi,sad,2
melihat susunan kepanitiaan inagurasi ospek jurusan dan porangkar ini membuat saya sakit kepala dimana letak ketenangan tahun ketiga yaallah dimana,sad,2
lumbung mereka beras mereka mereka kemudian datanglah mereka dan bagikan sepotong roti katakan mereka kamu dan ingin mereka yakinlah dengan begitu kamu akan dicintai mereka kemudian mereka memilih mu raja,neutral,3
aku benci kenapalah korg tepuk masa nih hoi,anger,0
tapi sedih sama captionnya love my tannie,sad,2
tiba tiba teringat dulu pas ospek ada senior yang baik banget sama aku sampai diajak mengobrol pakai bahasanya dia aku enggak mengerti dong ternyata dia pikir sekolah asalku dari provinsi dia padahal beda haha tapiya tetap baik sih cuma dia agak malu saja tiap ketemu,happy,4
kadang kalau lagi deep talk sama ayah suka mau menangis saja apalagi kalau soal pendidikan ayah gua pengin banget kalau gua kuliah karena memang kakak sudah enggak kuliah bukan karena biaya kakak gua enggak kuliah tapi sudah keenakan kerja jadi dia malas kuliah,sad,2
gue enggak mipa 3 enggak kedengaran nya,neutral,3
sumpah bukannya gue enggak nyaman cuman gue takut malah suka sama lo kenapa lo enggak peka sih kak gue jadi lebih diam tuh biar gue enggak jatuh lebih jauh,fear,1
tanpa jarak maka kerinduan hanyalah angan tanpa jarak maka tak akan jelas aku melihat kerupaanmu tanpa jarak maka tak ada yang benar benar aku nanti,sad,2
jam 2 malam menonton video video penampakan di yutup takut sih mana lampu rumah gue matiin semua,fear,1
mak lampir dibully karena memberantas nyamuk yang tidak pernah tuntas dan selalu gagal menyelamatkan sang penguasa akan tetapi selalu tampil seolah olah apa gicuuuuu padahal kita semua sudah tahu dari dulu bahwa aaahhhh sudahlah,anger,0
lagu ngegalau kelas 10 pas lagi jaman jamannya galauin cowok yang seharusnya enggak gue galauin haha dasar bodoh,anger,0
sudah biasa kalah dan tersakiti,sad,2
tapi sok far enggak ada yang aneh sih kak malah banyak yang support justru lebih ngeri netizen di ig kayanya wkwk jangan dikunci sayang kak,fear,1
food test rendang bebek lagi oleh bapak uyul juragan kuliner pemilik warung kopi username alhamdulillah lulus uji katanya cociiiks dan disarankan langsung dimainkan she url,happy,4
ya benar sebagai manusia kita hendaknya saling mengingatkan pada kebaikan karena pantai gunung dan lautan hanya mengingatkan kita kepada mantan url,sad,2
6 setelah vaksin kedua baru bisa ke 3 enggak papa kok demamnya koj,neutral,3
aku arep golek bubur isuk2 enak ketoke cuma mager men arep metu adem wkwkw,happy,4
sedih muka cemberut dont be sad baby,sad,2
suka banget ya dikasarin giliran ditampol benaran nangess dasar orang enggak jelas,anger,0
acha lucunya kamu dipegang enggak mau digendong enggak mau dipaksain di gendong 2x menangis diam menangis diam terus giliran di ajak selfie berkali kali ujung ujungnya nyium pipi kaget loh ante ini cha kamu main sosor saja url,happy,4
username username username negara mana didunia ini yang bisa memendam liberalisme afganistan pakistan iran termasuk negara maju enggak mereka sekarang negara mana yang masih menggunakan khilafah,anger,0
bismillah pacar 2 adek 2 bagaimana uas kemarin semangat tinggal seminggu lagi tapi kangen sih,happy,4
yang ditanyakan lagi nanti ada di dalam artikel itu terus kalo enggak puas bikin deskripsi sendiri di hujat hujat sendiri,anger,0
un sus un bisa ke unlock all case 5k acc unlock 7k acc unsus 10k acc payment dilakukan di akhir a uns perm,neutral,3
bangsat gue lagi nyanyi nyanyi di dapur ternyata ada orang luar yang lihat dari pintu dapur,anger,0
mamakku itu memang cantik banget mamaku dulu mamaku suka porotin duit cowok wkwk sekarang alhamdulillah tidak mendukung ke anaknya,happy,4
mereka akan ibukota halu,neutral,3
mornin pagi pagi ada kabar bahagia,happy,4
membeli kolak untuk berbuka puasa biasanya habis tapi tadi tida mau dibuang sayang mau dibesokin takut basi teringat kita nyokap siapa tau berkahnya disuapan terkahir akhirnya dengan segenap jiwa raga kuhabiskan kolak tersebut,fear,1
gemas banget sama orang yang masih menganggap wajar pelecehan sexual secara verbal mau verbal atau fisik atau apapun itu tetap tidak dibenarkan,anger,0
yang sedang saya alami kemarin saya ada hubungan sama seseorang 3th aku sama dia kita sudah sama sama dewasa saya berusaha finansial tapi dia malah santai kayak enggak mikir bagaimana caranya saya sabar telaten sama dia tapi dia seenaknya saja,anger,0
niat mau bikin 13112th1 4y tvv1130n tertahan karena lagi bimbang ragu,fear,1
ya kalo mau poligami ikuti sunah rosul tunggu istri pertama meninggal dulu dan lu nikah sama nene2 yang sudah tua dan miskin buat diurus bukan mau enak nya doang tolol,anger,0
kehendaki padanya akan menimpakan padanya hari bukhari perjuangan penerapan syariah,neutral,3
habis makan di bumen makan sosis padahal aliando bilang sudah kenyang dan dia mesen sosis mau yang size xl untungnya kosong dan akhirnya yang l gilasehhhh lo username,happy,4
terong enggak enak flop banget,happy,4
enak nya,happy,4
bersama segenap dewan guru terimakasih telah membimbing anak kami selama ini bu semoga ibu ibu semua dimudahkan segala urusannya dan ilmu yang ibu ajarkan menjadi amal jariah yang pahalanya akan terus mengalir ke ibu selamanya url,happy,4
username kalo aku yang lebih ngeri itu dompet hilang kalo yang lain mah paling ngerinya cuma sesaat nah kalo dompet hilang bisa galau berkepanjangan karena didlm dompet bukan cuma ada duit tapi ktp sim atm kalo hilang kan gawat bang,fear,1
iya juga kok kdng2 apdet scroll2 tok,neutral,3
di day aku benar berdoa yang terbaik buat kamu semoga bisa sehat dan bahagia selalu diberi kelancaran dalam setiap hal yang dilakukan terima kasih banget sudah terlahir jadi jungmo yang senyumnya selalu berhasil bikin aku mesem mesem part 1,happy,4
kga enak rasanya,sad,2
entah sampai kapan gue bisa pergi jalan tanpa ada perbebatan dulu ya begini memang anak sulung mau pergi saja enggak dibolehin gegara adek menangis kejer dan pengin ikut menempel mulu sudah kayak perangko hm,sad,2
posisi sendiri itu memang enak tapi kalo lagi merasa sendirian enggak enak banget tertawa kalian begitu juga enggak sih,sad,2
heran seegois itu jadi manusia datang menjalin karena pas lagi sepi meninggalkan semua karena bosan dan mulai tak sehati menjatuhkan karena terasa terlalu baik dihati,sad,2
username saya tidak percaya ktp akan jadi 1 2 hari karena saya juga tidak percaya anggaran e ktp di korupsi oleh para anggota dewan yang terhormat mungkin bapak lebih tahu atau pura pura tidak tahu url,anger,0
sakit hati tapi enggak berhak marah juga karena bukan siapa-siapa,anger,0
kok gue sedih ya gue menyesal kenapa gue enggak kenal bawa nya pas dulu saja sih pas pertama mereka buat series yang katanya tuh masih adem ayem saja rasanya kenapa gue harus merasai di moment sekarang sih yang isinya tuh cuma war terosssss jujur saja gue memang masih awam banget kenal bawa,sad,2
hello adek kesayangan nuna selamat dirgahyu yeayy adek nuna sudah makin besar sekarang semoga lebih bahagia lagi dan lebih manis lebih tampan mempesona,happy,4
tiap malam kayak begini aku selalu resah tentang semuanya yang telah terjadi dan apa yang akan terjadi esok 2 malam ini aku resah karena berita yang muncul tanggal 25 kemarin,fear,1
cuping marah,anger,0
sedih memang kalo ditinggal teman ngebucin sedih enggak ada waktu main sama teman sedih karena pengin ngebucin juga,sad,2
sudah dua hari ini makan tak enak tidur pun tak nyenyak kegelisahan ini gue tuliskan alhamdulillah username mau menampung keresahan umat aksi bela via vallen dan pesan seorang jakmania kepada abang simic url,sad,2
alhamdulillah sekarang kurma bukan hanya bisa di panen di tanah arab saudi tetapi juga bisa di panen di pekanbaru riau,happy,4
iya sudah pengin ikut tapi dari kemarin malemnya kayak kurg enak badan pilek batuk eh ktrusan samp sore jadi enggak enak mau prgi2 pengin halal bi halal ath entar yuukkk,sad,2
malas packing tiap mau pergi tuh pulang malas kalo suruh packing penginnya bisa punya tongkat sihir terus langsung memasuki barang2ny ke koper dengan rapi,sad,2
bukan lockey tapi sedih banget denise hengkang dari secret number menurut gue denise dan monday vocal terbaik di gen4 sih menurut gue ya jangan salty ditambah lagi mereka dari company kecil,sad,2
oh ya enak dong,happy,4
ini pertemuan diundur lagi kemungkinan besar bebas visa diundur lagi memang sih ini negara php tingkat tinggi username username username username,anger,0
sedih wkwkwwk,sad,2
rejeki itu pas mau masuk parkiran diserobot mobil lain padahal jam2nya parkiran penuh maklum lah biar kalo ada yang kosong bisa dapat duluan eehh pas depan pintu masuk banget ada mobil lagi parkir mau keluar amp,anger,0
bikin kaget anak orang,fear,1
diaku enggak banget jerawat makin meradang sampai sekarang on off mulu sedih banget aku senang,sad,2
pagi tiba tiba baca banyak berita di tl cebong ngamuk ngamuk dan cari banyak alasan tentang dewa nya tidak di hargai luhut saat pidato cebong menghibur diri pura pura bahagia cebong cebong bodoh idiot kalian itu permanent mentang mentang gratis lo ambil semua bodoh nya idiot,anger,0
semangat noona boleh habis ini sekalian bersihin akun gue senang,happy,4
rlt im not ready for tomorrow aku cuma takut bakal ada hal buruk besok hari aku juga enggak punya sahabat yang brng senang sedih aku jadi ngejalanin hari makin takut,fear,1
mereka tiang kita kok,neutral,3
juga begitu mikinya kalo kehamilan pakai dokter dipakai ku mereka aman,neutral,3
bedsheet kan je ke pakai katil king guane,neutral,3
ketika naik gojek dan mas gojeknya enggak bisa mengomong dengan pendengarannya terganggu tapi mereka masih tetap berusaha kerja keras meski memiliki kekurangan pantaskah kita selalu mengeluh bersyukur lah dengan apa yang diberikan tuhan kepada kita senang,happy,4
ya enggak salah sih itu akun rp kasih saran agar doa cepat terkabul cuma ya lebih kasihan lagi sama yang sudah mencoba sarannya tapi ternyata malah enggak terkabul2 doanya,sad,2
oh ularrr saya paling takut dengan ular ya allah janganlah hantar tetamu ini dalam hidup ku sesungguhnya aku mampu sabar dengan manusia kaki belit tapi tak mampu sabar dengan belitan ular yang menggelikan,fear,1
kenapa ya kalo melihat orang lain melakukan itu seram tapi kalo melakukan sendiri berani kalo sudah melihat pasien tuh kayak jadi bisa melakukan apa saja buat mereka begitu,happy,4
pernyataan paling mengganggu telinga malam ini keluar dari mulut jubir pemerintah ali mochtar ngabalin pemerintah adalah representasi tuhan di muka bumi makin dekaden nalar demokrasi kita kalo pandangan begitu dibiarkan menguasai istana ternyata sama saja dengan pak tua itu tuh,anger,0
alhamdulliah jimin happy banget dapat kabar baik sehat sehat terus ya kesayangan banyak orang untuk yang lain juga tetap jaga kesehatan ya,happy,4
bangsat benar karena pelakunya adalah guru yang seharusnya mengayomi,anger,0
sadarkah kamu kalau hati papa merasa cemburu saat kamu mulai lebih dipercaya dan papa melonggarkan sedikit peraturan untuk keluar rumah kamu akan memaksa untum melanggar jam malamnya,sad,2
maka yang dilakukan papa adalah dudum diruang tamu dan menunggumu pulang dengan hati yang sangat khawatir dan setelah perasaab khawatir itu berlarut larut ketika melihat putri kecilnya pulang larut malah hati papa akan mengeras dan papa memarahimu,fear,1
daritadi tuh menangis melihat foto tae sudah ilangin mulletnya apa dia tau ya banyak yang gasuka sama mullet dia kalo kalian sayang bts seharusnya kalian juga bisa menerima apapun yang mereka lakukan dong kalo sudah kayak begini enggak bisa di seselin lagi sudah terjadi huhuhu sedih banget,sad,2
ajarkan kepada anak lelaki tolong opininya jangan kelewat tolol,anger,0
video yang diatas yang tulisannya dulu itu pas kapan di ilc juga ya bahas tentang apa itu iya kecewa sama pak mahfud,sad,2
senang banget pagi pagi dapat kabar bagus begini syukurlah jiminnya army sudah sembuh sehat selalu jimin,happy,4
sampai teman teman aku ingat aku suka banget sama lagu ini haha,happy,4
sayur pak deh,neutral,3
enggak pernah juga di line 91 92 enggak kan enggak nder,neutral,3
username kurang jelas karena ku molor paman tapi sepertinya itu pas puteran balik dan sih motor langsung masuk jalur busway jangan ikutan begitu ya pelisss gue horor lihatnya,fear,1
baca thread fangirl mahasiswa anti kupu2 tuh rasanya ah sudahlah gue sudah bukan mahasiswa lagi senang gila memang melawan diri sendiri itu buat gue susah banget,sad,2
baiknya gubernur anies baswedan dimosi tidak percaya biar lengser username username username username username username username username username username url,anger,0
enggak rambut gue auratnya kelihatan enggak begitu kalo gue,neutral,3
kangen mama sedih buat teman-teman yang masih ditemeni mamanya ataupun kedua orang tua kalian sangat beruntung sayangi mereka selagi masih ada kesempatan url,sad,2
iya sedih banget padahal sudah menunggu dia comeback lagi sama sn,sad,2
terinspirasi dari kekuatan doa yuk zuhur ini kita saling mendoakan saya titip ke teman-teman doakan untuk kesembuhan ibu dan kelancaran prog dakwah saja teman teman mau titip apa komen saja di bawah yang malu komen cukup like saja entar di doakan yang baik baik,happy,4
lagi hamil dan ikut tantangan ini my feelings gerakan cherly juno bikin ngeri dengan perutnya yang sudah membesar begini goyangan cherly url,fear,1
logika saja katanya tapi tweetnya muter muter di situ saja pakai perbandingan nikita mirzani dan dp lagi yaelah kecoak terbang url,anger,0
nih betul-betul punya marah,anger,0
enak ya metal bong bobok di hotel prodeo di pecat mak mega hahahahaha makanya jangan sok metal lo kelar hidup lo terjerat ott pdip pecat bupati purbalingga url lewat username,anger,0
belajar agama yang tuntas jadi enggak mengarang dalam hidup isa saja disebut2 dialquran terus lu mau jelek2in isa bisa baca alquran enggak url,anger,0
meskipun cara yang dilakukam dilandasi kasihsayang tapi saya pribadi tak suka dengan cara orang tua yang mendidik dengan memukul anak di depan orang banyak,sad,2
semangat dong ah,happy,4
berarti gravity probe b sudah menyerah oke fix kamu ini baperan bodoh dan ingin terlihat pintar mengaku psnteis yang dibicarakan perasaan huek pakai simbol biar kelihatan anak pintar mengerti atom padahal enggak tahu apa-apa malu aku malu karena ketahuan bohong,anger,0
takut banget bocil tetangga lagi sakit yang tadinya mau menghirup udara mendung akhirnya tutup pintu lagi,fear,1
gue benci banget sama mantan,anger,0
kokk enak tau mcam kiko,happy,4
soobin sedih aku sedih peliharaan kesayangan ku mati i can t stop crying kemarin tiba-tiba enggak mau minum terus lemes juga kalo ke dokter hewan jauh dari tempat tinggal ku i can t lose her sedih wht should i di sedih,sad,2
ya allah pengin banget deh waktu itu berhenti berputar perasaan makin kesini setiap menit enggak kerasa banget tahu tahu sudah sejam saja padahal cuma baca baca artikel di internet doang,sad,2
mjb kak coba sambil mendengarkan lagu yang mellow sedih begitu,sad,2
mendengar hp bunyi teh sekarang malah takut takut dapat kabar buruk,fear,1
kalo marah balik kayak anjg lah,anger,0
baru mengirim kantor pertanahan parepare,neutral,3
oiya ketinggalan sosis telur jauh2 ke pasar wadai sampai sana eh sudah habis besoknya balik lagi sama pengin bakso isi super pedas juga kehabisan yang ini belum kesampaian,sad,2
baru ngerusuh di balai desa terus pas mau pulang tadi bu lurah bertanya mbak ulfah itu temannya yang satu ke mana sih kok indak kelihatan hah teman saya buk o o bu lurah iya yang biasa bareng dari senin indak berangkat lho wait dari senin,fear,1
280122 tes ag hasilnya negatif seninnya offline orang selasa ngurung di kamar rabu sore akhirnya ke teman pulang juga hehe,neutral,3
sepertinya opung masih dendam bu,anger,0
benci banget sama kumpulan ibu ibu,anger,0
dearest sender sini kak vin kita mengobrol kak vin mendengarkan keluh kamu sekalian untuk keresahan dan kamu tentunya judgemental kok kamu hubungi,neutral,3
sekolah itu biasanya ramai tapi ramai karena makhluk tak kasat mata wkwkwk bikin merinding,fear,1
kasihan yang sudah ngincer sekolahan pakai usaha belajar dan nilai ya sktm kalo nilai bagus enggak apa-apa harusnya ada evaluasi bagi yang sktm tapi enggak sesuai target nilai dimutasi begitu kenapa sekolah enggak pakai sistem mutasi,sad,2
opini lo yang nomor 3 bodoh zaman nabi poligami itu untuk ngebebasin wanita dari budak dsb kalau kata lo disini lo cuma mau cari enak di lu saja sumpah gedek banget gua manusia modelan begini,anger,0
gue enggak melihat ada yang salah dengan apa yang dilakukan via valen kalo dia tersinggung dan diumbar ya suka suka dia kalo dia selo dan bodo amat ya suka suka dia juga lu juga kalo dapat chat driver ojol enggak sopan juga merasa entitled kan buat ngamuk disini wkwk,anger,0
hahhaa mengakak banget bin malu pastinya wkwk terus ketahuan enggak siapa yang cepirit,happy,4
username happy anniv bil wkwkwk langgeng terus sama radiiitt gila radit niat loh foto foto ucapan annivnyaa sampai dibantuin juga sama cewe2 disini senang,happy,4
semangat hari ini jangan lupa sarapan,happy,4
kaget mengira kelirik taunya bukan as lihat akunnya,fear,1
dari wajah pak jokowi apanya sih yang kelihatan cina nya itu polower nya sih botakndut mustopa masih ada yang menuduh p jokowi turunan cina lagi stres urusan kantor jadi stalking sana sini hihi,anger,0
yakin ilangin mie ayam kok aku ragu,fear,1
semangat kak ica,happy,4
dasar netizen ymc kayak begitu disalahin swing begini disalahin juga jadi yang benar siapa yang benar itu aku istri sah nya woojin,anger,0
masih belum terbiasa dengan twitt mereka pakai english but thank you username for memakai itu easier tapi watching them url,happy,4
username sekolah pangan mana kak hihi menyenangkan kan ikut kelas kayak begituan kak healing banget sih buat aku jaaah salfook wggwgwgw hooh kak bahkan banyak hotel yang mencari tau kak buat dresssing salad gilingaaaan naik kasta banget itu kemb,happy,4
sejak kapan masyarakat dilibatkan sesama dpr dan dilibatkan oleh beliau apalagi masyarakat mic dimatikan orang,neutral,3
mode mode mengintai,neutral,3
karunya teuing ih semaleman khawatirr enggak ada kabar,fear,1
username apa ya aku biasanya pakai shopee sih kalo apa apa trauma euy ditipu ratusan ribu coba saja ktp real dia atau enggak rekening atmnya kalo kamu ditipu tinggal laporan ke polisi iya enggak sih,fear,1
gue yakin kedepannya lockey sedih kalo lihat gambar ini,sad,2
dan enggak masuk rekomendasi ulama versi pak username tapi kita biasa saja malah enak menonton langsung rausah rekomendasi rekomendasian jadwal padat setahun ngundang sekarang buat tahun depan url,sad,2
rakit merakit jangan lupa bahagia,happy,4
mih fatih deh bisa selfi dong pakai hp deh ahma ini ah orang humble ahma orang perasaan tertekan dan sekian tausiah fatih,neutral,3
ular buaya tikus juga dipanggang,neutral,3
semalem deh keburu tidur pagi menangis banget kagett denise sudah ngonfirm dia keluar demi apapun sedih banget aa tapi semoga jalan pilihan denise baik bagi dia dan dia bahagia sukses terus denisee tapi aslii kenangan gua ngestan sn jaman ada denise teringat terus jadi kangen,sad,2
reyna tuh segala pengin belikan martabak buat emak sama si jesi kan jadinya mas al sedih terus nanti pasti nino dower bakalan bilang ke mbak andin kasihan banget kamu mas al,sad,2
kenangan tetap ada tapi jangan terfokus disana hidup lo bukan untuk kenangan tapi buat masa depan tetap semangat,happy,4
siapa yang bilang punya anak menyenangkan teros sodorin anak yang tantrum karena ngantuk tapi enggak mau bobo istigfar kenceng2,anger,0
kalo dipikir pikir seram juga ya kalau semua orang bisa meraih mimpi mereka kan siapa tau mimpinya jadi kayak pol pot atau siapa begitu alias menyusahkan banyak orang tapi ya sedih juga kalau ternyata kita lah yang enggak bisa meraih mimpi itu tapi ya bagaimana lagi yekan,sad,2
sore sore harusnya bisa tenang ini malah deg an gegara dikagetin enggak jelas,fear,1
nanti dll takut orang bayar utang mamakku,fear,1
angka covid lagi naik kalo masih dilanjut event offlinenya asli bodoh sih nih brand,anger,0
username username username ada di beberapa tempat sudah disediakan tmp contohnya pasar gembrong tetap saja yang dipakai trotoar kami menghargai pedagang tapi negeri ini juga punya aturan agar semua happy,anger,0
jeyop kamu itu ceriminan diriku terus hidup bahagia ya sampai akhir hayat kita jangan sampai sakit sehat terus makan yang banyak terus ciptakan karya-karya yang luar biasa sampai ketemu ditahun berikutnya,happy,4
character developmentnya sih gua paling suka walaupun memang filmnya pertamanya rada apa sih dan ostnya bagus semua gapaham,happy,4
kaget plus deg degan pas ada pelanggan cewek yang negur saya pas lagi nongkrong di cafe kayaknya sih anak kedokteran ya bening sama cantik banget heran mana suaranya lembut banget lagi jadi teringat suaranya kak yessica,fear,1
semangat good luck,happy,4
srs benci giler dengan orang yang tak sabar n tak hormat cuti orang,anger,0
username username enggak lah mengapai sih orang kemarin sudah studi banding ke mamarika tuh hasilnya sudah kelihatan kan bakalan ada jalut becak way,anger,0
takut banget loh ada cacing kepanasan ahah,fear,1
innalillahi wainna ilaihi rojiun semoga almarhumah ibu diterima amal baik nya dan diampuni segala kekhilafannya yang sabar ya jayen pasti sangat sedih kehilangan orang tua,sad,2
hey mana secara peringkat fifa palingan divisi 2 eropa atau trial 3,neutral,3
wkwk gua sedih banget,sad,2
jaman dulu dipanggil nama sama cewek yang di suka saja sudah gemetaran mengalahkan tes pantokhir akmil lah sekarang kalo enggak pap tt katanya enggak sayang sadar woyy dia itu cewek yang berusaha mati matian di bahagiain ayahnya jangan lo rusak begitu saja buat nurutin nafsu lo,anger,0
kemarin ada yang menyandingkan bung karno dengan munarman sekarang giliran haikal mengoceh tentang bung karno kelihatan terstruktur dan sistematis ada nuansa adu domba supaya pdip dan nasionalis lainnya ngamuk ada pula nuansa mengaburkan sejarah ngeri,fear,1
dipeluk enak nih,happy,4
mau all goes well ya kakaak walaupun begitu begitu saja like you said oh iya stay safe and stay healthy soalnya kasus di sana sudah mulai naik itu si concerning t t i sama doing all fine kok stres sedih dikit tapi gapapa aku kuat hihi 3,sad,2
dibilang biasa biasa sih tidak apa apa tapi sekarang banyak orang orang biasa dan berbuat luar bisa itu gara gara kehebatanya url,happy,4
ayo mam dulu entar reonnya marah begitu sedih,fear,1
gilasih beberapa hari yang lalu gue lihat truk gede yang diisi sama 3 orang teman gue bilang kalo truk yang diisi sama 3 orang itu tengahnya mayat asli merinding banget mana itu pas maghrib dan gue sendirian coy seram habis,fear,1
aduh jadi malu,fear,1
kini kemarau berkepanjangan setelah berbaris baris doa kau kutuk hujan barusan ku dengar dalam tekukan lutut mu sungguh gersang hidup ini,sad,2
kemarin malam istri sopirku yang terserang stroke itu meninggal dunia innalillahi wa innailayhi rojiun allahummaghfirlahaa warhamhaa wa aafihaa wa fu anhaa waakrim nuzulahaa wawasi madkholahaa aku sedih banget dan marah banget pada masalah yang memicu dia terserang stroke,sad,2
no jangan begini ku malu bbt sama masa lalu ku sedih soalnya kalau diinget,sad,2
sok yeah setelah empat tahun akhirnya kami bareng bareng menerbitkan buku kumpulan cerpen sendiri judulnya buku ini diterbitkan oleh username dalam format fisik dan e book url,happy,4
dia bilang dia tetap pegang janji pernikahannya tidak brhak menghakimi suaminya mndoakan suaminya dan dia yakin suaminya akan brtobat dan akan kembali ke dia,sad,2
mau nomor buat verif sedih akun ke log terus,sad,2
wkwkakak faker tolol ye,anger,0
username username terima kaaih pak kwik itu juga pemikiran saya secara pribadi trm kasih sudah di sampaikan pada forum dan begitu juga hal ya dengan yang di sampaikn oleh ibu sarumpait,happy,4
jangan disini ah malu,fear,1
username takut dikira fitnah tapi memang benar adanya huhu yaudah lah enggak mau macam macam di internet nanti aku diblacklist sama holcim asli sedih,fear,1
benar banget teman gue ada yang bilang ke dia kalo gue suka sama dia eh dia bilang kita kan beda agama mending jangan suka sama aku yaallah menyesak banget,sad,2
materi mr roger tol belanda terkait dunia pernaskahan di indonesia wow keren banget ya negara kita ternyata punya 700 bahasa ckckckck username url,happy,4
susu kenyot lebih enak minum langsung dari sumbernya,happy,4
demi allah yang kena siapa yang menangis siapa gua jadi peran badguy banget kalo begini padahal gua yang dibikin sedih,sad,2
yanga namanya pertemanan pasti ada suka dukanya dan disinilah kita belajar dan berproses bersama grumpytard minoruliciouces,happy,4
mau menonton tapi deg-degan takut enggak sama kayak imajinasi waktu baca ini,fear,1
takut banget dimana mana iklan cincin lamaran cetak undangan wo lewat mulu,fear,1
hi kak langit wah mantap ya kak semangat terus wfh nya kak semoga sehat selalu diar,happy,4
jujur sih kadang aku itu malu dan takut ngakuin kalau dia pacarku iya benar karena fisiknya,fear,1
username mengajari doi matematika dan fisika kimia juga lalu menyemangati doi ketika uh bahkan ketika bersama pacar rl nya bertemu dengan doi yang cuman satu setengah jam hmmmmmmm masa lalu,sad,2
ya allaaaahhh ketika kamu kesel akan sesuatu ingin marah tapi enggak ada gunanya karena lain pihak sulit kerja sama makan twit ini beserta komen netijen bikin lupa semuanya ikhlas aing ikhlaaaassss,anger,0
semangat buat hari ini ya lu deserve tapi be happy anw jangan lupa sarapan ayaa,happy,4
kok aku sedih ya di godain ke chita pakai twit lom win,sad,2
jauh dalam hati saya cemburu dengan kedekatan kamu sama dia that si great kep positive thinking,sad,2
masih sepi bikin dingin kesepian eakkk,sad,2
sinyal kenapa suka banget bapuk tibatiba ya emosi allahu,anger,0
tenggorokan bersin2 tapi enggak demam gejala omicron ovt sehat-sehat semoga ini angin rasanya ini,neutral,3
kok gue senyam senyum sendiri bacanya semangat ya,happy,4
sedih bacanya,sad,2
nes pernah kita enggak sih iya tapi enggak apa-apa kan kamu enggak di enggak temannya hmm tapi kan bisa ke teman ini sih,neutral,3
oma dokter dika tolong pasangin gocar buat saya pulang ya downloadin aplikasi gojek sampai oma dapat gocar dan pulang selamat sampai tujuan happily ever after,happy,4
kalian lemah kalian bukan level kami jak ojok lali keset username username username url,anger,0
cayo go go hahaha tidak semangat sangat sedih a jenuh gila belajar sendiri di kamar kesal,sad,2
demi gue merasa enggak nyaman di kamar gue sendiri di depan pintu kayak ada yang bolak balik begitu sedih mau nelp nyokap takut dikatai banci help help,fear,1
saya dapat surga dunia dikamar serasa benaran dapat surga akhirat itu semua karena wifi terima kasih telkom suasananya benar-benar surgaaaaa saya mau surga dunia saya ini kayak begini disurga akhirat enaaak saya sudah pakai ratusan kali wifi di rumah pakai ya semua warga indonesia,happy,4
panik panik ada yang panik,fear,1
entah enggak tau kenapa semakin bertambahnya umur malah semakin takut pacaran takut dikhianati ya semacam itu lah,fear,1
username sukses dandim1621 tts tugas mulia bersama rakyat berhasil menambah kemajuan desa sukses pak babinsa selamat tugas mulia kian kuat tni bersama rakyat jayalah nkri,happy,4
oh iya itu kalo baca dari spoiler kayanya sih iya sedih banget cuma dia yang benaran peduli sama ruby sedih,sad,2
waduh yang wangi2 bayi sih enak kayak zwitsal,happy,4
rasa takut akan kematian adalah yang paling dibenarkan dari semua ketakutan karena tidak ada risiko kecelakaan bagi seseorang yang sudah mati,fear,1
puasa tahun ini berasa banget kurang khusu shalat tarawih sama mengaji bisa diitung jari berapa kalinya padahal belum tentu tahun depan bisa merasai lagi lagi curhat tapi tetap bukannya mengaji malah twitteran,sad,2
masih paling nanti agak cacat saja dikit wkwk,happy,4
jadikanlah alasan orang,neutral,3
mungkin saja allah mencubitku dengan ujiannya mungkin saja allah sedang rindu rindu pada rintihanku rindu pada sujud panjangku rindu puji pujianku padanya atau bisa saja allah cemburu karena aku lebih sayang dan merindukanmu lelakiku,sad,2
kita mungkin sekarang merasa takut tapi nanti itulah yang membuat kita menjadi lebih kuat cemangatttt,happy,4
minx gmbr ic ke,neutral,3
jangan biarkan satu hal yang bodoh menghancurkan kebahagiaan lo seharian,anger,0
wkwk padahal kemarin gue deh siap siap menahan malu untung gajadi,happy,4
boom pernah meng sms hyoyeon sekedar menyapa setalah berakhirnya iy2 tapi ia hyoyeon melupakannya begitu,neutral,3
enak banget ngudud pagi pagi,happy,4
berharap dengan pindah rumah dapat mengurangi trauma aim namun nya as aim malah dikeluarkan dari sekolah karena bagi sekolah aim dapat menjadi aib dan khawatir aim mjd pelaku pencabulan juga,fear,1
dengan menggunakn sistem demokrasi bgtulah jlnnya tapi yakin pemerintah selalu berupaya mjd lebih baik dan lebih baik terus untuk ksejahteraan bersama url,happy,4
enak kan apalagi mie ayam yamin,happy,4
ya allah sudah 2 hari ini lasut kemarin bangun jam 10 padahal kerja jam 9 hari ini ingetnya kereta jam 11 taunya 8 45 ya allah semoga aku enggak lasut juga hari h,sad,2
mana sepi lagi,sad,2
yakan sedih banget bayanginnya,sad,2
mu gaes aku tadi habis pergi cuma pakai bedak lipstik doang sih nah bersihin muka nya pakai mc viva mau pixy doang terus habis itu pakai toner viva gapapa kan ya kalo enggak cuci muka pakai fw takut ke kmr mandi jam segini sedih,fear,1
bismillah deh gue masih takut soalnya kalo main warna pastel,fear,1
gila sepi banget rumah gue berasa nge kos nying takut ah,fear,1
banyak tl yang membahas kuota away kemarin dan tiba aku ke ingget waktu away ini sebenarnya enggak ada kuota buat solo tapi nekat saja berangkat dan sesampai disini banyak juga yang berangkat mungkin lebih asik tanpa kuota dari pada di kasih kuota cuma sedikit moga cepat ricuh url,happy,4
wah semangat ya,happy,4
mau dong mutualan akun baru menetes masih sepi banget sedih,sad,2
palembang be nice please jangan dirusak oleh kelakuan orang orang yang isengnya ampun seanjing anjing begini katanya kota internasional aduh,anger,0
jadi acc aku belum dikasih nomer hp sedangkan teman aku pas mau mengasih nomer hpalah ke suspend permanen jadi aku harus bagaimana takut juga jadinya,fear,1
banyak-banyak baca dan latihan ngerjain soal tapi gue dulu suka kimia karena ibuknya baik sabar dan enak banget ngajarnya guru favorit gue pas sama wkwkk,happy,4
semangat pagi jangan lupa sarapan,happy,4
agamamu tapi komunikasimu materi kamu sampaikan meng aduk2 persatuan dan kesatuan kebersamaan dan dan toleransi dan persaudaraan bahkan tapi juga non mawas dan bermuhasabahlan,neutral,3
hai hai ikut po md photopack di mirfa yuk dom tangerang bookslot cuma 50k bisa dicicil santai,happy,4
pagi ini enggak sengaja ketemu bestie yang baru nikah seperti biasa kalau ketemu suka cerita dari hal yang enggak penting sekali pun sampai dimana dia enggak sengaja bilang kalau enggak bahagia dan enggak ada rasa sama lakinya syok pasti jadi intinya nikah enggak cukup hanya dengan kata mampu,happy,4
kempot saking nafsu mengenyotnya dan tak kemudian cairan kental dan tumpah mulutnya oh enaknya permen a,neutral,3
enggak komentar deh tapi pro situ,neutral,3
aa maaf pagi pagi malah marah marah,anger,0
mau menonton kukira kau rumah awokaowkwk tapi takut terlalu sedih jadi kalut,fear,1
hmmm ya mungkin senang kalo dikasih kado tapi kalo buatku dia ingat saja tanggal lahirku atau anniv wes bahagia rasane,happy,4
semoga kamu tak perlu mengenal sedih ku semoga kau mengenal ku yang hanya ku dengan segala baik dan buruk ku,sad,2
kemarin kepalaku terus greges pilihanku apakah sebelum,neutral,3
madzhab syafi i demi kehati hatian kalo nyentuh dibasuh 7 kali salasatunya dengan alasannya menjilata tubuhnya dikhawatirkan terkena liurnya lah kalo enggak atau hadits,neutral,3
benar banget aku baru suka khh sekitar 1 bulan ini dan mulai mendalami dan segi rapper dan agensi mereka but lu know wait agensi aomg dan h1ghr music yang di pegang dan di kelola jaebom benar-benar hebat dan di isi segudang prestasi artis nya,happy,4
gue sih di tahap mencoba orang sebisa tanpa mandang bulu selebihnya kalo dan enggak hak mereka sih amaat wkwk,neutral,3
jadi tadi mas drivernya kayaknya sempat meriksa duitnya cuman karena aku sudah masuk rumah jadi dia pergi juga duh maafi mas driver,sad,2
kalau tak p blaja tak p keje jauh tak bergaul rasanya aku pun benci ngan perangai aku thanks everyone sebb jadi contoh terbaik senang,anger,0
baca replyan iim jadi mikir lagi nabung bulan ini buat pasang target menonton persib sama beli jersey orisinal bulan depan enggak memikirkan masa depan kalo sudah enggak ada bpk kan enggak mungkin meminta ke mas yang notabennya sudah berkeluarga enggak enak sama istrinya hmmmm otak ku dangkal sekali hehehehe,sad,2
cewek itu paling enggak suka dikasarin dibohongin dicuekin dan didatangi pas ada butuhnya doang terharu,sad,2
untuk perempuan yang apa apa biasa sendiri kalian luar biasa semoga diberi kesehatan jasmani dan rohani semangat,happy,4
self titled bin idris 2016 ku tau mas haikal cs jago banget bikin ambience jadi nada di sigmun di album ini gue kaget soalnya lagu-lagunya sama ambience di mv nya benar-benar persis sama apa yang gue bayangkan pas dengar lagunya keren gue suka lagu dalam wangi calm water rebahan url,happy,4
barakallahu fii umrik dok sehat panjang umur bahagia dunia dan akhirat amin,happy,4
burung teman ane,neutral,3
yang paling ditunggu selama ini ya bukber sd sampai teman yang benar benar seru benar benar asik dan benar benar yang lain sama enggak se greget itu kecuali anak pasti wkwkwk fix secepat kilat dan no bacod mandiri kalo ikut ya bilang enggak ya bilang benar benar oke,happy,4
enggak pernah dipaksa sih buat berkerudung tapi dari sd sudah keinginan sendiri juga tapi sayang kata mama waktu itu kelas 4 bentar lagi lulus daripada beli baju lagi,happy,4
enak banget pagi pagi masih bisa berak,happy,4
mimpi ku malam ini sedih tapi enggak jelas sedih karena bestie aku meninggal enggak jelas karena guru mtk aku jadi tni au sekaligus dosen,sad,2
kok enggak tertarik padahal enak loh gajinya besar dapat tunjangan uang pensiun dll kok munafik sih ah bego lu jadi orang terus mau jadi apa dong,anger,0
username ukuran pmrth prov maupun kab kota sukses adalah dengan hasil ahir olh bpk predikat wtp untuk meraih wtp perlu kerja keras semua jajaran pemprov dki sudah berhasil cocot bacot busuk dari para ahokerjokower diminta berhenti dulu fitnahnya enggak ngefek,anger,0
ya kan enggak merasa capek cuman larinya jadi lemot banget emosi gue,anger,0
terima kasih sudah belii semoga suka dan berguna dan membawa berkah ya,happy,4
sedih banget lihat xiaojun meminta maaf karena wayv belum bisa coba,sad,2
kenapa bangsat,anger,0
kptusan pmrintah mmbyr gj 13 dan thr disambut gmbira para pns dan pensiun pengamat jangan provokasi presiden telah bantu rakyat jangan disalahkan cari celah upaya hukum wong bantu rakyat kok impeachment bantu cari solusi jangan ancam url,anger,0
diam nder saya sedang kecewa berat,sad,2
kaget tapi oke bintang 5 dari aku,happy,4
hubungan dengan mertua je xde je ipar duai macam n je dengan orang kali kisah lah orang kita atau tak orang n urusan orang mengadu rumahtangga layankan je,neutral,3
mereka sudah punya teman-teman lama saya dilupakan argh,sad,2
pagi bang sarapan bubur ayam enak nih bang,happy,4
dari minggu kemarin menyebalkan eh hari ini lagi ada tambahan janjian jam 10 eh lah kok malah jek antri nang bri iki piye tapi ku kesel deh,anger,0
benci banget sistem kredit ok lah mereka mau cari untung lebih tapi ngotak dikit lah pantas emak gue bacot banget kalo 1 itu banyak beli cash di suruh indent 1 bulan sudah begitu di diamkan enggak ada basa basi atau menawari lain kalo kredit deh tuh heboh sendiri mereka nih,anger,0
aku kasihan sama mama hulk ijo ini bah membesarkan anak yang bahkan enggak punya nyali shg pakai akun anonim badan besar otak kosong url,sad,2
respon positif dari persib seperti ini yang diharapkan dari tim sekelas persib semoga tetap konsisten,happy,4
kalau sudah drop begini baru terasa sepi hampa dan enggak guna terharu,sad,2
ada ig meminta line dikasih line meminta wa kenapa enggak sekalian saja meminta playstorenya biar sudah satu paket ada ig wa line mobile legend juga ada,anger,0
lama lama gue sedih benaran anjir lihat emyu sedih,sad,2
enggak ibarat pepatah merengkuh dayung berenang kemudian,neutral,3
suka tapi dipendam ya gue banget terharu,sad,2
puncak spiritual seseorang adalah ketika orang tersebut diberi perasaan malu dihadapan allah swt orang yang beruntung adalah orang yang tahu ukurannya sendiri balikpapan url,happy,4
username akhirnya kutemui kembali lelaki yang sekian tahun lalu gagal aku dekati ketika tahun ini ingin memperjuangkan cinta kembali ternyata kau sudah ada calon untuk kau nikahi,sad,2
sedih banget rasanya aku hatiku rasanya kretek kretek rasanya bagaimana ya di crush ini seseorang yang seperti jeon jungkook jeles banget iya tapi ya sudahlah mau bagaimana lagi semoga aku dapat jodoh yang kayak jungkook,sad,2
di antara sifat orang bertaqwa ialah sifat dan sesama,neutral,3
username lah bukannya aku pernah menawarkan diri ke kamu sejak tahun 2016 2017 lalu saat kamu masih kerja sebagai sales force mobil honda dan sampai pindah ke suzuki deh menawarkan diri kok itu tapi malah kamu blokir whatsapp aku,anger,0
username username username username username ngeriiiih bang takut di selepet dari belakang doi kan type2 ya laki pilipin,fear,1
yang namanya terlanjur sayang itu ribet loh mau cuek enggak bisa mau marah enggak bisa bisanya cuma diam diam diam menyesak diam diam menangis,sad,2
betul bersihkan pak kejadian2 yang bikin para bong nyinyir habis2an gub indonesia kita eh ujung2nya pekerjaan gub sebelumnya usut tuntassss url,anger,0
jika basah karena hujan saja engkau resah lalu bagaimana mungkin kau bilang akan membasuh hati yang lesu,sad,2
pernyataan username lansung tuhan bayar tunai terimakasih ya allah yang menguasai aib manusia terangkan lah terangkanlah url,happy,4
ada mama murid yang rikues anaknya masuk di kelas saya di saat yang sama banyak murid yang hopeless ketika tau bakal masuk di kelas saya karena rumor yang beredar saya guru galak,sad,2
boleh benci tapi jangan bodoh,anger,0
selamat sabtu dan jangan lupa jaga semangat,happy,4
takut banget ditolak sama doi,fear,1
masalah enggak akan pernah menjauh hadapi selasamu dengan penuh semangat,happy,4
seram baru buka fb eh ada notif banyak benar ini cowok ngelike semua2nya dari awal gue buat fb sampai sekarang senang terus ngechat2 enggak jelas please leave me alone,fear,1
eh asli ya gue sudah menonton memang seram banget sih aslinya tuh dia enggak mau ngebunuh orang dia cuman lagi jatuh cinta saja tapi sampai akhir dia enggak tau kalo ketidaktahuannya dia itu berubah jadi malapetaka horor woy,fear,1
enggak se fandom,neutral,3
ayaka ekspresi cemberutnya ketika mendengar ucapan dilontarkan ayato ayaka sejak tadi ayaka menggembungkan pipi kanannya onii bagaimana pekerjaannya sulit,neutral,3
situ mau ngelacur di mana n dibayar berapa bukan urusan sini sini cuman gasukak kalo situ salah gamo meminta maaf etapi bukan urusan situ juga sih sini mau suka orang enggak sama situ,anger,0
beberapa orang tetap bisa menikmati hidup walaupun belum di pertemukan dengan pasangan karena ia memiliki sahabat dan banyak teman dari orang-orang terdekatnya ia tak pernah merasa kekurangan kasih sayang,happy,4
prettytitit pencitraan lo sudah sampai kelangit 7 pemprov lo kekurangan dana pajak lo hilangkan itukan aneh gua enggak tau itu namanya dungu atau bodoh dua nya julukan kamu,anger,0
gataunyaa memang suka dikerasi begitu bahkan suka dibuat rada lebam begitu anw akting mereka keren banget sih di sini ini enggak bohong gue jadi kayak dibawa merasai rasanya jadi dom dan sub begitu jadi penasaran plus ngeri geli begitu,fear,1
kak semoga semuanya baik baik saja ya jangan lupa makan yang enak dan mendengarkan musik yang bikin tenang supaya keadaannya sedikit membaik semangat 33,happy,4
sedih nderr,sad,2
bisa bisanya mark enggak calling gue marah,anger,0
ya allah penatnya kuatkan hati aku plss,sad,2
kita tengah bersiap dia call memang kena marah lah duit pun takde hutang apa pun tak tahu lah,anger,0
sih enggak bisa kalo pakai blush jengkelan,neutral,3
siap huaa takut loh aku,fear,1
mu mahkota perlukan singgahsana,neutral,3
terus kalo ciput kalo kena itu disuruh pakai atasan mukena awal-awal lihat kaget terus kayak mau ngetawain begitu tapi makin lama makin biasa atau enggak kalo lagi ada pemeriksaan terus lagi enggak pakai ciput kita pada muter balik ngadep tembok masang ciput enggak sampai 15 detik lol,happy,4
kepikiran bisa begitu apalagi jika seseorang secara atau maupun mereka juga orang,neutral,3
ekspektasi emak makanya kamu jangan capek capek jadi sakit kan main mulu sih realita sokorr salah mu dewe dolan saja domongi kon nek omah saja ange eram,sad,2
meminta maaf habis cerita begitu aku jadi bersyukur banget punya bestie dia yang kujadiin tempat cerita sedih selalu ada buat cerita random juga selalu ditanggepin sama dia dia juga begitu ke aku kalo nyeritain pacarnya bisa sampai berjam jam,happy,4
username username username cek saja tuh mana yang surat keterangan tidak mampu n mana yang surat keterangan tidak malu username,anger,0
tapi aku enggak mau sambil bilang kalo buat manas manasin mantan mending sama bestie kakak saja biar makin berasa dengan nada bercanda dianya malah marah dan aku enggak sadar kalo aku sudah ada di tempat nongki gengnya dia fitnah aku abis2an,anger,0
coba dengar yang good riddance give me novacaine sama stay the night itu juga enak,happy,4
biasanya kalo telat masuk suka disemprot sama gurunya jadi malu,sad,2
gue mutualan ig dan gue komentar di postingan nya deobo lah gue pengin kenalan tuh tapi nya begitu lah kan lu mutualan kok lu kenalan sih teman tak gue,neutral,3
sedih banget obralan begini,sad,2
sebelah mana stereotyping nya dari pernyataan saya coba ditunjukkan siapa tahu saya salah bicara bagus dong kalau banyak yang mengecam semakin banyak makin terdengar suara untuk kebenaran semakin bagus kalau benar tapi kalah keras sama yang salah itu yang harus diatasi url,anger,0
gue coklat coklat gue ke orang gue enggak coklat,neutral,3
cok pagi pagi dibuat emosi,anger,0
coba sekarang ditambah lagi ya belajar ikhlasnya iya memang sulit tapi kalau belajar lama kelamaan pasti bisa belajar kayak waktu kamu kecil dulu cuma bedanya sekarang sudah tau umur papski,happy,4
karena kesiangan lapar dan belum mandi pagi ini ku memulai hari dengan menguji kemultitaskingan diri sendiri dengan memasak mie sekaligus mandi senang nyalain kompor memasuki telor mie lalu ku mandi beres mandi mie pun beres,happy,4
sedih mart mu takde piala musim nih,sad,2
sing semangat mbake,happy,4
dulu dia menampak seperti seorang lelaki yang lurus innocent baik tapi aku deh tertipu habis sebab deh buta dengan perasaan cinta dan sayang dekat dia sedih,sad,2
pray for bla bla bla save bla bla bla emmm itu doa benaran enggak apa cuma pansol tahi soksokan iba tapi apa ditanyain masalah yang lu ibakan saja kga tau ooo biar lu dibilang orang paling care sedunia begitu hmm tapi kalo dunia maya ya tahi,anger,0
beberapa hari yang lalu foto aku di posting salah satu akun instagram milik bisnis transportasi kapal laut tanpa izin dan tidak mencantumkan sih pemilik karya,anger,0
kangen mengajar privat kangen mengajar tpq kangen rapat jam 6 pagi kangen agenda nginep sabtu minggu yea my life sok flat now maybe i need cheetos,sad,2
sepi banget busyet wkwk,happy,4
username kasihan fh bangun pagi tidak ada pekerjaan mau ke kantor pks tidak di terimah tidak ada info2 dari kawan2 di pks mau ke kawan lain bedah partai mau ke pemerintah sudah tidak di akui dari partai mana kasih juga ya balik kampung saja,sad,2
pernah suatu ketika tetangga depan rumah gue enggak sengaja brpapasan pas gue mau keluar rumah suddenly dia ngedip mata ke gue diiiiiiiiiih jijik banget ya allaaaaah,anger,0
semangat kak fiony sehat selalu we always love you,happy,4
pulang sudah ah jakarta keras men kalau sudah sore,fear,1
iya kebalik lah wkwkw mana ada ngaruh wkwk yang ada mereka yang ganti jadwal saja kalo bareng biasanya mereka yang takut wkkw,happy,4
sedih sedih,sad,2
orang bodoh bisa dengan kebodohnya,neutral,3
ini justru bagus dengan ini semoga dangdut kita bisa menaklukkan asia tenggara nanti nya kita tidak hanya mengirim tki tapi pedangdut yeay,happy,4
aku takut nak baca thread nih aku yang belum pregnant pun deh takut,fear,1
kenapa gue pikiran wkwkkw gue selalu menyalahkan orang gue tapi enggak i feel like i wantto cherish them,neutral,3
kalo aku sendiri waktu pertama kali sampai ke guest house nya memang agak takut tapi kalo aku sih bukan ke arah karena bisa ngedeteksi ada apa-apa cuma karena orangnya memang penakut wkwk apalagi guest house nya dalam keadaan sepi dan kosong,fear,1
kayak begitu terus ya netijen kalau ada kasus pelecehan seksual selalu saja korban yang disalahkan padahal posisinya korban lo sederhananya saja ya enggak ada orang yang mau jadi korban gue respect sih sama caranya seenggaknya sih pelaku malu dan sebagai peringatan juga buat yang lain,anger,0
pula diboyong pepatah wahai datanglah kemari kami tumpahkan bergerigi kami serakkan sebelum berotasi pedoman ini tepat di tujuan,neutral,3
dimanapun kalian berada selalu selipkan di a untuk para punggawa super elja happy username ale,happy,4
oke terima kasih senang,happy,4
rodo ngeri sedep bismillah iso ya iso semangat garuda muda,fear,1
dongkrak antik enggak malah bocah,neutral,3
kurang ajar banget manusia yang nyebarin id tele gue di gc anonymous chat yang ngcht orang sange semua tolol,anger,0
enggak ada yang bikin gue senang selain kabarnya jimin sedih banget waktu berita sakitnya gue benar kepikiran sampai enggak tenang buat tidur juga,sad,2
kita selalu bisa memilih bersabar atau atau bahkan saat situasi disana dan orang orang dan akan mengingat hal hal dibandingkan,neutral,3
input absen mahasiswa enggak pernah balance kesel sendiri kepala mata nyut nyutan karen harus super teliti dan gue kudu ngulang2 lagi gara-gara enggak balance itu,anger,0
pagii jangan lupa bahagia kamu berharga harus ingat ya hv a nice dayy,happy,4
ekspor komoditas perkebunan kita naik 26 5 dari tahun 2016 sd 2017 keren buat,happy,4
goblok amat sih sedih nemu wrp jaman dulu deh di seduh terus di tambahi susu coklat deh di minun sampai habis iseng lihat sachetannya eh pas di lihat wrpnya deh expired wth are lu fucking kidding me,sad,2
deh bodoh deh relax nanti sendiri sakit,anger,0
madam sedih katanya,sad,2
ngebahas travel sama sih eman membuka luka lama dari serangkaian luka yang bisa dibuat agen travel dan oknum2nya what the worst can happen tapi you,sad,2
bangun bangun dapat kabar temenku positif takut jadinya,fear,1
dan hal tolol ini enggak akan gue ulang lagi,anger,0
apa bedanya dirimu yang selalu berdiam berlama pergi jauh dan mengabaikan saat permasalahan datang dengan pernyataan ku yang mengakhiri,sad,2
enggak sih gue malu soalnya pakai baju haram enggak terbiasa juga pergi2 pakai baju begitu,fear,1
lagi kerja disemangatin sama sih cantik yang belum mandi gara gara takut beku,fear,1
indonesia kian dipandang elok kinerja pak jokowi n kabinet sukses dengan penuh inovasi n berjaya seantero nkri yang lain minus2 terus karena tidak mampu,happy,4
sakit tidak sih bro kayak nya sakit deh,sad,2
merasa gagal jadi seorang kakak enggak mengerti bagaimana rasanya jadi orangtua masih bisa senyum masih bisa bercanda dan ketawa padahal hati nya perih,sad,2
bersama peserta dari agats indahnya budaya indonesia,happy,4
perjalanan kali menuju ibu kota kali ini ditemani oleh 2 teman saya sayang sekali mereka sudah nyaman dengan kursi alhasil perjalanan terkesan membosankan,sad,2
takut anjir,fear,1
semoga bisa pulih,neutral,3
username username aku betah karena banyak hal aku suka kalo kita saling memberi semangat untuk vote untuk saling menguatkan dan semacemnya banyaaak banget aku juga punya semangat buat berusaha menjadi lebih baik lagi,happy,4
bismillah tetap semangat jangan menyerah yakin pasti bigwin,happy,4
menyesak dipendem kangen dipendem cemburu juga dipendem kecewa dipendem bahkan menangis juga dipendem sampai sakit dada terharu,sad,2
assiikk sudah hari sabtu saja nih yang masuk kerja tetap semangat ya indihome selalu mendukung aktivitas onlinemu,happy,4
bacot bangsat,anger,0
maaf prof bukan cuman takut ditelanjangi jauhi korupsi kerna itu dosa bagi yang masih punya iman takutlah kepada allah yang maha mengetahui,fear,1
ternyata ngekos sendirian enggak seenak yang aku bayangkan mending ada teman kamarnya jadi enak ada teman mengobrol,sad,2
satu bulan belakangan lumayan sibuk banyak kegiatan di luar rumah terus beberapa hari yang lalu asam lambung sempat kambuh sudah takut banget bakal drop lagi tapi enggak disangka puji tuhan hari ini kondisi aku sudah jauh lebih baikkan thankyou jesus,happy,4
kata salah satu teman dan merasa ada benarnya juga zaman sekarang baik dan dekat itu kalo ada butuh kecuali kenal lama kadang yang kenalnya sudah lama begitu juga sih hahaha,sad,2
dunia maya tadi lihat di ig ngeri euy videonya mana yang ngedamprat ceweknya badannya gede gempal yang diseruduk enggak bisa melawan,fear,1
ada bahasa guyonan lagi nih antara sih ucha dan sih rin sih rin aku tuh lagi ditaksir sama sih joni dan sama sih bowo lo cha menurutmu mana yang lebih keren cha sih ucha ya jelas aku dong rin he he,happy,4
panik banget tadi ditanya tanyakan guru bk,fear,1
nder dan semuanyatp enggak kenapa laktosa full cream,neutral,3
thank you for your wishes guys sebagian alhamdulillah sudah kesampaian terimakasih ya allah,happy,4
kayak orang jaman sekarang ya dok yang kelihatannya tegar nothing happens begitu yang paling butuh di taking care first karena sejatinya broken inside,sad,2
b hype tapi enggak alurnya enggak juga menonton cuman spoiler enggak menonton,neutral,3
paling malas kalo sudah ngliat orang mengomong komen dll kayak sudah benar suci atas sampai bawah tapi zonk senang entar kalo nyinyir jawabnya berhijrah itu mudah kok cuman istiqomahnya yang susah iyee pahamm intinya eneg saja jilbab an kok musiman dulu kemane ke mall clubbing curhatanpenuh sorry,anger,0
pengadilan akhirat adalah pengadilan,neutral,3
kuingin marah melampiaskan hatiku hanyalah sendiri disini ingin ku tunjukkan pada siapa yang ada bahwa hatiku kecewa moshing sambil kesurupan maung,anger,0
erick thohir luar biasa hebat applause,happy,4
ia sudah lama kita tidak ngumpul lagi hahaha ok tapi jadwal nih kendala kita p,sad,2
mantap tri enggak kayak bank mandiri gblk meminta ampun ditanya beda orang jawabannya gakjelas dan muter muter memang swasta didikannya beda sama didikan plat merah jikubiniu asli gedek banget pulsa habis banyak cuma telp callcenter bodoh,anger,0
yey ada kabar baik pagi ini love you jiminie,happy,4
percuma bukti numpuk tapi deflasi keberanian lihat kasus munir kurang apa buktinya lihat kasus udin buktinya malah disingkirkan dihilangkan secara sengaja dan kasus2 lainnya url,anger,0
ngezoom banget gambarnya kaget,fear,1
sebel banget deh kalo ada senior kerja yang kayak begini teh tauuuuuuuu teiung belum selesai bertanya loh sudah di jawab untung lagi enggak pegang pisau,anger,0
kok lu tolol banget sih nder,anger,0
chenle enggak mau di halu ini gue saat itu kesel banget anjwingg kayak buat apa begitu loh bilang begituan heran gue kalau lo memang enggak suka ya sudah enggak suka mengatai-ngatai enggak ada yang maksa juga lo itu suka sama chenle itu hak lo but kalau enggak suka enggak usah hate emosi gue,anger,0
apa dasar ngakaknya baca kok cuma satu ayat gua biasa saja mengapai marah ateis justru sangat menggelikan bagi gua ketika mereka menyembah charles darwin dengan segala teori tahayul dan konyolnya,anger,0
semangat kak ell,happy,4
situ tau enggak di timur tengah sana pakaian tertutup dari atas sampai bawah tingkat sexual harassmentnya tinggi tau enggak ini sudah bukan soal terbuka atau tertutup pakaian soal iman dan nafsu yang enggak bisa kalian jaga enggak bisa kalia,anger,0
aku enggak salah bila mohon pada username segera perintahkan menkes untuk menambah ruangan khusus sakit jiwa pada setiap rumah sakit sbab tidak menutup kemungkinan usai pilpres setiap rumah sakit akan dibanjiri pasien sakit jiwa tanda2 kearah sana itu sudah ada saat ini banyak yang stres,fear,1
done all wish me luck aku suka banget foto hj pakai topeng begini kayak pangeran begitu,happy,4
kagum sih sama dia she si younger tahan me badannya kecil kayak anak sampai sekarang mimpin satu cabang besar isi 80 orang dan cabangnya one of the best di region banten,happy,4
username username setuju ajarkan kedamaian dan sampaikan pemahaman isalam sebagai agama sempurna dalam mengatur hidup di dunia hingga akhirat baik dalam adab individu masyarakat dan bernegara allahu a lam,happy,4
roti tawar pakai mentega enak juga,happy,4
indak ayo lebaran ke bandung saja entar di sana biaya makan sama akomodasi enggak usah mikir entar ikut saja jika saja saya di izinkan saya sudah ikut ajakan ke bandung,happy,4
berharap suatu saat nanti difilmkan seperti the 33 judulnya the 13 mungkin the coach kids dan semua orang yang terlibat aksi penyelamatan benar-benar faith ini humanity restored terharu url,happy,4
oalahh jadi lu yang suka kentut diam diam mana bau banget lagi njink,anger,0
kucing nongki di sandal kah kucingku juga nongki di sandal,neutral,3
unexpected ending sedih banget pas adegan kena tembak didepan ceweknya lagi,sad,2
ih teman kosku habis ikut ke venue begitu kan acara prodinyaa eh balik ke kos dia meriang nular ke satu kosan sekarang aku juga pilek meriang buhu jadi takut,fear,1
terimakasih saudaraku sudah turut ramaikan selamat akhir pekan sehat dan bahagia,happy,4
sekian gue sampai detik ini masih suka feel sok amazed banget sama jungwon keren banget deh pokoknya nih anak kalo gue jabarin satu satu bisa jadi manuskrip berharga yang diperebutkan seluruh dunia,happy,4
username psi terlalu sering membuat blunder sebenarnya itu tidak bagus sebagai sebuah parpol baru yang butuh dukungan rakyat dari berbagai lapisan masyarakat termasuk pendukung keluarga mantan presiden soeharto,anger,0
revenge kill them with kindess adalah gaperlu enggak saatnya mereka sih your worth and come tapi you,neutral,3
buka puasa cuman minum sama makan gorengan terus tengah malam makan bakso cabe rawitnya 3 sendok makan lebih habis itu perut langsung melilit,sad,2
kalau dia lagi marah omongannya pedas banget suka banting barang apa pun yang ada didekatnya,fear,1
wah selamat,happy,4
iya kan aku saja sampai kaget katanya mereka juga sudah pada tau kalo mirip,fear,1
sensitive no no saya yang ke 4 signal 4g full sudah dari kemarin malam problem lokasi di jalan raya legian no 88 sudah di ganti isp lain nya dan restart hp juga enggak bisa buka apa apa tolong di bantu username,anger,0
anjing j1min aing sudah mau sedih sialan lu ngetiknya kayak gi mati saja enggak jlas lu ji sudah lah gi enggak usah di kasih jatah 5 bulan saja,anger,0
ovomaltine enak juga sih duh menyesal banget,sad,2
username sudah jawabannya sama no hp billing npwp dll tidak terdaftar bagaimana mungkin belum terdaftar wong saya mendaftar di kantor bpjstk di menara jamsostek kok dan mengapa pakai tokopedia bisa pakai tokopedia kena biaya admin,anger,0
telah pecah bilang serambi mekah sebut aceh,neutral,3
wa deact tapi disitu wa enggak urgent deh benaran muales,neutral,3
jalani isoman karena covid 19 enno lerian sedih tak bisa peluk anak,sad,2
pagi pagi sudah emosi gara gara baca 2ha,anger,0
rumahnya kalo begitu,neutral,3
lalu ai move tapi thamrin yekan karena bosan sama tanabang yang baju nya begitu begitu bae perasaan eh masuk thamrin di basement isi nya semua batik banyak banget,sad,2
kukira kau rumah judulnya saja sudah sedih banget woilaahh,sad,2
ini ini totebagnya hand painted dan dijahit luar loh teman teman totebag sekalian disabilitas bisa di ignya,neutral,3
username username username gue lebih khawatir lagi kalo ahok jadi jurkamnya jokowi bro nemo movement malah berbalik jadi ikon punya jokowi persis kejadian 212 yang jadi panggung jkw,fear,1
mobilnya mantap uiii kayak di iklan di berita maknyuss senang,happy,4
dulu waktu sampai saya jengkel banget sama ibu saya mau pergi naik bus dari jombang ke bojonegoro jawa timur pakai diantar ke terminal bus padahal pinginnya naik angkot saja,anger,0
karena aku merasa tidak ditanggapi dengan akun terkait maka aku putuskan untuk report feed tersebut ke pihak instagram well hari itu juga feed yang aku report dihapus pihak ig im happy because instagram concern about copyright issue,happy,4
haha sepi tanpa purwakarta tapi enggak apa-apa tertawa,sad,2
akan setelah 14pebruari benarkah,neutral,3
iya nih mau aku jemur dirumah kalo enggak mama marah,fear,1
baru menyadar dulu kenapa suka banget beli boneka babi jadi numpuk di lemari begini astaga,fear,1
tentang makhluk mitos bulgasal yang mau balas dendam dan dalam perjalanannya dia tuh bertemu dengan keluarga kayak ini balas dendam tapi juga fokus pada hubungan antar manusia aku suka banget bagaimana hubungan tiap dari mereka develop pokoknya bagus banget huhu,happy,4
alhamdulillah yang jatuh jatuh tempo bulan ini sudah di bayar tinggal yang receh receh nya semangat pagii,happy,4
sumpah benci banget kalo dibalesnya begini iye sehat sehat saja sekarang merasa bersih tapi di dalem badan enggak ada yang tau apalagi kalo main sana sini dan suka seks berisiko masa sih tega celakain orang yang katanya lu sayang,anger,0
kok enak e kerja woi dikira duit datang dari langit apa,anger,0
bokap melarang anak istri nunjukin rasa jengkel also bokap kalo jengkel nada mengomongnya ketus banting pintu narok barang kasar,anger,0
ini ibuku banget beliau suka heran kok anaknya bisa beli barang-barang kpop terus masih bisa beli baju dll sampai ngira aku jual narkoboy terus tak jelasin aku selama ini suka jual macrame baru ibuku lega,happy,4
alamat palsu harapan palsu,neutral,3
gasabar sedih oke thankyou admin di iya sekitar jam waktu indonesia ya,sad,2
itulah pukimak nya cebong sudah dia yang di bodohin teteep juga bilang orang yang bodoh kepala botak kau lah ceby,anger,0
takut gue mau hidup tenang,fear,1
main kocok sabun ambil gelas plastik memasuki air and sabun colek terus dikocok2 pakai sikat gigi kalo mau halus pakai sabun mandi kocok terus sampai busanya banyak tapi enggak mengerti fungsinya apa wkwkl,happy,4
good morning kak sky semangat ngeba hari ini ya sama jangan lupa sarapann,happy,4
wah kalo begitu anda sudah menormalisasi bentuk pelecehan terhadap diri anda sendiri dong ya bisa micu bentuk pelecehan yang lebih besar itu mbak anda secara enggak sadar sudah mendukung para pelaku pelecehan di luar sana selamat ya,sad,2
aku sempat menonton beritanya waktu di thailand cuma karena enggak mengerti bahasanya jadi aku diam saja nde baru sampai bali baru engah yang aku tonton berita tentang itu,sad,2
dan untuk para tamu sekalian terimakasih sudah ikut acara ini mohon maaf mention kalian tidak dapat gua jawab satu persatu dikarenakan menjauhi dari limit terimakasih dan selamat malam salam sayang,happy,4
tolol namanya adek enggak harus anak kecil adek ya yang posisi lahirnya setelah kakak mau jecil atau gede enggak ada urusan dongo,anger,0
diannnn ayangg uee semangat belajarnya sayaangg jaga kesehatan ya,happy,4
tetangga yang gue anggap dekat banget karena baik k3bangetan dan royal banget eh taunya dpo invest bodong hampir 1m bangkai jadi takut soalnya banyak orang-orang datang terus dm2 gue nyari2 info malesin anjir,anger,0
sudah tau bikin sedih masih saja dibaca terus,sad,2
pakdok username ada komentar mengenai efek msg ke otak seringkali dengar celotehan kalo orang jadi sengklek gara gara kakehan micin url,fear,1
hati kecil ini selalu berkata jujur dan selalu membuat penyesalan setelah apa yang dilakukan itu salah selalau mengingat bagai mana cara keluar dari zona yang kelam menuju kebenaran hidup itu pilihan berlaku baik atau pudar ketulusan,sad,2
jas penghasilan hp bisa jpri,neutral,3
cari bubur ayam yang ada malah bubur sumsum but issokey lah sama sama enak juga selamat mamam,happy,4
anjir menangis benaran lihatnya perpisahan itu kenapa selalu bikin sedih sih terharu,sad,2
selamat pagi warga gunungkidul bagaimana suasana pagi ini di tempat kawan2,happy,4
enak loh lagunya,happy,4
kadang jadi anak yang enggak dibolehin bawa motor kemana mana tuh enggak enak anjir contohnya gua setiap ada acara kelompok pasti kudu nebeng ke teman kan menyusahkan banget anjir sudah kelas 12 masih tetap kagak dibolehin heran,anger,0
masih bisa menanggapi dengan candaan walaupun dalemnya emosi sih wkwk,anger,0
tangannya di gips masih,neutral,3
hah bodoh kali kau pantek,anger,0
tokoh n capres abadi n orang yang gagal di masa laluny berarti orang itu paling di benci allah itu hanya prabocor karena otakny juga bocor bocor bocor pengikutny apa lagi otakny moter2 username username username,anger,0
terima kasih tuhan tepat hari ini aku 23 tahun 1 jam lagi aku cuma berharap semakin banyak orang yang tulus sayang dan perduli sama aku tanpa memandang sebelah mata lancarkan semua usaha ku dan dewasakanlah pemikiranku,happy,4
bagaimana mungkin sebuah pondok pesantren dapat hidup dengan aman dan nyaman di tengah masyarakat yang mayoritas penduduknya penganut agama hindu ini semua telah mendorong sinergi alami antara agama toleransi dan demokrasi di indonesia kata dia,happy,4
kisah ini bisa menjadi ataupun,neutral,3
kamu berani bilang tapi masih semoga kamu orang biasanya begitu,neutral,3
poin ke 3 kayak orang bodoh enggak sih mengapai sudah nikah berzinah sama wanita lain ya di pikir saja itu mah memang nafsu lo yang kayak begitu sok sok an berlindung di balik kata zinah,anger,0
ketika senang ia datang lagi ketika sedih ia tak pernah pergi perkenalkan dia ibuku bidadariku terharu,sad,2
minum aqua gelas terus gelas plastiknya di selipin ke ban belakang sepeda pancal biar pas jalan keluar bunyi kayak knalpot,happy,4
akhirnya kita enggak,neutral,3
username tolong dong tingkatkan lagi pelayanannya gara-gara kurir enggak masuk paket jadi telat di antar lagi lagi yang bermasalah itu jnt cabang paskal bandung ini sih gara-gara olshopnya cuma ada jnt kalo ada pengiriman lain ogah pakai jnt pelayanan selal,anger,0
harusnya sudah ketebak bakalan banyak kayak begini tapi tetap saja emosi bacanya,anger,0
lagian memang enggak capek apa jadi lemah terus menurut saya malah justru lebih capek jadi orang lemah daripada orang kuat karena ya orang lemah pasti pikirannya saja sudah negatif mulu beda sama orang kuat sedangkan memang sudah terbukti kan kalo kita memikirkan hal negatif bisa berdampak negatif juga,sad,2
yang belum gue fb bentar ya aksjsj gue takut limit,fear,1
semangat deh gue,happy,4
perang itu sama teroris bukan bela teroris perang itu sama dakwah2 radikal bukan bela radikal bacot doang gede masih ingat kunjungan diusir nyali lu seperti ayam sayur sok mengomong perang url,anger,0
sih steak tapi kan sesuatu kami berpenghasilan umr,neutral,3
bodoh sekali anda liga spanyol nomor 1siapa,anger,0
sir baik tak kena balik panggung mimpi ngeri kuang kuang kuang,fear,1
entah kenapa kalau jam segini belum bisa tidur tuh jadi teringat sama masalalu dimana orang-orang yang menatap gua dengan wajah sinis dingin acuh berasa kayak gua yang paling salah gua sih bodoamat cuma entah kenapa mau bersikap baik atau suka dengan orang-orang itu enggak bisa,anger,0
tapi kecewa banget dia gara-gara aku enggak mengucapkan,sad,2
enggak enak rasanya,sad,2
pemilu ibaratnya pakai wc duduk wc,neutral,3
dulu gue seseorang masih dekati walaupun enggak pengin confess apalagi dulu bisa intens sms an dengan sekarang mah adulting makes me focus on myself kalopun seseorang begitu tok,neutral,3
kalo ngecas dan pakai headset kabel,neutral,3
baju hilang lagi laundryan pagi2 deh bikin emosi,anger,0
happy birthday anak baik anak manis yang selalu berharap dapat membahagiakan orang dan tanpa ia sadari dia sudah menjadi obat penenang terbaik asteroid bahagia terus ya,happy,4
aku pernah nih begini lebih ke malu sih wkwk karena masak bareng teman tapi seru,happy,4
mungkin sih username nalarnya enggak sehat karena fan persija enggak semua penyanyi dangdut itu seronok goyangannya via vallen sopan kok bung url,anger,0
suka kadang berasa lagi mengomong sama dahyun soalnya aku mirip banget sama dahyun tapi ragu ragu,fear,1
sedih mulu,sad,2
ada manusia yang berusaha melihat nasib dan masa depannya mereka mencari orang pintar untuk meramal masa depannya padahal sang peramalpun tidak pernah tahu masa depannya ibarat orang buta dituntun orang buta demikianlah orang yang mengandalkan nasib dan masa depannya kepada peramal,sad,2
hidup ini adalah petualangan ali semua orang memiliki petualangannya masing masing maka jadilah seorang petualang yang melakukan hal terbaik ayah ali matahari url,happy,4
makanya anjir gue emosi kesel banget nontonnyaa,anger,0
tunggu koko lagi ya koko bakal balik lagi dan tinggal lebih lama di sana balik jakarta banget nih ceritanya hmm baiklah,sad,2
untung enggak ada yang menanggapi lumayan malu kan kalo mengomong di grup enggak ada yang menanggapi kadang kalo enggak ada yang menanggapi berarti orang-orang sudah mengerti apa yang kamu maksud enggak tujuan kamu mengomong seperti itu not funny tapi discuss sis perlu dipertanyakan lagi maksud amp,anger,0
pertanyaan tolol,anger,0
tiap dengar lagu kukira kau rumah jadi sedih banget soalnya punya arti yang beda sekarang lihat cuplikan filmnya di fyp juga sedih,sad,2
tolol banget nilo jilat tahi sebdiri guwvtakut siiii bayangkan omar marahh eumm,anger,0
setiap mendengar lucas berbahasa korea kumerasa tak sendiri tapi at least dia mah paham orang mengomong apa cuman enggak bisa ngebalikin nah gue serius kagak ngartik,sad,2
kok sewa adanya roti orang maggi je hari-hari kahwinlah deh taknak lah duit dulu,neutral,3
enggak berasa puasa sudah 20 hari sbtr lagi lebaran ada rasa sedih karena ramadhan akan meninggalkan kita tapi ada rasa happy karena sbtr lagi kita akan lebaran berkumpul bareng keluarga saling memaafkan kmbli fitrah semoga saya kita semua akan bertemu lagi ramadhan 1440h 2019 amin,happy,4
eh pas seminggu menunggu pak tiki enggak sampe2 dong sedih aku takut salah menulis alamat salah menulis nomer rt rw bisa nyasar di rumah orang sedih sampai curiga ke tetangga sebelah katanya doi dikirimin hp tapi enggak tau dari siapa aku parno itu hp hadiah aku,fear,1
kalau nanti 2024 suaranya tetap dapat banyak berarti kalian memang pantas terhina dan jangan marah kalau dihina,anger,0
gara gara lihat papa om dan sepupunya tiap akhir pekan menonton bareng bola nayla jadi suka bola juga sedikiiiit tambah semangat pas menonton lagunya username url pakai username bareng mereka url,happy,4
pagi bang semangat dmi sebuah perubahan dngn tindakan jauhi nato not action talking only,happy,4
koleksinya temukan angry draken unik nftindonesiamendunia merketplace skin 0 003 eth,neutral,3
ini kalo enggak ada yang kelas sepi dong,sad,2
beberapa orang tapi fyp tiktok isinya moment earthmix,neutral,3
memelihara tuyul saja enak,happy,4
enggak pula management rating apps di play store,neutral,3
sedih aingg,sad,2
username username sabar terus hehehee enggak mereka enggak tau kalau mereka tau aku sudah diceramahin panjang lebar nanti disangka aku enggak sayang allah lah dll sedih,sad,2
kamulah sslalu ku,neutral,3
sedih banget serebu saja kagak ada,sad,2
yatuhann sedih banget gue juga dritadi bacain review orang-orang pada jelek-jelek banget habis minum bukannya langsing malah pada sakit parah2 ngeri,sad,2
bacot parah galak kalau sudah marah jangan mau deh dimarahi lex caca saja kapokgabisa dibohongin kalau tentang cinta tapi kenapa tentang lainnya lu bege ya susah banget disuruh tidur atau makan my human diary yang kita dkt enggak tau gara-gara,anger,0
suami enggak dukung lahiran normal dari awal nyuruh sesar saja takut akunya enggak kuat melahirkan 2 anak aku jadi takut juga bawaannya tapi kalo dengar testimoni orang yang sc enggak ada yang bilang lebih enak dari normal,fear,1
bodoh ya bodoh saja tapi jangan mengajak mengajak,anger,0
username username itu cewek disakitin begitu saja masih bertahan dan tak melawan apalagi melaporkan terlalu mencintainya kah postingannya saja begini url,sad,2
gila lockey kalian stay strong ya enggak terbayang kalo ada member yang keluar kalo ada berita member keluar entah dari grup manapun jadi ikutan sedih semoga trejo aman2 sampai kedepannya,sad,2
pengin cuddle tapi malu aku karena takut kalo tidur ngorok,fear,1
apakah ini berarti takfiri ya allah cukuplah engkau sebagai rabb kami tempat bersandar dan meminta pertolongan kami berlepas diri dari orang orang yang mempersekutukanmu dengan apapun url,fear,1
supaya generasi yang sekarang jadi bodoh kan mudah di begoin,anger,0
kesukaan kan kesukaan atau ayam juga beberapa kali mentioned ayam di livenya,neutral,3
menyembuhkan sakit tidak mesti pakai obat ya kayak begini lagi flu bersin demam order es krim tengah malam kalo anak kampus bilang ini sih bm terpenuhi,happy,4
sih bego nyalain lilin semaleman alhasil bangun bangun deh habis,anger,0
bila je tak kacau tak,neutral,3
dia baik dia tanggung jawab dia perhatian dia pengganti sosok papah dia mengerti aku orang tuanya sayang anggap aku seperti anaknya dia tidak membiarkan aku sedih selalu khawatir kalo aku kenapa kenapa and now i lost him forever,sad,2
bgsd gue mengakak malem2 menonton ini anjir serius ini qalqalahnya mantap banget astaga receh banget guaaaa url via username,happy,4
ora sedih ya kayak e we barang wingi upload nif wkwkwk,sad,2
anjrit gue lagi sedih baca ini malah gajadi sedih,sad,2
rasional juga cara pikir yassona karena partainya paling banyak koruptor pak,anger,0
ikr diorang macam lucas tanpa priksa dulu knapa debut dkt 2 tahun baru nk nih kan lumis private investigator untuk siasat issue nih kerje sasaeng ah lucas,neutral,3
rada ngeri ya apalagi stranger begitu,fear,1
belum ge mulai kepala sudah nyut nyutan begini ngeri meledak saja sih,fear,1
yang dinamakan orang prik bin tolol,anger,0
hahaha lah die enggak ngomong2 juga tuh saat orang meminta foto karena ragu dia manusia apa patung aku sempat punya niat pencet hidungnya hahaha tapi ketinggian,happy,4
ada yang hancur karena sifat sombong ada juga yang hancur karena ditinggalin pas lagi sayang sayangnya,sad,2
bagus banget woy lagunya apalagi pas menonton livenya ditambah fanchantnya merinding gila pokoknya album ini memanjakan telinga banget bakal disayang sayang deh kalau dapat albumnya,happy,4
username sudah pakai perasaan sekali kita mengomong nya cuman benaran caesar sama connor yang ok didi sama darren its not bad lah untung demen sama yang pada nyanyi,happy,4
pagi buta sarapan nasi chiki boncabe hmm perut mulai agak enggak enak,sad,2
mau bilang rindu tapi bukan siapa mau blang cemburu juga bukan siapa-siapa memang benar yang bukan siapa-siapa mana bisa dapat apa-apa,sad,2
eh tahi takut gua jadi ciize,fear,1
username username memangnya siapa stakeholdernya dpr ya rakyat juga jaman sudah canggih enggak mungkin dikirim pakai selebaran ke puluhan juta orang cuma buat kasih tau orang dpr mengapai saja pakai twitter bisa anda bisa baca tweetnya dan bisa balas,anger,0
belum nemu atau mungkin enggak bakal nemu sosok lain yang juga bisa menyambung mengobrol ngalor ngidul sambil duduk enggak pindah tempat dari jam 15 22 atau bahkan 7 21 tanpa terdistraksi hp miss him a lot,sad,2
menasihati orang bodoh ia akan membencimu nasihatilah orang ia akan ali bin thalib,neutral,3
pakdheku pulsa telkomselnya tetiba hilang 50k lalu sms dari bpjs 4444 sama provider buat internet disalahin ke grapari kayak tanya orang tua susah dibilangin,anger,0
samin rasis sudah tua pikun sudah tidak punya rasa sehingga lupa statemenya melampui tuhan nggugu karsane priyonggo gonjak ganyuk ngelingsemi,anger,0
seberapa penting akun medsos kppn buat kanpus atau satker kalau sudah ada grup tele atau wa apa masih relevan saya rasa enggak sih ya mending satker tanya langsung ke grup,anger,0
okay kak icus juga semangat ya,happy,4
enggak kaget kalo tau pendukung gubernur kafir,anger,0
pagi ini olah raga jalan sehat santai dan senam ringan wbs pstw bm ii jelambar didampingi asn dan pjlp di rptra kalijodo sambil berolah raga dan rekreasi menikmati suasana taman bersama anak anak yang ada ditaman lansia sehat yes url,happy,4
iya ajgg ih benci banget,anger,0
baru sekali2nya komen pendapat di di akun kpop2 begitu yang ada btsnya terus langsung diserang netizen2 yang tiba-tiba menyeramkan wagelaseh wkwkw netizen memang menyeramkan ternyata wkwkw,fear,1
sejarah indonesia mengajarkan bahwa ajaran islam masuk ke indonesia dengan cara damai nilai mengenai perdamaian inilah yang sampai saat ini terus dipegang oleh umat islam indonesia,happy,4
sebagai anggota komite medik di rs tempat saya bekerja kami kadang membicarakan death case di rapat komite medik membicarakan pasien yang meninggal dalam perawatan di rs bagaimanapun tidak pernah menyenangkan wlopun bukan pasien sendiri pun,sad,2
aku gasuka ada ribut2 sama cewek nanti pasti update di instagram quote2 yang nyinggung satu gengnya ikut benci sama aku lah nyebar kemana mana lah ceritanya kalo versi ekstrem nya nih sampai bisa nyindir2 kalo lewat padahal aku cewek,fear,1
lu dan psi yang tak punya manfaat pengecut penjilat tukang fitnah ton gue punya teka teki partai partai apa yang berideologi dendam bermental jongos dan dosponsori taipan brengsek,anger,0
dia marah yae di ship sama ayato katanya yae miko based on yae sakura on honkai yang memang canonically lesbian tapi ini kan genshin impact,anger,0
adek gue ldks sama pengukuhan osis lewat online enggak enak banget,happy,4
h 9 mau ke bank rame banget sampai antrian tempat duduknya ada diluar toko emas meluber sampai enggak kelihatan mbak2nya yang jualan ke swalayan antrian kasir naudzubilah panjang benar pada bahagia semua kayaknya semoga oh semoga rs sepi pasien pada sembuh dan pulang untuk berbahagia,happy,4
semangat mas bogs,happy,4
buzzerrp bani bipang kafer komunis komen kepanasan 2022 masih bodoh bin dungu mudah di bohongin dan di tipu manusia rendah moral dan akhlak,anger,0
aduh gua kalo ujan begini panik takut bocor lagi,fear,1
sering tuh gua dibegitukan pas kalo baru ketemu apsara lagi kok perawatannya makin banyak makin gendut saja sih wah senyum saja iya2in saja dalem hati bacot lu anjing,anger,0
anteng main bayi ini tadi video call pengin dibeliin pesawat robot setelah edisi mobil robot dia ketagihan carinya kapaaan sekarang saja rapat sampai rabu jumat sudah pulang mana keukeuh pengin neng yang belikan,happy,4
efek pemilu itu toksik sekalipun yang toksik itu berhasil merubah diri jadi lebih religius tobat tapi ya enggak terus seenaknya paranoid penuh kebencian juga sih,anger,0
membuatmu dan mengubah,neutral,3
terus al baqarah 62 orang orang orang orang yahudi orang orang nasrani dan orang orang sabiin diantara mereka kepada dan hari akhir dan melakukan mereka mendapatkan nya,neutral,3
becek2 dikit enak kok,happy,4
jalanan masih luas lu mengapai klakson tolol depan belakang lu kagak ada kendaraan,anger,0
dulu pernah depresi karena sering dihina oleh orang terdekat suka dibully broken home dan minder serta punya hasrat sexual yang kelewatan tapi enggak bisa nyalurin karena takut dosa kayaknya saja biasa saja tapi serius enggak ada arah hidup url,fear,1
kapan kau tidak lagi jadi penjilat manusia paling bego di indonesia adalah ruhut,anger,0
awalnya di bio ig dituliskan every picture has a story dan aku mulai merenungkan kayaknya enggak deh memang di balik foto selfie ada cerita apaan oke berarti harus di ubah berarti menjadi berisi cekrekan teman dan cekrekan sendiri sip,happy,4
tadi aku lagi makan dapat notif kan kaget,fear,1
halah hidup kok cuma modal kontol tapi pengin cewek banyak berlindung dibawah sunah rosul nih nabi yang dengar pernyataan lo kayak begini menangis anjir sesat bangsat belajar agama boleh tapi jangan sampai mabok kayak orang ini ya teman,anger,0
username username inilah contoh manusia yang buta matanya sudah tau ok oce dan dp 0 hanya tipu muslihat mau di bilang ada paktanya sudah enggak waras ya lo,anger,0
pcr atau antigen di gejalanya mild biasanya flue,neutral,3
kgk soalnya aku semangat event,happy,4
pengin di pijit sekali rasanya sakit semua kaki ini sedih,sad,2
mrpro atasi gngguan mkan order wa 085799289494 bbm d19cb7a3,neutral,3
lagi marak hanya opini saja saya malah support mbavia yang menyedihkan banyak yang anggap itu lelucon makin aneh lagi banyak perempuan yang memojokkan mbavia fanatisme yang tinggi membuat empati kehilangan tempat,sad,2
username username sama kasusnya jawaban copy paste tanggapan 1 terus tanggapan ke 2 boleh enggak kita pelanggan maaf estimasi pembayaran kapan kalau jaringan bolt sudah benar hahahaha yuk ah,anger,0
semoga lulus ke universitas impian ya buat temanny semangat,happy,4
biyar semangat,happy,4
wah ngeri juga kali ya pemilik username mobil diam saja akinya bisa jatuh dan mobil langsung terbakar waduh terios mertua musti dicheck juga nih kalau begini takut terrbakar pas diparkir diam,fear,1
ngeri banget grup b,fear,1
alhamdulillah jimin sudah sembuh dari covid senang banget pas dapat kabar kalau jimin sudah sembuh,happy,4
honestly im not the cheerful type orangnya lebih suka diam kalo enggak penting malas mengomong enggak mau sok asik juga but karena tuntutan peran jadi sok baik deh haha lucu banget memaksakan buat two faced kesel juga sebenarnya,anger,0
tl gue sepi banget deh,sad,2
sudah dibangun mas di kabupaten sidrap sulawesi selatan sedikit telat bila dibandingkan dengan negara lain but not bad lah url,happy,4
benar banget haha sampai sekarang masih suka kebayang2 sendiri teman-teman yang baru menonton saja aku jadi ikutan menonton saking gamonnya,happy,4
tiap kali intuisiku benar itu antara bikin lega atau ngeri sih,fear,1
tipe orang memakai iya ke orang-orang tertentu enggak atau enggak kalo iya ofc ke orang-orang dan banget2,neutral,3
tak dan permainan hal,neutral,3
ketulusan sepasang kan mereka merasakan atau berjumpa dengan sang pencipta,neutral,3
ngeri amat wkwk,fear,1
terimakasih saudara iku kalian telah menyadarkan kami bahwa kepulangan dari persinggahan ini tidaklah memilih di mana tempat dan kapan waktunya sebagaimana air mata tak pernah memilih tempat jatuhnya url,sad,2
ya truee lagi lagi the oldies kan semua macam takut for booster sebab baca news regarding post booster effectsi memang ingat nak walk ini ppv dkt pwtc itu je nanti hahah,fear,1
sedih banget hancur jujur sakit beet kalau ada apa-apa jangan mengomong sama mamak gue sn mengomong sama aku,sad,2
yang diharapkan itu pacaran dengan langgeng dan bahagia kalaupun sekalinya menjadi mantan aku ingin kita menjadi teman bukannya musuh,happy,4
alhamdulillah persib menang hati happy tidur pun tenang mvp malam ini adalah username yang membolehkan menonton persib tanpa nge chat setelah seharian susah komunikasian gara-gara kesibukan adek bedur,happy,4
satu lagi pilihan menikah tidak ada didaftar pilihan haha jadi intinya saya ingin membebaskan pikiran saya pilihan2 hidup saya tanpa intervensi dari pihak manapun,happy,4
mau cerita ayah sender tuh bukan tipe orang yang suka marah atau suka mengomong kasar ke sender cuma tadi karena sender enggak mau ikut pergi keluar sender dibilang bego sama ayah sender rasanya sakit banget kaget hehe tapi sender menahan buat enggak menangis didepan ayah,sad,2
ini ada yang menunggu enggak sih aku lagi sakit terus tbtb kepikiran takut enggak bisa nyelesein apa yang sudah aku mulai jadi bakal memaksakan update dikit dikit ya,fear,1
dulu kakiku hanya beralaskan setapak tanah kepalaku pun hanya beratapkan langit kelam kekasih sejati pun hanyalah kesunyian di dalam kegelapan yang kuinginkan,sad,2
day 02 paginya leyeh leyeh pas air galonnya habis jadi panik kudu isi ulang galon naik turun gunung dengan jalan yang subhanallah dan waktu tempuh sekitar 1jam pulang pergi ampir jatuh ke jurang gegara tanjakan ngeri dan jalannya rusak,fear,1
mengasih tehaer ke keponakan baju dua biji celana sebiji koko sestel sama jaket sebiji sudah lebih setengah juta pesan kalo lo belum sanggup secara finansial pikirin lagi punya anaknya,fear,1
yuk semangat nih,happy,4
tiba-tiba tidur bangun2 terus tiba-tiba enggak enak pikirannya tiba-tiba pengin menangis tapi indak tau sebabnya yuk kompromi yuk,sad,2
makanya yuyur agak kecewa biasanya mhy pintar bikin baju bozz,sad,2
kalian kadang ketemu orang di socmed yang ternyata temannya sih ini begitu enggak sih eh ternyata sih ini mantannya sih itu atau wah ternyata sih ini yang bikin konten yutub ini why why the world is sok smoll,happy,4
serius gue takut jadi botak gara-gara rontok parah pas gue potong rambut di salon saja mbak mbaknya nyuruh gue periksa ke dokter takutnya ada apa-apa soalnya ini rontok sudah parah banget akarnya sudah enggak kuat,fear,1
semoga cerah siang buku sekalian ke mas pepen,neutral,3
setelah di salahkan sama beliau ini adegan scene di tkp kemarin masih terbayang dengan jelas di pikiran gue bahkan sedetik setelah gue buka mata pas bangun tidur im sok sad pakai banget,sad,2
sakit banyak quin ini masih mau diperiksa penyebabnya temenin dong takut nih sepi sekali,fear,1
semangat jangan menyerah terus mencolok,happy,4
omg lagu itu dulu dengar sebab taktahu apa relation nya tapi deh besar baru tahu sedih gila mv itu,sad,2
username username bcs doi gue anak pelayaran tapi memang benaran sih ditinggal 5 bulan begitu ketemu cuma 3 hari dari 5 bulan itu parahnya atasannya yang sudah beristri main cewek begitu kan ngeri sedih,fear,1
skenario berikutnya adalah ending tapi belum di ending kan oleh sang penulis nya biasanya dikonflikkan sepanjang waktua dipercayai atau mempercayai dulu saling ending of kemanusiaan di kala ini,neutral,3
username sianjiirrr demen banget bikin kontroversi,anger,0
ikan lele gabus selar teri basah adalah sumber protein yang baik untuk anak digoreng masak kecap bumbu mangut dst enak,happy,4
ce kah tweetnya,neutral,3
takut banget yatuhan sama cowok begini padahal saya sendiri cowok,fear,1
ceramah ustaz nih riak macam kita orangkan kita nak sunat tapi riak teruskan kerana kita kerana riak adalah riak,neutral,3
baik banget nih orang tapi suka sedih kalo orang orang lebih mentingin pcnya sih,sad,2
wozniacki out daria kasatkina ini loh mainnya gendeng super kencang nampar2 hebattt goodluck,happy,4
di kantor baru ditantang bikin marketing plan dan harus bisa bikin cowok branding sama bank biru takut enggak bisa belum tau bagaimana strateginya dan gue sudah kepalang resign di kantor sekarang,fear,1
aku langsung mencoba nder ini pakai minyak telon doang sih wah luar biasa terharu,happy,4
ih tolol ya ketakutan tantrum bocahnya dikampus sampai malam,anger,0
semangat menjemput rejeki coy,happy,4
aa makasii lu juga semangat ya,happy,4
enggak usah mewek sudah biasa gue lihat kpop keluar masuk enggak usah lebay enggak jadi lockey lagi karena bias lu out dalam dunia kpop keluar masuk itu hal biasa kalau agensi dan denise tidak sejalan beda kemauan mau apa lu mau maksa denise stay mau maksa vine cegah denise tetap stay enggak bisa bikin jengkeeeelll,anger,0
sampai 4 tahun sudah ganti pacar berkali kali sudah ganti gebetan berkali kali yang terus gue tangisin sampai enggak tidur 3 hari cuma dia doang padahal pacaran saja enggak,sad,2
enak atuh,happy,4
dih tolol,anger,0
ketika kamu yaudaah kamu akan di orang tepat cheers,neutral,3
kami punya cara kami sendiri untuk berdamai dengan diri kami lewat jalan komedi kalau ada yang punya cara berbeda apa berhak membuat kami bungkam padahal kami tidak mengusik cara yang mereka percayai,anger,0
aku di sini cengeng suka misuh tiap hari ngeluh belum lagi kalo mengomong kasar jadi tau aku aslinya kayak mana takut saja kalo ada teman rl nanti yang ada makin enggak nyaman sama aku jadi kalopun ada teman rl yang aku ajak ke sini i know i trust them,fear,1
ekspektasi emak jangan capek capek jadi sakit kan ya sudah istirahat sana realita emak sokorr salah mu kakean dolan domongi kon nek omah saja angel eram,sad,2
hubungan asrama justin dan selena membuktikan bahwa pacaran yang putus menyambung itu enggak sehat takut terbawa sampai setelah nikah makanya jb menikahi cewek lain huhu,fear,1
hei remaja bangkitlah dunia ini bukan hanya tentang cinta harga diri ataupun ketenaran tapi tentang bagaimana kita berkarya berinovasi dan membangun negara ini,happy,4
sangat sangat kesal dan merasa tidak enak aku biasa memperkenalkan suasana keseluruhan album melalui highlight clip untuk setiap album tujuannya adalah untuk memaksimalkan dan meningkatkan karakteristik musik secara visual melalui video dengan kualitas terbaik,anger,0
angka enggak menurutmu,neutral,3
tersenyumlah mi christychibi tinggalkan sedihmu bahagialah lupakan takutmu tetap semangat dan terus menjadi yang terbaik senang,happy,4
username iya kali ya cikk apalagi kaya besok yang mau pemadaman hmm byasanya kan kalo deh mepet enggak ada air ataupun listrik ke kos lu ya huhuuu,sad,2
anjir bsbsnya mimpi iparku ternyata jelmaan siluman babi ya tapi kalo dipikir2 ada korelasinya sih sama sikap sifat dan tingkah lakunya yang enggak layak disebut manusia wkwk cok baru kali ini aku bisa benci banget sama manusia,anger,0
mereka sangat kuatir dengan dukungan penuh nu kepada presiden username makanya yang mereka coba utak atik dan delegitimasi adalah istilah islam nusantara yang diperkenalkan dan dikembangkan nu sejak muktamar 2015 jadi persoalannya bukan agama tapi politik,anger,0
attack set is for hima bisa memakai arte bonusnya nya dps macam 4 gladi 4 hod begitu,neutral,3
kalau bisa aku ingin mengulang waktu di tahun 2017 benci dengan keadaan sekarang terjebak diantara situasi yang membuat harus berpikir banyak hanya membuat tangisan di setiap harinya apakah bisa memutar waktu kembali,sad,2
saat kita lagi euphoria begitu sih bapak bilang kalian ini tukang bikin masalah pakai nada bapak2 yang habis marahin anaknya karena meminta jajan tapi tetap dibeliin kebapakan banget pokoknya kita cuma ketawa gugup lalu teman sempat keceplosan maaf bapak kita sebenarnya takut,fear,1
baca komentarnya sungguh menguras emosi asu,anger,0
akutu pengin ngeluh tapi takut begitu karena ya takut dikatai enggak bersyukur sampai sempat dinyinyirin kerjaanku cuma curhat sama marah-marah tapi bagaimana ya,fear,1
kalo ada yang menganggap big is beauty terus kami mikir big is awal mula berbagai penyakit sah sah saja lah kalo tersinggung jangan jangan memang enggak yakin sama kepercayaannya mau setuju tapi sudah terlanjur,fear,1
lawan saya mah pasti menang saya nya ta tidak enak p,happy,4
tapi sih teman orang sekitar tiba tiba enggak dan tiba tiba goa orang,neutral,3
kpop dita nya kenapa lu bilang overproud iya enggak kesukaan lu saling respect,neutral,3
pengin menonton ku kira kau rumah tapi nanti aku sedih masa sendirian anjir ini kawan di ajak enggak ada yang mau lagi,sad,2
bahagia itu dekat seperti i cinta the way you sayang good morning sok sayang itu every single day tapi me ya cuma mau mengingatkan jika satu orang sudah mulai pudar kepeduliannya jangan pernah takut karena diluar sana akan ada orang yang lebih peduli sama kamu as long as you di something good juga,happy,4
itu pas workshop school rangers bareng anggota baru terus pas main game celananya p nicky robek gun kelihatan kaget begitu off mah ketawa mengakak,happy,4
tapi itu langitnya cerah,happy,4
apa juga apasih bagus dong tlvn2an sama gery nyolot2an mele wkwk heran h,happy,4
makikan je vvip gampang lagi tolol kayak begitu,anger,0
terima kasih sudah berjuang sejauh ini bertahan sekuat kuatnya jangan pernah mengeluh terus berjuang terus semangat walau sendiri jangan bersedih masih ada tuhan yang mau menemani tiap saat for me,happy,4
hibur gue plis hibur gue justin astaga gue berharap kemarin cuma rumor gue bahkan berharap bukan hailey perempuannya walaupun gue tau faktanya mereka sudah tunangan,sad,2
alhamdulillah atas kepercayaan klien psikotes calon karyawan nya berjalan lancar biro psikologi talenta aditama banjarmasin,happy,4
aku jengkelnya ke semuanya sih mbulet kayak benang kusut btw sudah selesai bacanya kalau sudah no spoiler please,anger,0
username jadi dia itu terlahir dengan wajah yang agak kurang enak dilihat begitu loh susah jelasinnya sedih terus dia kalo ke sekolah suka pakai helm karena diledekin sama seantero sekolah tapi keluarganya tuh sayang banget sama dia pokoknya mengharukan,sad,2
mengurusi neraka orang sampai bikin hastag sedangkan sholatlu masih bolong bolong al qur an mu masih tersimpan rapi di almari dan uangmu masih belum berkurang untuk sedekah pikir dong,anger,0
menurut dia tindakan itu bukan pelecehan seksual benar kan kata gue ilmunya pada enggak dapat jadi enggak mengerti deh apa apa saja yang termasuk pelecehan sexual url,sad,2
adalah menjadikan ali bin thalib,neutral,3
mudah-mudahan saat divonis bersalah lagi enggak ada yang menangis atau tiduran di jalanan sambil marah sampai menjelang larut malam ya,anger,0
makin modern gaya hidupmu makin banyak kamu produksi sampah plastik believe itu orang not username coba saja itu sehari kalo kamu makan berapa sedotan gelas plastik plastik makanan yang kamu buang,sad,2
cie yang sudah sering dapat dm begituan cie makanya bisa bilang begitu ke mbak via vallen cie iri karena gadapat dm dari pemain bola buat dilecehin url,anger,0
lihat show terakhir stun deh lincah banget curiga pas bayi enggak dibedong tuh opa mick rt username username sex nya itu den yang bikin muda terus,happy,4
mendengarkan sambil streaming video klipnya ngabisin quota pakai indihome,neutral,3
kok tiba-tiba malam ini mrasa kangen ya aku ingin berjalan sambil memegang tangannya aku ingin memeluknya dan mengatakan bahwa aku kangen aku ingin menangis di pundaknya dan mengatakan jangan tinggalkan aku god please tell him,sad,2
agak ngeri ya,fear,1
keluarga besar aku jangan risau sebab korg termakan hasutan puki lahanat adik beradik aku kecuali bapak sih murni kau hina sih syahirah nih gila makan gelojoh hitam buruk anak kau pon gila lah bodoh lagi teruk dari syahirah anak aku lyn baik je anak kau siall ayah suratman,anger,0
masih pagi sudah marah marah saja,anger,0
tadi pagi kelock sayang dahlah meskipun sudah unlock tetap takut banget jadinya move sekarang saja,fear,1
sumpah ya gue sampai takut tiap papasan sama ayam pasti ngelambat soalnya doi tuh bukannya minggir yang lebih dekat tapi malah nyebrang,fear,1
kalo cewek ada opsi kak kalo enggak pintar manage uang ya punya banyak uang karena kadang perkaranya itu soal enggak mampu sih bukan enggak mau,sad,2
buat saya apa yang dilakukan via valen simbol perlawanan yang perlu didukung apapun profesinya wanita tetap harus dihormati dan dihargai url,happy,4
rasanya putri papua kakak fientje maritje suebu duta ri untuk selandia baru papua torang torang indonesia indonesia papua papua indonesia,neutral,3
dengan santainya pakai kaos celana oblong sendal jepit ribut dikuncir gantung muka kucel modal laptop sama hp jalan sendirian sudahh lengkap sekali,happy,4
nelfon cs username disuruh tunggu untuk buat pelaporan 7 menit and still go on tanpa kabar dari cs cuma disuruh tunggu mengapai lama banget aneh,anger,0
halo username username akhirnya kemarin saya bisa tuker di carls jr pas itupun ditolak dulu awalnya karena belum ada token toko masukan lain kali untuk promo kalo belum siap semua dari username atau carls jr jangan jual2 dulu ke publik,anger,0
bagaimana kalo beautiful debut chen kalo fansnya bahkan bakal ditinggalin fan fake kita lagunya bagaimana kalo pengin orang shit berat,neutral,3
aku dong malam ini checkup darah ok warning untuk tensi dan kolesterol terus kenapa pusingnya ya dok sepertinya gejala maag oh begitu tapi aku mengetik ini sambil nyruput kopi,fear,1
kemarin beli hibiscus berry yakult enak nder segar,happy,4
musim kan tahun ke tahun begitu,neutral,3
kalo ini enggak ada bukti berarti fitnah tolong username menindaklanjuti pernyataan ybs jangan sampai dianggap tidak berani ya pak url,anger,0
ampun kenapa para seme pada risih atau malu buat manja hey kalian begitu tuh lucu banget tau malah mau kekep sampai bengek enggak,happy,4
parfume kok enggak ada yang enak sih aromanya,happy,4
habis mendengarkan ternyata enak banget,happy,4
soal via vallen gue sepakat sama nikita mirzani jangan lebay kalau enggak suka di begitukan tinggal tolak dan block itu orang jangan di share2 jadi konsumsi publik kayak ingin menampilkan kepolosan tak berdosa bagaimana begitu,anger,0
astaga temannya glo ada di mana mana rasanya malas banget enggak sih buat ngelanjutin gambar gambar lama wkakak hmm yupi ya dulu aku suka beli yupi ulet apa cacing ya pokoknya yang kayak ulet itu tapi sekarang sudah enggak pernah beli lagi hehe,happy,4
pura pura bego saat dibohongi itu menyenangkan,happy,4
sudah mencoba dari pagi siang sore malam sampai jam 1 2 3 4 subuh juga kagak bisa terus aku panik dong,fear,1
pakai atau kf94 kak btw,neutral,3
yaudah tuh mulai dari situ aku hopeless padahal niat aku tuh ngebahagiain diri aku sendiri dengan usaha aku sendiri karena aku mikir siapa lagi yang bakal ngewujudin wish aku tahun ini kecuali diri aku sendiri,sad,2
gerah perjalanan jauh,sad,2
terbawa emosi,anger,0
pacarku suka hilang ilangan tanpa kabar dan kadang ngilangnya bisa seharian begitu nah sekarang dia juga menghilang lagi sudah 2 hari kalo aku meminta putus begitu aku berlebihan kah jujur aku sudah capek banget tapi aku masih sayang,sad,2
saya kemarin kecewa dukung pas di tps kini semua sudah terbuka jati diri yang sebenarnya,sad,2
kalo masalah masuk akpolnya sih aku enggak tau ya soalnya papaku enggak pernah cerita tapi pacar kakak sepupu aku sudah 3tahun mencoba masuk baru tahun ini keterima walaupun papanya polisi tetap susah masuknya,sad,2
alhamdulillah jimin pagi yang baik kabar yang baik,happy,4
kurasa miiko adalah satu2nya orang tak bisa bikin tappei yukko,neutral,3
lima menit setidak apapun basah kemudian bisa hadirkan apabila kondisi tak a tapak kaki permukaan tanah basah tenn masukan ke saku jaketnya,neutral,3
anjir ini akun gila bego dongo bikin gue kaget saja,anger,0
harusnya kamu bahagia kayun karena khia sudah merelakan ngetag kayun meluangkan sedikit waktu untuk mengingat kayun tapi kayunya bukanya senang malah begitu kayak ada sedih sedihnya begitu wkwkw,sad,2
wah iya banget ini mas saya di tempat kerja sering banget dapat hal enggak ngenakin mereka cowok2 nganggepnya becandaan yang cewe2 nganggepnya saya yang salah kenapa begini kenapa begitu,sad,2
dichat dia sampai 20 pesan ternyata tadi gue mimpi bangstt,anger,0
haah belajar chargeman a1 sekali kerja amik former kat kilang jadi worker dengan orang atas yang kejap okay kejap tak okay nak ikut cakap dia macam kerja tak pernah siap kimak semua kerja siap tapi bodoh nak memekak juga baruah,anger,0
yagitu mulai perkenalan dari awal itu njlimet belum pertanyaan2 menye2 yang musti harus banget dijawab iya kalo lanjut kalo enggak ya sia2 kan,sad,2
hahaha lebih enak pakai nalar daripada mikir itung hitungan,happy,4
kita semua punya rasa marah sama wowo prof jangan dendam ya prof kan waktu memilih kita serahkan semua pada allah tapi kalo ingat terus kejadian itu boleh laah prof,fear,1
fokus saja ngembangin identitas tim untuk di masa depan mu sudah ancur2an sejak lewat sepertiga musim yuk mu semangat benahi tim,happy,4
model kecil tapi asal halal bakal saja ada yang beli bakal saja ada yang order pas keliru bakal ada saja yang jujur lu kata siapa ndri sok tau banget gue sudah ngalamin sendiri dari jualan pulsa dan kuoat internet 100 ribu doang sekarang ketutup ongkos gue buat pp kerja,happy,4
gaya presiden jokowi dalam blusukan adalah mendatangi masyarakat bertanya mendengar dan berdiskusi sambil tak lupa menyalami masyarakat yang dijumpai,happy,4
dengan berlindung merasa punya hak imunitas dpr ih bodoh amat saya enggak pilih dia sebagai perwakilan rakyat sok orang sunda diam wae santet saja dari jarak jauh sih orang pdi p itu nanti nglunjak dan besar kepala nya sih anjing,anger,0
akhirnya 2017 lalu memutuskan daftar gabung volunteer username yang maret lalu berkesempatan ikut local leaders day dari username di mana seluruh volunteer dari seluruh indonesia berkumpul saling berbagi semangat dan berbagi ilmu seru banget,happy,4
iya sih kalo pakai jubah tapi menonton sendirian agak malu kalo sama teman masih agak ketolong,fear,1
kadrun kroco sih cuman dapat nasbung jika ada order demo tapi kini lagi sepi order jadi kelaparan makanya mengaco meracau jadinya wkwk mengakak,happy,4
kalo baring bawaannya lelah kalo kerja bawannya semangat terus salut sih sama diri ini,happy,4
gue masih jengkel ya sama teman teman sekelompok gue,anger,0
baca ini aku jadi takut sedih padahal pakaianku sehari hari juga sudah syari kerudung menutup dada dan selalu pakai rok,fear,1
semoga apa username sadar bupati purbalingga dari pdip kena ott kpk warganet allah sedang menunjukan pak mahfud partai mana yang lahirkan koruptor besar url,sad,2
sudah lama enggak dengar suara denise jadi pas dia ngecover lagu day6 sedih gue jadi,sad,2
malah takut enggak sih,fear,1
terima kasih dinporapar kabupaten purbalingga juga rekan2 pramuwisata purbalingga yang telah datang dan berpartisipasi dalam acara buka puasa bersama username untuk hadirnya pula sinergi saling mengisi dan memajukan pariwisata url,happy,4
memberi bunga kepada orang yang nyinyir hidupmu adalah cara yang paling membahagiakan namun pastikan bunga tersebut bersama pot nya saat kau lempar astagfirullah,anger,0
all the best buat women si team dan men si team ina takut dikit tapi saatnya pelapis kita menggali pengalaman dan melatih mental fighting,happy,4
halo kak ofiee aku suka banget sama genre au kakak yang baru semangat terus ya nge au nya jaga kesehatan selalu dan jangan lupa baha hai wow aku senang banget dengernya terima kasih ya sudah suka dan mau bacaa jangan lup fiecc,happy,4
username username dan lebih tenang lebih berani tahan bola akhirnya lfc punya dm sepadan dengan fernandinhonya city matic nya mu kantenya chelsea siap bersaing deh ini musim depan,happy,4
hi kak mohon maaf terkait kendalanya terkait kendala tersebut untuk saat ini kami tidak dibekali informasi tersebut apabila ada kendala lain jangan ragu untuk menghubungi kami ya kak terima kasih wh,fear,1
sabar ya mbak bingung mau berkata apa kalau aku pribadi jadi mbaknya bakalan marah besar sih,fear,1
gue memang cuek sih banget banget malah tapi kalo ada yang buat risih atau enggak nyaman ya hati-hati saja lah pokoknya jangan sampai gue ajak nongkrong breng,anger,0
happy birthday jiann adek gantengkuu gemas lucu kuat perkasa semoga rl charamu dan kamunya sukses terus bahagia selalu dikasih banyak rejeki kedamaian hidup banyak yang makin sayang sama kamu juga have a wonderful day,happy,4
mode ekspresif ekspresif masih,neutral,3
ngakaka semangat,happy,4
pagi ujaann enak banget buat tidur,happy,4
masih sepi enggak sih kok belum ada ysd yang lewat,sad,2
rencana mau bagi makanan ke para tetangga karena mendekati hari raya oke tradisi ater ater kalo dirumah realita katanya disini enggak ada kebiasaan kayak begitu krik krik berakhir dengan yaudah kasih ke yang mau saja deh entar kalo mau buka puasa,sad,2
musim depan manchester united merayakan 10th pecundang liga inggris dulu sedihmu kawan,neutral,3
bahagia dong diajak jalan ke mall suruh jajan dan yang pertama di jajanin sih mungil kemudian galau lihat baju ungu cantik kalo bilang pengin itu sih diiyain saja sama dia tetapi emak kudu waras dikit,happy,4
aneh banget bego lu,anger,0
ayo lifeb sepi banget minggu ku enggak ada tayangan snowdrop lagi sedih,sad,2
enggak kok kenapa tapi gapapa sesekali nderr nebeng teman begitu menonton enggak gapapa chill wilayah enggak bioskop dan isokay kincana kok,neutral,3
hah gue sedih banget,sad,2
islamofobis buzzerp yaitu 1 para njing sepilis dan komunis pelaku maksiat yang ingin mencari pembenaran atas kelakuannya 2 para b bi kafir pecundang debat teologis secara akademis yang ingin melampiaskan dendam kekalahannya,anger,0
di nasional wasur kanguru walabi disebut saham relatif ditemui perburuan sejalan dengan prinsip keberlanjutan diizinkan perburuan merusak tantangan,neutral,3
kau lagi bodoh kalau percaya papagomo yang kau panggil papa bodoh itu buat video bertaraf hollywood haha,anger,0
kamu kenapa kartu haha,neutral,3
suka banget sama lagu bangtan yang film out itu enak banget di telinga gue ada yang sama enggak jangan lupa streaming di semua platform musik ya termasuk yt i vote for for at the 2022,happy,4
saat paling bahagia menurutnya adalah saat ia tidur,happy,4
memasuki tahun ke 4 menunggu seseorang eh ada yang lain datang tapi enggak tanggung jawab sama kelakuannya besok kalo keluar2 pakai rok saja mas,anger,0
100 days my prince ini wajib banget ditonton apalagi kalo suka romcom,happy,4
setelah muncul nah sekarang lagi rame ku merasa sangat uptudate dan bersyukur anti uninstall twitter twitter club,happy,4
orang ku adalah seorang bodoh demikian malah sebaliknya,neutral,3
enggak gue tuh pengin tidur cepat tapi selalu enggak bisa selalu enggak tenang kayak enggak membolehkan gue buat tidur kadang suka kebangun lah sampai bangun bangun pusing ini juga gegara begadang mata jadi kelihatan capek banget sama kantong mata item banget,fear,1
gua sedih banget,sad,2
padahal kubu kamu juga buat naik daun kan anis rakyat juga enggak bodoh tolol,anger,0
rada ksel juga ya setiap mau expo pasti h 1 yang dpnya kalo begitu mah boro mau brangkat psen tiket saja mals atau enggak yang begini sudah di malang beb aku isi ya dp sekarang rasanya pengin gue jotosin palanya,anger,0
mereka bergurau canda gue tepar terus pulang naik gojek sampai rumah pantat gue tepos jauhnya bks ujung ke ujung but aku bersyukur masih bisa ngumpul sama teman-teman banyak pelajaran lu hari ini 1 bersyukur 2 harus teliti jangan terburu-buru 3 istirahat yang cukup,happy,4
bentar lagi padahal pakai macet segala,anger,0
bilangnya realistis butuh duit sbnrnya lebih ke oke gue cari yang banyak duit begitu enggak sih orang materialistis tuh iinget segalanya butuh uang tapi uang bukan segalanya agak emosi memang sis kalo sok sok realistis tapi ternyata materialistis,anger,0
mu guys aku mau ngecat rambut tapi sebelumnya aku belum pernah ngecat rambut mau meminta saran warnanya apa ya tapi jangan yang heboh2 aku takut kaget,fear,1
sygg tahun lu,neutral,3
agak ngeri ya women nya,fear,1
username jadilah orang yang yakin karena keyakinan pasti mengguncangkan pola pikir yang ragu dengan banyak pertanyaan dalam pola pikir dan jiwanya bacalah dengan nama tuhan yang menciptakanmu url,happy,4
ujan terus enak,happy,4
ternyata banyak fan kpop dadakan ya mending lisa enggak usah kesini saja kalo begini caranya tanpa dipromosikan pasti banyak juga kok yang datang ke fanmeetingnya lisa aku ksel kak lihatnya username,anger,0
nah itu yang saya enggak mengerti tapi saya bayangkan mungkin sulit juga melototi apbd dari gub lama oleh gub baru secara rinci untung saya bukan gubernurnya baik lama maupun yang baru url,fear,1
berat badanku 77kg aku minder aku takut di bully aku takut mereka yang bilang cantik itu langsing bukan sih a n t i ke aku juga takut dibilang gapura kecamatan url,fear,1
huaa bagus aunya aku suka simple lucu sedih ada semua enggak apa-apa enggak dapat maliknata jadian wkwk,happy,4
terus masih masih maklumi tapi masih di sebut tagihan,neutral,3
terhadap akun palsu mengatasnamakan bank dan untuk dan bank ibu bisa mita di whatsapp official 0811 84 1400 kesehatan selalu tks wilsa end,neutral,3
43 206 via,neutral,3
saat ini kami segenap pegawai di lingkungan kementerian perhubungan sedang berduka atas musibah yang menimpa rumah kami proses pemadaman api sudah berhasil dilakukan walaupun ada rekan kami menjadi korban,sad,2
ketika kita suatu hal akan kita ketika kita everything is flowing and we feel tapi kan kita impostor syndrome enggak kita bagaimana cara kita,neutral,3
selama ini enggak sedikit orang yang mengasih tau saya berobat di sana di sana dipijet di sini di sini tapi saran2 tersebut cuma saya iyain saja bukannya enggak mau berusaha takut cuy orang yang mijet bukan orang medis enggak mengerti anatomi pernah akupuntur sekali itupun sama dokter dan sudah sekali saja,fear,1
selamat pagi pak deh tetat semangat dan sehat selalu,happy,4
nih mengetik sambil sedih apa bagaimana nih air mata ngucur mulu,sad,2
username username kalo kita punya tiket tiket apa yang paling bisa buat orang bahagia tiket ketemu username username,happy,4
kenapa ya kalo tengah malam itu suka sedih sendiri berlarut larut terus semuanya kayak berkelebat di kepala mulai masa lalu masa sekarang masa depan tuh whyy,sad,2
username ini air di kemanggisan mati dari sore enggak ada info apa-apa sudah lapor katanya dari sistem enggak ada gangguan tapi air mati ah serasa hidup di alam gaib,anger,0
lebih baik melihat dia marah dari pada melihat dia sedih,sad,2
hah kenapa suer kok pada kaget begitu,fear,1
gm gm keep streaming guys semangat,happy,4
mama takut bagaimana,fear,1
alhamdulillah enggak malu,happy,4
hai apa kabar gembira pertama kali twitter,happy,4
kagak kak gua cuma masih kaget,fear,1
amanda dia teman sekelas aku waktu kelas 7 dia tuh cantik banget masyaallah baik juga kalo mengomong tuh anggun bawaannya adem saja kalo ketemu dia terus anaknya solehah pintar dia suka ikut-ikut organisasi begitu kurang apalagi coba,happy,4
username username kirim salam buat pergi berlibur membeli celana kuping sakit karena berisik lihat ini sahur ada brianna walaupun kepala pusing jadi tetap asik,happy,4
dan menangis lagi pas prilly marah ke mama papanya ngeluapin semuanya aku menangis lagi yang di kehidupan prilly itu semua related,sad,2
akun wayv akun gue jarang ngetweet,neutral,3
fh nih no fee no target dm,neutral,3
salah seorang teman bertanya sakit mana dengan sakit hati jika saya dapatkan rasa sakit yang sama saat patah hati dengan rasa sakit saat mendapat tindakan dokter yakinlah saya tak hanya mengatakan iya saat dia meminta maaf mungkin akan ada pelajaran buat ia pahami sakit itu apa,sad,2
ini rcpc enggak ada kabar comeback lim sudah waktunya tolol,anger,0
karena kalimat masasih uang yang kemarin dksh gacukup boros bangetsih masa uangnya tinggal segini lantas sih pengatur keuanganpun ingin murka rasanya terharu,anger,0
username not only educated tapi jadi lah seorang isteri yang mampu menjadi sahabat baik kekasih dan juga isteri yang baik terhadap suami ini shaa allah niat nuhaa yang baik itu akan dapat petunjuk dari allah swt,happy,4
acuhkan saja orang yang berkomentar seperti itu team t adalah team penuh dengan member yang bakal memberikan sinar kedepan buat jeikeitei mereka itu kuat tangguh dan penuh warna percaya kelak team t akan berkembang jika bersama sama support antar anggota team kompak username,happy,4
ditungguu semangat tinn,happy,4
a luar biasa banget sedih kadang suka iri sama anak ipa 3 dulu kenapa bisa ambis dan kompak secara bersamaan sedih anak kelas gue malah berkelompok mulu kalo apa apa jadinya malas sedih,sad,2
takdir mereka takder mereka,neutral,3
lo benci jamet sih sebenarnya bukan pesepeda motor,anger,0
pagi pagi di keadaan gue yang enggak enak badan ada kabar baik banget alhamdulilah jimin gue sembuhh,happy,4
wah kelihatan gobloknya kalau begitu bangsa kita masa waste system hanya tempat sampah dari jerman username username username tolong gub wagub temuin mas username saya sudah berikan konsep penanganan sampah secara integrated ke beliau rencana saya presentasikan url,anger,0
ya sudah semangat buat hari ini,happy,4
sabar ya sayang ada waktunya orang orang itu dapat balasan ill memakai sure theyll get itu dont hide ur smile dont give me fake smile everything gonna be okay username url,anger,0
sebuah misteri kenapa kalau ada perempuan korban pelecehan seksual yang speak up yang paling ganas jari mulutnya justru banyak perempuan juga,anger,0
baru kemarin ketemu spesies yang begini mana dia mengomong dibesarin lagi suaranya sampai sekelas dengar aku balas lah emosi kali aku wak,anger,0
ujan anginn takut banget mana genteng tetangga gue melayangg banyak banget untung enggak kena orang huftt siang siang takut,fear,1
apasih bawa-bawa tahun tolol,anger,0
baca cerita username ini memang kacau niat baca biar tidur malah jadi parno enggak bisa tidur,fear,1
ds sultan je kan macam sri vida pahang tak,neutral,3
semangat juga mass,happy,4
semoga semakin paham dan semakin takut kepada allaah swt aku berlindung kepada allaah swt dari godaan setan yang terkutuk url,fear,1
awal smt 3 ada rekrutmen buat asdos mau daftar maju mundur takut ilmuku belum cukup,fear,1
iye lu yang disana kok lu ganteng banget sih maaf enggak bisa mengomong langsung sedih sedih deh,sad,2
tiap wtm dan menunggu lta satu sisi sih fmc nya juga deh ganti jadi x013692 enggak sabar tapi ya ngeri dan wuaduu,fear,1
rajin kerja enggak kalo punya semangat kerja yang tinggi mah gapapa sedih,sad,2
belum sarapan sih ini ujan indomie soto telur kali,neutral,3
gue suka bingung orang tuh kenapa sih caper banget mau atensi orang dengan ngehate sc barangkali lo baca tweet an gue nih tolong ya lo baca kalo lo enggak suka sama mika sok mengomong tapi the point enggak usah kayak kontol sukanya ngehate pakai sc kayak orang tolol pecundang senang,anger,0
gue takut dm authornya apalagi bohong umur padahal dosaan baca begituan gasi enggak tau sih,fear,1
saya mengadakan pertemuan sangat baik dengan presiden username dan dengan happy hati menemaninya dalam kunjungan blukusan dadakan di masyarakat tulis lagarde dalam status twitter nya,happy,4
heran banget sama orang orang yang suka nunda pekerjaan tanpa alasan,anger,0
haha makanya jujur ay jangan bohong haha jangan satu bohong di jual lagi hayo,anger,0
woy tolong lah mu kalo lagi tolol tololnya kebangetan banget,anger,0
ketika rasa itu tinggi maka seseorang pasti ingin tahu apapun terkait hal yang dia minati nah disini peran respect sesungguhnya kebiasaan kita karena mungkin gue juga begitu suka menertawakan hal yang kita anggap itu lucu namun itu lah hal yang ingin orang lain minati,sad,2
tida lu deserve,neutral,3
kamu luarnya kalo ada mbak as kebersihannya enak jadi ada yang bersihin tiap minggunya ya karena bareng2 jadi kurang privasi saja kamu dalemnya privasi terjaga kalo malam enggak usah keluar kmr kalo kamarnya kecil jadi lembab rawan binatang2 kecil bau huhu kalo enggak rajin bersihin ya,fear,1
marah kat diri sendiri,anger,0
pas sama kalo pelajaran berikutnya bindo ngibrit ke kelas bindo cepet2an ngambil kursi paling belakang gurunya seram wkwk url,fear,1
gue selalu tapi lo ini sekarang chel,neutral,3
dia siap kata kalau alter perkataan kena sign tepi itu hello aku ke yang kena sign tanya lah front hang apesal aku lak yang diragukan nasib kali kena carut aku dahlah aku marah betul kalau orang spoil mood aku pepagi,anger,0
yuhuu semangat sabtuu,happy,4
marah mulu perasaan,anger,0
aku bodoamat karena memang enggak mau lama-lama diacara tapi kok tetap kayak sedih saja ya aku bisa makeup sendiri pakai baju yang ok juga bisa kok tapi rsanya kayak beda sendiri itu agak sedih hehe,sad,2
kok sono se,neutral,3
teman rl kalo ini anggap enggak,neutral,3
bae bitcoin ngko ujug ujug sono menanyakan,neutral,3
pertama kali beli kolbuk lucu banget tapi rada ragu buat makenya,fear,1
amin selamat pagii juga kak sedih hasil draw enggak ada yang nyangkut,sad,2
setiap orang cara masing masing hal tapi sesuatu dicari akan bisa ditemukan di keberatan dengan kedua panggilan tersebut,neutral,3
omg finally ada kabar baik pagi ini jimii sayang kuat banget hebat banget bangga sama jimii sekarang banyak2in istirahat dulu ya sayang mam yang banyak jangan capek2 semoga semakin cepat pulih kesayangan lulls,happy,4
jika berat melupakan masa ringankan dengan mengingat masa depan orang disampingmu saat ini,neutral,3
kata siapa hidup ini tidak ada gunanya ingat kita diciptakan ini punya tujuan semua milik kita adalah barang titipan dan harus dikembalikan agama adalah tuntunan untuk membantu kita mencapai tujuan url,fear,1
meminta tolong unit barunya langsung dipasangin semuanya sama dicek flashnya bisa atau enggak sudah worry saja dari awal beli takut ada apa-apa makanya sampai gosend instant taunya benar saja kena apes untung sellernya baik mau ganti unit baru,fear,1
oalah masih pagi sudah dibikin emosi,anger,0
pas mark live ig kemarin ada yang bertanya ada live koreografi enggak lagu mark tuh sedih masa lu nyuruh mark nyanyi sambil ngedance yang benar saja,sad,2
makin benci sama jumat 24 jam termual untuk sebuah perjalanan darat tasik cirebon tasik sabtu sudah kerja lagi mantaaaap badan makin hancur sudah ini tinggal tunggu matinya saja lah,anger,0
bri telah kami dm akun bri terdapat biru verified dan channel private bri whatsapp nomor 08121214017 tks shima,neutral,3
cewek ketika pasangan meng anggap meng anggap dan meng anggap cewek satunya,neutral,3
story nikahan nih rasanya yaelah enggak enggak deh mah,neutral,3
nikmat dunia hanya sementara indahnya cinta hanya seketika indahnya mimpi itu belum pasti tetapi eratnya silaturahim insyaallah dibawa sampai mati dari teman saya prof rifai selamat malam tweeps jangan lupa berdoa sebelum tidur,happy,4
gapyear kalian bangun jam 3 4 terus dan enggak di jam sekarang bagaimana tipsnya sender sekarang dan,neutral,3
lebay banget sih masalah kygt doang sholat lo makanya makanya cerita terbuka sama orang ya njing kalo solusinya kekgitu doang mah gaperlu dikasitau,anger,0
jika ingin menikahlah dengan pria wii wii duit,neutral,3
hai piaa semangat hari ini,happy,4
huwaa anjir kaget dan senangggg banget kakak gue pulang kerumah skskw,happy,4
bberapa tahun kemudian kesejahteraan keluarga makmak ini teus meningkat sampailah suaminya itu dpet pangkat yang tinggi kurang paham juga tentang pangkat2an di tni pokoknya sudah hidup bekecukupan,happy,4
di tengah-tengah instant gratification ternyata utama dibutuhkan untuk bertumbuh ini 1 quote leo tolstoy gue menggambarkan dan waktu,neutral,3
tahu acara yang paling asik acara asikahan anak kita nanti username username,happy,4
jadi nomor yang hangus itu tidak bisa dipakai lagi atau disetting kembali di kartu baru min maaf nah min masih kekeh pertanyaannya username,anger,0
username itu claims tapi be penggantinya pet soc gitulo mas tapi yang bikin mencurigakan update medsos enggak jelas dan enggak sering ku takut ini cuma hoax,fear,1
tadi sempat swafoto bareng pesinetron komedi top tukang ojek pengkolan memang odih alias om kusye yang membanggakan adalah sih om menjadi saksi mewakili dari pihak perempuan keluarga url,happy,4
mu kalian mandang orang yang jerawatan bagaimana sih aku habis beberapa kali tes universitas selalu berakhir enggak mengobrol sama siapa siapa soalnya aku takut mereka enggak nyaman sama jerawatku aku mau punya teman tapi pikiranku selalu begini tolong sarannya ya,fear,1
kita mengira ini enggak pencapaian saat ini tapi kita juga melakukan hal dengan point bakalan kalo meyakini,neutral,3
lagi sedih meong ku meninggal sedih,sad,2
ini rame banget urang suka ge pas kira bocil wkwkw,happy,4
ramah tamah rajin marah tak mau mengalah,anger,0
akun 1 masih balikin,neutral,3
yuk semangat yuk walaupun badan lagi kurang fit,happy,4
silky drink yang blue citrus juga enak banget,happy,4
ada moment dimana saat bawa motor dari tabing limau manis setelah satu jam ada tempat yang kalo kita sudah sampai disana hawa yang tadi nya terik badangkang jadi adem seadem ademnya karena jalannya kayak hutan ketutup pohon semua sesimple itu pun aku kangen,happy,4
sifat kamu itu buruk banget,anger,0
beyb sabtu begini biasa rame enggak ya btw semangat ya semua semoga hari ini laris manis,happy,4
username helloowww pak username asian games tinggal hitungan minggu dan jakarta masih belum kelar berbenah apakah anda tidak malu palembang 95 pengerjaan hampir kelar dan anda pak anies urus trotoar pun belum selesai2 anda itu gubernur,anger,0
spontan nyalain flash hp dan mencari tissue buat lap tak lupa sebelumnya gue senter bagian atas kamar sejajar sama lokasi tetesan enggak ada apa apa mau lihat hasil lap di tisu pun parno pas braniin lihat untung ya cuma air biasa karena lagi flu percuma juga mau nyium itu baunya,fear,1
tetangga sih reseg eh sih a deh masa kamu belum ih padahal kan lomba btw spotify 3 35k dan masih app lainnya order,neutral,3
dari kemarin mau ganti ava susah sekali sudah,sad,2
kalau cerita kat laki aku pasal mimpi malam tadi mesti kena marah,anger,0
sudah begitu jurit malam umayan takut sih soalnya tempat yang dipakai kemah itu dulunya hutan hanya sekarang dijadikan taman khusus buat kemah begitu setelah jurit malam jam 4 subuh itu harus mencari lencana yang bentuknya sangat kecil kayak uang koin,fear,1
angel chibi terima kasih karena kamu sudah buat hari hariku jadi lebih bahagia kamu adalah hal terindah di hidupku yang singkat ini terharu,happy,4
ayo semangat pagi ini,happy,4
dikira sudah sampaj kampung halaman nyatanya masih di pangumbaraan hehehehe rm ikan bakar pangandaran jl yos sudarso url,sad,2
semoga bisa tercapai ya kak semangat untuk temannya,happy,4
aku bukannya over atau lebay aku cemburu aku khawatir aku bawel itu karena aku sayang dan takut kehilangan itu saja terharu,fear,1
wonya dia santai tapi kena ke semua otot mantap,happy,4
kaget mengira akun teman ku dan sama ava sama,fear,1
jangan sok akrab ye mention mention gue maling dulu saja yang benar nanti kalo sudah sukses jadi malingnye baru gue balas mentionan lu lu pada url,anger,0
username enggak pernah dan enggak akan pernah percaya sama aplikasi macam itu kayak yang baca artikel terus dapat duit juga itu kita memasuki data pribadi dan no rek juga kan bahaya enggak sih jangan mudah tergiur sama hal hal begini deh,fear,1
walaupun danpuspom anak buahnya memangnya lu kebal hukum tugas puspom enggak lihat lu jendralnya tapi lihat kasus hukumnya bilang saja dong memang takut dikerangkeng,fear,1
udaranya mendukung sangat buat makan habis itu tidur hoam o,happy,4
diucapin happy birthday sama bapak heran2 gua kan sudah lewat 3 bulan lalu ternyata berdasarkan kalender hijriyah tepat hari ini 20 ramadhan 1414 h gua lahir ok i accept that,happy,4
back tapi maba lyfe jam segini baru pulang ke kos motoran sendirian jalanan gelap sepi takut tapi harus berani yallah begini banget minggu2 terakhir kuliah quat quat quattttt,sad,2
terimakasih selalu dukung bang selamat akhir pekan sehat dan bahagia,happy,4
baca buku ini diawal senyum ditengah tengah senyum miris diakhir senyum pasrah nuhun bung username,happy,4
lagi di fase sedih banget enggak punya siapa buat cerita,sad,2
senang banget ya bisa mengumrohkan orang banyak,happy,4
pernah dulu pas pulang ke banyuwangi bisnya seram kayak begini dan asli enggak bisa merem sama sekali karena takut kalo sewaktu waktu nabrak url,fear,1
adek orang kata simpan sikit takut esok nak guna haha,fear,1
memfilter orang orang yang toxic yang suka mengurusi hidup orang parah banget ngerinya,fear,1
sarapan bubur enggak pakai kacang dan diaduk,neutral,3
anaknya mendengarkan orang bakal ovt atau apapun di twitter nya di priv daripada ke orang walaupun bakal dilihat juga orang,neutral,3
pedri atletico mereka akan untuk dan bola mereka memberikan intensitas permainan kami untuk menguasai bola dan memainkan permainan kami,neutral,3
semangat abang,happy,4
nyeberang lewat pelican crossing yang ada di dekat up saja masih ngeri motor mobil susah mengalah,fear,1
sebetulnya enggak ada maksud jelek cuma kagum dengan pencapaian putrinya teman yang disekolahin desain komunikasi visual secara jaman now orang pada ribut soal sekolah negeri dan zonasi apa daya dianggap belum bisa move on oleh semua kawan lama jadi terpaksa unfol ybs,sad,2
mka a jangan mengatai orang kalau enggak mau dikatai jaga tuh ocehanmu giliran dikatai bla bla bla dibaca tuh sapa yang mengatai,anger,0
dari kemarin aku coba tahan buat enggak buka twitter sekalinya buka dapat kabar kalau jimin sakit kayak langsung menyesak begitu tapi pas dia bilang kalau army enggak usah khawatir bagaimana enggak makin menangis tapi aku bersyukur sekarang dia sudah sembuh sehat terus ya anak baik luv you,happy,4
lukaku banyak banget disini dan kalo tiba-tiba teringat masih suka menangis masih terasa sakit,sad,2
jiminku sembuh semoga dia secepatnya bisa beraktifitas seperti biasa,happy,4
i want bb ku yang lama balik sedih the bb kepler putih aku cuma mau lihat chat history ku waktu kelas 9 cuma mau baca ulang sekali lagi saja gapapa i wanna know what did i miss,sad,2
nih kak isvaya nderr kalo masih dulu profiles nya di flipbook atau dm ke charie,neutral,3
eh ada lagi deng hehe bikin kaget saja,fear,1
enggak apa-apa dek gue pernah kok tahun 2008 tapi bedanya enggak ini enggak awikwok siiuu,neutral,3
oh yang sabar ya senang video anime2 saya ran menangis banyak sangat yang ke hapus menangis menangis menangis,sad,2
weh lagu apa nih kenapa broken sangat dia macam mempersoalkan cinta instead of perempuan yang break his heart he don t blame himself too tapi dia salahkan cinta yang tak bersalah macam cinta itu orang ketiga antara dia dengan perempuan itu,sad,2
ya allah berkati bahagia hmi,happy,4
budi pekerti toleransi bersosial bisa menciptakan namun berkehendak saling menggangu dan menghina apalagi urusan dapur,neutral,3
semangat masih pagi,happy,4
kaget lagi ke toilet sudah banjir ternyata di 1 langsung cek flow dan wow ternyata benarr akurat juga flow ya selama ini gue pikir gue haid selalu mundur atau kecepetan seminggu,fear,1
aku mau curhat disini saja deh aku tuh selama suka kpop suka minder sama teman rl walaupun memang teman ku ada yang suka kpop juga cuma kadang risih sama teman-teman yang mengomong stop korea pls shel dan lainnya,fear,1
aku termasuk orang yang tidak habis pikir dengan orang yang menganggap wajar hal tersebut dan justru menyalahkan via vallen karena dianggap lebay namanya pelecehan dalam bentuk apapun itu pasti menyakitkan tidak peduli jenis pelecehan apa itu,anger,0
ada raisa makan semangka ayo kak admin yakin kamu bisa dan semangat terus ya xb,happy,4
sudah hampir maghrib sih bapak supir cerita kalo feeling enggak enak banget setelah aku carter mimpi kecelakaan begitu-gitu dan benar-benar takut kejadian intinya aku enggak dijemput repotin keluarga juga malu masa pesan travel saja enggak pintar,fear,1
semangat lesnya,happy,4
masak pagi ini sambil dengar lagunya username yang berkolaborasi sama username lagunya asik banget masak juga menambah asyik btw lagu ini buat piala dunia loh coba deh mendengarkan juga lagunya di url,happy,4
username membayangkan dirimu bercengkerama dengan wanita wanita cantik barusan lumayan memantik api kecemburuannya lagi sampai tanpa disadari ia mengerucutkan bibir dan mengerutkan kening maka dari itu ia tak menolak usapanmu di pipinya dan melirikm,sad,2
username kalo begitu sekarang di spanduk tersebut kalo enggak salah pojoan alun2 depan kantor di keramatkan ya bu kira-kira masuk bid ah juga enggak ya,fear,1
tau kan rasanya mau lanjut enggak bisa melek takut nabrak,fear,1
harini story iolls full muka alepan itu saja yang mampu buat pon haha happy birthday username bff yang paling gua sayang,happy,4
lakaka ikut bahagia melihat ini,happy,4
gua benci dimana setiap gua mulai suka sama orang kenapa orang itu seakan akan menghindar,anger,0
suka banget melihat luka ngehajar clippers wkwk,happy,4
saya sangat setuju dengan mendukung apapun yang diputuskan pak bupati kutim untuk pemperjelas batas desa kecamatan dan perijinan lokasi perusahaan baik tata peruntukannya demi meningkatkan perekonomian kesehatan supaya tenang dan selalu aman url,happy,4
santai buat cowok enggak usah emosi sabar ok biarkan mereka menilai seperti ya apa tentang cowok kita cukup memilih mana yang lebih cocok haha,anger,0
takde warning bodoh nih tikus just brushed pasti my leg,anger,0
what a shame bro ye pulakaku hg,neutral,3
request tulis di kolom komentar,neutral,3
nah begitu kan enak nanti gua kalo ditanya punya teman enggak masa jawabnya punya namanya badut oppo salken hen kenapa malu ya asal halal dan menyenangkan mah gas saja kan gua juga kalo bisa mau jadi badut oppo,happy,4
ya kecewa harusnya out bareng cr7 kemarin hadeh,sad,2
enggak mengikuti sn tapi ikut sedih dengernya,sad,2
guyss kalo instan bisanya wkwk,neutral,3
20 orang di suatu i for at the 2022,neutral,3
semoga allah terus memberikan ridho dan berkahnya buat kami agar pernikahan ini bisa lebih dari sekedar menggenapkan separuh agama tapi juga jadi dakwah buat banyak orang,happy,4
teringat dulu ngejar2 pak saja sampai ke annex membela-bela toefl di jakarta tanpa persiapan samsek mengirim hasil toefl ke bandung lagi ngumpulin berkas ini itu dll dll,sad,2
bioskop tuh jam berapa sih,neutral,3
semangat ya mbak,happy,4
username cibiru entah kenapa begitu daya tariknya kencang banget sekarang lagi sayang sayangnya begitu tapi apa daya bentar lagi mau enggak mau harus siap meninggalkan kesal,sad,2
ya kecewa,sad,2
semangat mencari nafkah untuk baby l nya ya kak aku doain dari sini semoga selalu diberikan kesehatan yang luar biasa,happy,4
aduh enggak enak banget nih keluarga kalau misalnya klaksonin,happy,4
eung aku sih termasuk zonkies n receh ppl aku punya ratusan meme yang neomu unfaedah tapi bisa bikin orang lain smiley hehe aku juga orngnya spammer bawel sayang able aku bisa cute bisa enggak kok seriously aku enggak bohong hati,happy,4
emosi juga tengok banyak post dari owner yang kematian kucing akibat virus parvo bukan emosi sebak emosi nak marah tolonglah vaksin kucing dulu aku taktahu juga pntgnya vaksin untuk kucing,anger,0
kelakuanmu itu mencerminkan kelakuan pasanganmu nanti kalo menyebalkan ya siap2 saja punya pasangan yang menyebalkan juga teman-teman ku ini kenapa sih ada apa,anger,0
pengin rasanya pacu fisik lagi biar tetap terjaga tapi puasa begini bikin labil persiapan puncak mandala dan diksar wanadri semakin menjauh tampaknya ayodong semangat,happy,4
sebuah kisah di jeddah suami istri suaminya luar sang istri dipukul lah wajah istri kemudian istrinya tiba tiba terdengar bel pintu berbunyi begitu pintu akan dibuka ternyata di gembok,neutral,3
meski saya bukan ahli tapi masih punya otak berpikir pikiran saya prof username punya ngelmu apologetik yang semua tak saya setujui maaf spirit akademiknya agak ganggu respek saya pada beliau url,anger,0
tersesat dalam tangis menginginkan kehadiranmu tapi kau tak kunjung hadir bahkan hanya untuk sekedar mengabari sadar dan damai dalam jalan yang lurus tapi merasa tak berarti karena hadirmu benar benar sudah tak disini bagaimana bisa aku melihat sosokmu dalam diri orang lain,sad,2
ini sudah masuk ke proses penjualan tapi pas dibuka detail kok malah begini apakah produk sedang diproses atau diproses tanggal 11,anger,0
tapi dimimpi aku akrab sama teman lama aku yang sudah gasaling nyapa sudah 3th yang dia memutuskan gatemenan sama aku ih sedih banget tapi merasa bahagia bisa seakrab dulu meski di mimpi sedih,sad,2
bikin emosi saja pagi,anger,0
10 orang gaiss bigwin siang ini makasii,neutral,3
terus alpha ngehold,neutral,3
sudah berjuta kali bong dikasih tau pak harto hanya kejam pki bandit rampok lo keturunan kelompok mana bong hahahahaha,anger,0
portugal rasanya akan jadi yang paling lemah diantara 8 tim kandidat lain modal mereka juara euro 2018 cuma hoki catatan ronaldo di piala dunia buruk paling mentok di 16 atau 8 besar,sad,2
braithwaitw kami akan bertemu penggemar kami lagi dan menunjukkan kepada mereka bahwa kami adalah satu tim yang bersatu kami akan menunjukkan semangat,happy,4
agak enak ya kak jadi nya,happy,4
sedih banget onlen lagi,sad,2
nah gue ketemu orang yang negatif dia bawaannya pesimis mulu kita punya ide bagus belum saja dijalanin dia sudah matahin ddpn tapi di socmed dia seakan2 dia sudah ngerjain prestasi sgla2nya,sad,2
agak takut tapi gapapa,fear,1
tiba tiba banget aku kaget,fear,1
kamu saja yang tolol bin dungu,anger,0
jangan marah-marah ih jadi takut di makan nih,fear,1
dan pernah diakhiri wkwq,neutral,3
semangat nidaa,happy,4
dan kau jadikanku ratu dikerajaan cintamu agar akupun bahagia hidup bersama denganmu selamanyaa a,happy,4
amin allahumma amin doa yang sama buat mak ya sehat bahagia selalu ya mak,happy,4
ngeri ternyata popok seklai pakai jadi pemicu utama infeksi saluran kencing jangan lengah dengan kepraktisan popok sekali pakai karena jika tak perhatikan hal ini bahaya bisa mendekati sih kecil,fear,1
adalah mereka bahwa di matamu ketika seluruh dengan di wajahmu,neutral,3
plis author masa enggak mau bikin yang mature version sedih,sad,2
sedih kali wak,sad,2
ternyata gue belum jodoh juga sama kampus ini sedih sih tapi enggak sesedih pas gue gagal kemarin akhirnya gue cepat cepat move on sambil mencari kampus negeri yang masih buka pendaftaran,sad,2
1 tikung di sepertiga 2 sebut nama waktu hajad 3 an 4 gue pribadi enggak clingy ges tapi kalo sesuatu nah disitu lu berlebihan,neutral,3
hypeask album dah wv 1press kalian yang waktu itu shipsoon sekarang statusnya bagaimana tolong jangan dianggurin sender sedih banget yang sudah dirumah sampai ina dll jangan rep ya menangis,sad,2
apa yang akan kamu lakukan jika ada singa masuk ke rumahmu nyuruh singanya makan kau biar mati kenak makan singa uh ngeri ya off anonla sama h e h e,fear,1
kd sedih sih cuma pusing saja pang,sad,2
bisa hal tersebut adalah klompok orang di 2017 ingin mguasai 62 dan kbencian juga mrembet ke ormas saat agr orang tersebut sgra diadili,neutral,3
kenapa ya akhri akhir ini gue lagi takut mati dan di tinggal mati,fear,1
eh kak yumii rest well ya semangat belajarnya jangan lupa jaga kesehatan,happy,4
kaget saat punggungnya dipukul dia sendiri juga baru sadar langsung sebut nama kayaknya berani deh jun enggak tahu kayak bisa saja,fear,1
iya ya sudah cocok huhu sedih sih tapi gapapaa 3,sad,2
baru mengirim agropolis wonosalam,neutral,3
my lovely bestfriend anaknya memang kayak anjing tapi lucu setiap main enggak pernah ada sedih sedihnya yang ada ketawa sampai pingsan,happy,4
username sudah bikin cuman buat masuk ke my indihome saya berbeda dan tak ada tagihan nya bagaimana solusinya ini akun saya penceng800 com,anger,0
gua benci sama orang yang hidupnya kayak mp3 banyak lagunya,anger,0
langit tau banyak yang lagi sedih makanya turun,sad,2
wah ikut senang selamat ulang tahun sender boleh aku pakai twibbonnya juga,happy,4
maksud lo mengajak ribut matcha enak banget woyy,anger,0
kagak kemaren2 saja kesal payah tuh bocah,anger,0
bismillah yuk semangat pagii,happy,4
ini hanya hal persepsi dalam mendidik dan semoga saya bukan termasuk dalam orang tua yang mendidik dengan memukul anak di depan orang banyak tak akan pernah semoga,fear,1
apakah mendengarkan apabila kita mendengarkan hamba mendengar kesaksian kesaksian daripada mendengarkan hal kurangnya kita kepada oswald chambers neutral orang paling adalah buzzer mengadu antar sesama dengan fitnahan dan dan bersabda seburuk buruknya kalian adalah mengadu saudara saling nasehat sayyidil habib,neutral,3
berdesakan bejubelan di krl adalah salah satu godaan dalam berpuasa apalagi di depan nya ada wanita cantik sambil ngunyah tahu gejrot hehe,fear,1
point ke 3 tuh kayak apa banget ya mutajir mutajir deketan lagi coba biar enak nampolnya,anger,0
wkwkwk biarkan saja yang penting dia bisa bahagia,happy,4
jadi yes mengatur kesiapan yuk yuk buat punya anak bukan cuma dari mental tapi juga kesiapan finansial harus imbang men aing sih percaya tanaman yang dari awal dirawat dengan baik beda kualitas sama yang dibiarkan hidup begitu saja,happy,4
semangat ay,happy,4
ceritahariini barusan ketiduran bentar daaan mimpi seram dong jadi ceritanya lagi ada camp organisasi sama begitu di salah satu tempat perkemahan yang anehnya related banget sama kehidupan nyata pertama disitu rame-rame kita main volly bareng yang mana memang aku sering volly,fear,1
wlopun bukan bagian fandom tapi tiap ada member boy girlgrup keluar tuh rasanya ikut sedih,sad,2
username dorongan orangtua pun begitu anaknya harus pandai dalam bidang akademik ya enggak salah orangtua cuma mau yang terbaik tapi cara menyikapinya yang salah,sad,2
gajadi soft malah emosi,anger,0
username username di mana menggelikannya memang isi kitabnya cuma lempar lempar koin lebih menggelikan yang mana bahwa dinosaurus dan beruang kutub serta kecoa adalah hasil evolusi dari bakteri sel tunggal,anger,0
tapi sayang kelemahannya cuma 1 harganya wkwk memang masih belum rilis sih harganya berapa tapi kalo gue lihat dari videonya dibandinginnya sama hp huawei porsche design yang lebih mahal dari iphone kali kagak tau deh itu hp bakalan laku apa kagak di indonesia,sad,2
asli ikutan sedih banget denise out aku suka banget suaranya sedih,sad,2
sih mutajir mancing emosi sih pagi2,anger,0
aaa jangan sedih sedih nunaa,sad,2
orang kayak terkenal lagi makan di warung malah digratisin orang biasa miskin malah disuruh bayar bagaimana enggak yang kayak makin kayak yang miskin makin miskin kesal,anger,0
ya nasib 3 tahun eh 4 tahun sudah enggak lebaran di rumah plus lebaran ini sepertinya begitu padahal bayangannya tahun ini lebaran dirumah nyatanya lebaran dikantor lagi,sad,2
mereka ingin kami menghimbau untuk dirumah adalah mereka kepada kami semoga kita selalu diberi kesehatan gawe tak sablon tulisan ngonokui wangun mboten,neutral,3
oh alasannya dipakai hal hal negatif mereka kalo rp nsfw nsfw nya makanya saat ini baru aktris thai enggak di pakai wajahnya aktornya belum,neutral,3
username kalo aku tipe orang yang nabung tiap mau beli sesuatu kalo lagi enggak ada yang di beli paling susah menyimpan uang banyak banget godaannya sedih,sad,2
mau marah saja sekarang sudah malas,anger,0
pacarku baru saja diberhentikan dari kerjaanya karena dari awal enggak jujur tentang keinginannya sedih banget kasihan mana cowok pula sudah ada niatan buat lamaran tapi malah diberhentikan semoga segera dapat pekerjaan baru,sad,2
embun mentari kau kotori dengan kau nodai dengan,neutral,3
sedih dahla yen pun mahal ibarat beli usd,sad,2
temenku tapi aiu belum pernah mencoba,neutral,3
waktu kecil tiap diingatkan tentang ikhlas selalu jawab iya pak buk dan merasa sudah ikhlas makin kesini makin sadar bahwa keikhlasan itu berat dan tidak selesai hanya dengan mengucapkan kata iya,sad,2
pak tolong lah ringan kan beban saya jadi orang tua yang takut anak nya di vaksin anak saya 9 tahun pak umur nya dada nya sering sakit pak setelah vaksin satu terkadang saya mau nekad saja untuk bunuh diri karena terlalu tertekan mengenai vaksin nih pak tolong saya pak,fear,1
gua masih kaget seriusan,fear,1
ya terus kenapa enggak suka iri dengki ribet banget ya ada orang asing bikin konten karena lagi pramusim di indonesia terus dikomenin mencari engagement terus harus mengapai enggak posting kegiatan pramusim mereka manusia ribet anjir,anger,0
sedih banget kamu selalu di cuekin warga,sad,2
i decided tapi buy pc from kseller je nanti i takut i tak dapat pull my favorit member sebab tangan tak wangi,fear,1
lah situ sih enak di sana di datengin politisi sambil sembunyi masih bisa ketawa ketiwi disini umatmu bergesek gesekkan adu gas dengan lawanmu sambil membuat atau men share berita hoax yang berkualitas setiap hari,anger,0
wahai kalian para sok pejuang di mana kalian saat ini via vallen adalah aset bangsa yang tersisa yang akan direbut oleh bangsa lain apakah kalian hanya diam,anger,0
genggamlah dan mengenggam kawallah nafsumu dan nafsu orang mulia dilihat sikapnya tapi seseorang bodoh dilihat percakapannya as syafie,neutral,3
happy birthday uri jisungiee semoga panjang umur sehat selalu karirnya semakin sukses dijauhkan dari hal-hal buruk dikelilingi oleh orang-orang baik pokoknya jangan lupa bahagia selalu ya,happy,4
bapak sialan ya gabagus buat contoh songong bgst capek banget pasti punya bapk kayak begitu ha ha ha arsen zeyeng suka banget gaya lu broo sayang arsen banyak-banyak,anger,0
pakai akal kok ini peelu selalu merujuk ke setiap orang melakukannya,neutral,3
ketebak kelanjutannya hohoho akan tertypu dasar yajuj dan makjuj,neutral,3
sedih banget ketika orang tua ekonomi nya lagi susah tapi berusaha keras untuk kebutuhan anaknya memaafi aku ya pak yang selalu menyusahkan semoga nanti bisa berkali kali lipat buat bahagia ibu dan bapak,sad,2
jadi takut pacaran,fear,1
username tapi karena pengalamanku yang minim takut orang-orang sudah enggak percaya duluan sudah semester atas terus pas oprec kan biasanya yang wawancara sudah anak 2016 angkata bawah suka minder begitu sedih wah ya sudah sekalian mutualan yuk aku butuh positive people sep,fear,1
jiyeeee jiyeee jeng domi habis menang lawan kei langsung di sambut hangat girl friend kimlad halaaah sandiwara username username username username,happy,4
username mudah-mudahan benar karena kasihan martabat seorang habib harus dijaga kasihan banyak pengikutnya yang rela mari hanya demi membela junjungannya apalagi kabarnya mau menjadi calon presiden yang harus siap2 mental karena enggak mungkin menang,sad,2
guyss ramein dipinned masih entriesnya ini enggak community pertama hasilnya semoga kedepannya bisa kalian dengan nominal,neutral,3
banyak orang di klub pb jaten muda yang menganjurkan saya fokus badminton tapi ayah ngotot sehingga saya memutuskan masuk sama saja dan teman dwi sulistyono masuk smk selepas itu kita jarang dipasangkan lagi karena dia jarang datang latihan dan sibuk dengan ngutik motor,sad,2
iya nih anjing manusia pada lebay muak gua lihatnya,anger,0
ya allah semoga kue bikinan bunda kali ini dengan resep dari google berhasil kasianin aku ya allah kan soleh mau ultah masa gagal maning gagal maning,fear,1
siaapp semangat selalu yulin,happy,4
lzj lky semoga bisa sekarang stay strong,neutral,3
namun waktu kamu kembali untuk gp99 perasaan adanya situasi cn namun disana kamu bisa kembali kemampuanmu,neutral,3
terus emak gue menaksir semua sama baju yang gue beli dong terus nih beliau pengin gamis yang dari hasil gue blusukan satu setengah jam cuma dapat 1 itu lalu besok beliau meminta belikan,sad,2
bodoh banget deh checkout maybelline lupa pilih hadiah,anger,0
gua semalem lagi asik baca tiba tiba dia lock akun sedih banget,sad,2
haha iya kamu juga harus semangat,happy,4
aku gasuka sih tapi gondok dan dongkol dan mangkel saja dan kagetnya lagi dia mau meniqaaa semoga insyafmu enggak abal abal ya mas ha ha ha semoga sudah alim benaran cuma dia ingat enggak ya tentang habluminallah,anger,0
heads up warpaint 2016 nah ini bandnya sih mbak t tadi juga enggak kalah kece walopun lagu-lagunya lebih ngepop dan lebih mainstream dari yang sebelumnya tapi enggak bikin ke kecean mbak-mbak ini luntur gue suka banget sok good whiteout sama the stall url,happy,4
yakan semangat ngapalin treasure nya,happy,4
di cerita itu dikisahkan kalau istrinya enggak bisa ada keturunan suaminya mau mempertahankan rumah tangganya tapi sih ibu laki-laki maunya sih anaknya itu menikah lagi supaya bisa ada keturunan dan sih istri sudah lapang dada untuk pisah namun sih laki-laki kekeh untuk mempertahankan istrinya,sad,2
biar kelihatan rame biar kelihatan meriah biar kelihatan fasilitasnya komplit dan biar kelihatan kerja padahal laptopnya di on kan cuma buka streaming radio url,sad,2
orang di hidupmu sebuah alasan mereka berimu dan sesaat tapi selamanya,neutral,3
senang banget dia sudah seperti biasa lagi mantap,happy,4
kepada kalian yang suka bertanya kapan pulang jarak hadir agar kita bisa saling mengenang bertemu karena rindu haha esok juga rindu akan kembali datang usai petang menghilang tunggu saja dulu tak perlu bertanya ini itu kau tahu beberapa rindu tak butuh obat bertemu,sad,2
username memang childish alias kekanakkanakan mendekati bego yang overacting pelajari dulu undang2 sebelum jadi pejabat jangan memalukan dong tanggapi pernyataan sandiaga uno pakde karwo kritik dan saran pejabat negara harus lewat mendagri https bingung,anger,0
bisa memenangkan pilkada kok terus nyatanya paling kelihatan adalah klewar klewer berkata tapi buktinya 0 dp0,neutral,3
sedikit pun bersyukur berbagi dengan yang sama sama berjuang mencari ikhlas mengucap syukur alhamdulillah semoga bermanfaat terima kasih,happy,4
username username wah banget ini pak sebagai contoh jalan kampung saya dari simpang parmonangan tiga balata ke bosar bandar jawa luar biasa rusak nya parah,anger,0
hari ini libur rencananya mau menonton jurassic world tapi kayanya gajadi deh mengingat kondisi yang enggak fit banget ini sebel rusak rencana sebelanga sebel akutu,anger,0
username pak kalo enggak punya malu at least ngrasa punya dosa lah takut sama tuhan heee pak di jepang koruptor langsung nebas diri sendiri pakai samurai di korea langsung sujud di depan khalayak umum mengundurkan diri saat itu juga enggak pakai lama disini jadi,anger,0
terima kasih deh get well soon kaocha ngantuk capai pegel mual pusing muak pft,sad,2
semangat ya team jangan lupa doa dulu setiap sebelum tanding kalian yang tanding saya yang takut ini soalnya pokoknya semangat terus jangan merasa terbebani okay enjoy your match,happy,4
hafal yang penting2 je paling penting accio senang kalau malas amik barang,happy,4
kabar baik di pagi hari cepat pulih jiminie,happy,4
masih snowdrop dulu,neutral,3
hahaha memang lagi ngeri sih tapi dulu pas curug hejo sepi sekarang ngeri di cuaca sih masih sering hujan,fear,1
pagi ini sedih sekali,sad,2
apakah benar kita lebih pantas dibanding mereka yang mendapatkannya kita enggak tau kita hanya melihat perjuangan kita tanpa melihat perjuangan mereka yang tidak terlihat oleh kita sederhananya masing masing sudah diberikan tempat oleh tuhan dan tidak akan tertukar,sad,2
semua tak sama tak pernah sama waktu yang terus berputar tidak akan pernah sama dengan yang tlah terjadi menikmati setiap detik keadaan itu akan lebih menghargai waktu yang tuhan berikan untuk kita,sad,2
paling enak jadi orang yang kalem,happy,4
gue benci hari sabtu,anger,0
capek biasanya dengar stand by me suka sedih ke ingat dika askara ini mengakak banget gegara ini,happy,4
username hihi itu kok nyeremin banget ya juur sih aku enggak percaya begitu begituan tapi jujur juga kalo sendiri gue ngrasa takut,fear,1
innalillahi wainna ilaihi roji un pak undang dasuki salah satu dosen terbaik telah berpulang semangatnya harus bisa ditiru oleh siapapun yang mengenalnya,sad,2
kenapa gue bego banget sih,sad,2
pura pura atau cuci,neutral,3
baru pertama kali ingin kami berkelahi biasanya bingung terlihat ketimbang dan dipikirkan ai berdo a abangmu berubah,neutral,3
mau ikut komen takut tambah dewasa,fear,1
sedih baru engah jimin merayakan tahun baru di rumah sakit ya,sad,2
pati juga punya seni tari angguk username tapi tak pernah diekspose username seni pesisir url,sad,2
pjlnn kereta api jakarta jogja dst juga banyak yang lebih indah seperti mlht lukisan sungai yang besar dan bersih gunung2 dan sawah alam asia tenggara memang memiliki culture yang mirip url,happy,4
username nggg bagus sih kayak video iklan pariwisata tehnik editing sinematografi blablablablabla lah pokokmen juara banget t tapi ya sudah begitu doang kurang berasa personal,happy,4
hai aku mau bertanya sekalipun diminta cv doang juga tetap kasih surat lamaran kerja bedanya body email sama surat lamaran kerja apa ya soalnya aku masih suka susah membedakan dan aku selama ini mengirim file cv di body email kayak lamaran kerjanya takut salah,fear,1
dasar mental maling sudah diringkus masih salam metal maling tetap maling,anger,0
stretching gue melakukan tuh child dan cobra dan ini 8 detik,neutral,3
pak bj habibie apapun bodoh,neutral,3
di satu sisi kalopun memang proses kemarin gue gagal gue gapapa banget minum obat lagi yang penting kelar please banget gue sudah benci banget di situasi di mana gue cuman keep rasa sakit sendiri dan gue susah kemana mana benci banget,anger,0
sekedar mencoba masih jauh dari kata sempurna belum tau caranya memperpanjang durasinya,sad,2
pria jika wanita ajaklah berbelanja atau ke salon niscaya amarahnya,neutral,3
denise semoga kamu bahagia ya senang,happy,4
bagaimana sayang yang tadi malam vcs sama tante puas enggak sayang bugil dong sayang yuk vcs lagi weekend nih yuk sange sepanjang hari,happy,4
wuihh luar biasa,happy,4
ini family your trust 2018 terlihat belum sebuah akan meninggalnya sang sebuah hancur hingga pembunuhan berantai lantas perpecahan ini,neutral,3
ceritanya makan malam ini ala-ala korea pas belanja bulanan eee nemu daging premium lagi diskon langsung deh di ambil nasi putih nori minyak wijen wijen aduk jadi 1 sapi lada hitam,happy,4
wah ngeri nih sesepuh ternyata,fear,1
username username kontol kamu terlihat jelek dan mengkerut dari jawaban twittermu pasti kamu di real life enggak pernah ada yang mau diajak ngewe ya kelihatan mas kalo dapat dm begini kesel dan marah enggak kalo kesel berarti senasib sama mbak valen,anger,0
pekan 23 telah tiba arema fc akan dengan asal ibukota persija jakarta kali ini untuk kedua arema fc melawan persija membawa misi kekalahan di putaran pertama,neutral,3
lagi menulis surat karena dia ulang tahun buat teman yang berteman sudah dari kelas 1 sampai sedih banget huhuut t enggak menyangka berteman dari masih bego sampai sekarang bego juga sih maksudnya sudah lama begitu dari yang enggak tau apa apa sampai yang sekarang kita sudah harus menentukan buat masa depan,sad,2
wkwkkw bego haha,happy,4
mimpimu terkubur perlahan oleh waktu lakukan kamu impikan melakukan sesuatu gigitch,neutral,3
sch sender pernah ini sender waktu mak jelbb sekarang sender 2 tapi masih youtube an ngdrakor lepasnya,neutral,3
ada seseorang merasa pancasila tapi anti politik wong kita ini hidup di negara demokrasi yang menggunakan sistem politik makanya para politikus cepat mengertilah bahwa tingkat apatisme masyarakat kita terhadap politik itu kian meninggi jangan terus berkorupsi dan ingkar janji,anger,0
lockey tetap semangat ya gua baru buka twitter sudah dibikin sedih karena gua yakin sekarang lockey enggak baik saja please jangan terpengaruh dengan hal negatif yang bikin kalian jadi semakin sedih intinya keep sopport secret number dan denise apapun yang terjadi,sad,2
nya begitu kalo ke bakal kok,neutral,3
kalian pernah enggak sih merasai bagaimana rasanya deg degan menerima sms pemberitahuan kuota tinggal 7mb sementara kalian lagi asik asiknya tlponan dan harus keluar cari kuota lagi supaya bisa lanjut mengobrol,fear,1
tapi jujur ya gue cuma takut reaksi nya kayak apa pas tau gue dikit2 sedih dikit2 menangis kayak apasi anjink goblox banget takut ngecewain juga tbtb dia mikir kok gue orangnya cengeng banget sih kok orangnya begini banget sih ajg gue ngamau,fear,1
saya sudah biasa dibilang jahat wkwk,happy,4
gue juga enggak jajan pakai duit nyokap tapi kok ini bisa,neutral,3
salah bank katanya tak bagi paperwork pakai letterhead firma dia eh eh kau yang bodoh ok bank pon kata kau tak check sebelum bagi cust sign,anger,0
maapkan masih dengan tempat yang sama,sad,2
ketika hidung nyium bau bau gaenak lalu teman yang rumahnya lumayan jauh ngechat di wa kalian nyium bau gas enggak anjir iya ini bau gas ini bukan gas beracun kan huh kok jadi parno sih,fear,1
setiap kali meeting and pressured elek lah meeting idea nih student kah research untuk 3 cam setaun dibuatnya sebelum nebes bangun nebes,neutral,3
takut banget loch,fear,1
menurut ferry julianto foto-foto seperti ini menjadikan jokowi was2 foto ini malah memalukan masa iya petinggi dan ketua partai jadi jongos ormas,fear,1
ahahhah iya masama bayangkan saja sudah beli terus kaget karena belakangnya enggak nyatu terus menangisi itu semua,fear,1
enak kalo masak telor ceplok margarin yang masih nyisa ditaruh di nasi behh,happy,4
persahabatan itu harus mempunyai telinga untuk saling mendengar tangan untuk saling menolong dan hati untuk saling memahami 5 cuma selamat hari persahabatan internasional,happy,4
sumpah ini keren banget sebutan komputer manusia karena beliau mempunyai kecepatan yang luar biasa dalam melakukan pekerjaannya sebagai analisis data kuncinya adalah tetap menjadi diri sendiri,happy,4
haloo minjuu habedee semoga sehat dan bahagia selalu,happy,4
terima kasih selalu menciptakan lagu bagus buat nuest dan nuble huhuhu you ve work hard sayang jadi sini peluk aku saja enggak usah peluk tiang terharu,happy,4
takut sombong,fear,1
baca bitmoji stories suka mengakak sendiri karakternya aku banget kayak begitu tengil mengesalkan,happy,4
bubur kuah kuning ternyata enak banget ya,happy,4
teman nya laki gue almarhumah tahu meninggal waktu pada hidup ngintil saja kmna laki alh gue mlangkah ngikut suka nlpon nelpn kekantor perpanjangan katakata nya suamiku almarhumah waktu jatuh cinta ksian enggak bisa dtang di rmah duka rs husada orang nya senang ketawa comblang laki ku hdhhh sedih,sad,2
itu orang muka badak merusak nama pp saja,anger,0
untuk kesekian kalinya complain via socmed selalu dibalas dengan template yang selalu sama dan tidak memberikan solusi apakah sudah sop nya seperti itu,anger,0
rek aku cewek umur 24thn aku diumur segini masih saja dipukulin sama bapakku sendiri hanya karena masalah sepele misal salah pakai panci buat masak mie aku dari kecil deh biasa dipukul dan ibuku malah mengancam2 aku kalo sampai lapor ke siapa saja aku harus bagaimana aku sudah menyerah dengan hidup,sad,2
man teman yang terhormat bisa enggak kita kumpul tanpa hp buat apa kumpul bareng tapi asik sendiri kalo begitu mending dirumah bae menahan berak,anger,0
aku memutuskan untuk pergi sendirian karena aku takut tergoyah hatiku dan aku takut teman temanku akan sedih tentunya maka aku memilih untuk sendirian akan kurindukan edinburgh castle old town princess castle calton hill dan yang lainnya,fear,1
mau ini benar atau kagak tapi kalo dengar kabar baik soal timnas selalu senang sih,happy,4
kalo yang sa ini gua adalah orang yang gua lumayan suka juga ya bisa jadi jadian kalo nyaman kalo yang sa ini gua cuma gua anggep teman ya kadang masih bisa jadi teman tapi ada juga yang nge block padahal yang suka dia bukan gua tapi ngamok sedih dan juga enggak pernah mengobrol ya gua kan bingung,sad,2
pagi juga mbak e yang cantik cerah seperti surya matahari di pagi hari,happy,4
semangat fa,happy,4
pengin marah tapi enggak tau ke siapa,anger,0
sih tolol sudah tau crush nya enggak mengerti bahasa inggris malah ngode pakai lagu western,anger,0
nervous bodoh,fear,1
ini penilaian nder menurutku kamu ungkapkan di menfess ini bahkan kamu belum matang dan nder dilihat imajinasi masa depanmu pikirinnya kira-kira resiko cerainya seberapa lu will think twice,neutral,3
username bagooossssss pecaattttt demi sayang anak apapun mesti dilakukan demi kelanggengan trah turunan apapun mesti dikorbankan sayang anak sayang anakkkk,anger,0
food is more tahan itu si fat calorie counts duuh sedih banget tiap bawa pulang cake pastry yang riset cari bahan bikinnya berjam2 cuma buat dikomentarin aduh ini lemak semua ya,sad,2
asli iya takut kopit tapi katanya juga karena lagi pergantian musim,fear,1
wes ngene wae nder serlok saiki marakne emosi esuk2,anger,0
jangan lah marah dia lesen l pun dia takde lagi itu,anger,0
username iya benar kak waktu setahun skip minum obat itu dia ikut saran keluarganya ke pengobatan alternatif dukun makanya malah tambah parah dan pas balik ke rs jiwa untuk berobat lagi baru ketahuan kalau dia kena skizo,sad,2
takut kecewa sama ekspektasi,fear,1
sedih melihat kenyataan dilapangan banyak rekan pensiun pakai aturan uu ciptaker inskontitusional uang pesangon yang minim,sad,2
orang enggak tni,neutral,3
aw ikut senang semangat ya kuliahnya,happy,4
but if lu get easily attached dedek2 kucing siapin mental,neutral,3
suka banget ngetease jay sadar diri wooyy,anger,0
pilihlah warna warna cerah biru atau pink untuk warna lantai dan kamar mandi,neutral,3
lagi kesal gegara kelompok,anger,0
kecewa i guess,sad,2
nah ini baru masa istri dituntut,neutral,3
iya sis sudah takut gosong soalnya kalo enggak dibalik,fear,1
emosi banget lihatnya,anger,0
kita orang dan mendengar maksiat kita lakukan di dinding kita bahwa di mana kita dan malaikat nya selalu di sisi kita pena,neutral,3
terima kasih sudah bekerja keras kasih kita army musik yang berkualitas musik yang keren musik yang inspiratif musik yang menyembuhkan sehat selalu terus berkarya we love lu rm,happy,4
sedih jisoo belum lirik dm aku,sad,2
hal berjalan selama setahun tanpa halangan tetapi suatu ketika mengetahui dilakukan bungsunya selama setahun dirinya dengan perlakuan fauzan,neutral,3
bertahun binatang ini menjadi hitungan bagi para peminat pembenih ikan alhamdulillah sekarang lewat ternyata ketekunan keuletan mengalahkan segalanya alami hebat cacing sutra username username username username url,happy,4
membawa material kayu,neutral,3
semangat okeyy,happy,4
perginya diantar sama teman enggak bawa hp sudah janjian biar dijemput jam setengah 2 karena sayanya ketiduran dan yang jemput enggak nongol2 bingung mau bagaimana akhirnya jalan kaki 2 kamu siang bolong ngeri kali lah vanashh syekaleh vemirsyahh,fear,1
pelan pelan sama yvyv h jnya dibalikn ke ranjang enggak kasar enggak kencang sayangnya yvyv nakal ya ditinggal malah main sendiri ya sudah main saja situ sama bantal hyung lagi h saja geleng geleng panik asli suara ya hanya lembut banget enggak kayak marah enggak mau enggak puas pengin yvyv,happy,4
di hari keterbatasan ini apa yang kamu pelajari derasnya harus kita hadapi tak mudah menjalani cerita ini di hari keterbatasan ini ambil semangat hati semua yang kamu percayai menuntun langkahmu pulang disini,sad,2
semangat ya aku juga sedih soalnya tapi tetap konsisten saja,sad,2
supir bak hilux tolol jalanan lebar bisabisanya ngelindes kaki gue sudah begitu pas kaki gua kelindes malah bukannya mundur maju cepat cepat kok malah hah hoh hah hoh sakit entot bodoh dipelihara kucing tuh dipelihara,anger,0
hal bermimpi bermimpi dan selalu untuk nya hara kara,neutral,3
menggapai cita-cita kadang bukan hal mudah cita-cita pengin jadi dokter tapi enggak ada uang cita-cita pengin jadi tentara tapi gagal tes kesehatan pengin jadi artis tapi orang tua pengin anaknya jadi insinyur mengiri enggak sih sama orang-orang yang dikasih kesempatan terbuka lebar tapi enggak dimanfaatin,sad,2
username username yaelah sabar ya vid sampai lebaran monyet juga enggak bakalan ditanggapin cepat ini kalo enggak sering diserang dengan follow up tajam langsung ke plasa telkom atau telepon 147 pengalaman sudah sering banget soalnya ini,anger,0
dulu aku begini sampai sd kayanya enggak suka sama rumput2 apalagi yang tajem2 takut enggak nyaman geli hassembuh lah pokoknya wkwk,fear,1
selain itu saat ini belut juga sudah menjadi cemilan yang dikembangkan oleh beberapa umkm lho wah keren banget kan paling suka makan hidangan apa nih dari belut,happy,4
username username username username username username username username username makanya dari itu saya bilang kurang cerdas walaupun mau percaya seperti apapun jika sesuatu hal yang tidak masuk akal kita tidak bisa percaya,anger,0
lagian yaallah ini kuliah ditempat biasa saja bayaran pernah nunggak terus sampai jual mobil enggak tau deh buat apa mana rumahnya pindah2 jdkan gue takut,fear,1
ya allah ya balik atuh sepi enggak ada kakak,sad,2
kudu semangat,happy,4
kalo artinya hyung,neutral,3
buka twt sekarang rasanya kaya sepi banget,sad,2
ya pengin kayak sih laudya dapat duda baik punya anak 1 ce dudanya baik sayang sama gue begitu deh fokus gue sekarang fight saja n tetap semangat karena gue sudah putuskan mau menetap sampai tua n death disana,happy,4
username tolong aplikasinya diberesin saya tadi pesan katanya server error eh muncul 4 taksi kan kasihan drivernya saya musti cancel,anger,0
aya sedih,sad,2
username kalo makan siang di warteg belakang kntr andalan gue makan di situ adalah paket 7rb haha sampai bu haji nya tau kalo setiap mau bayar dia bilang biasa 7rb terharu kalo makan mah yang penting kenyang untungnya aku bukan tipe orang yang suka nongki2 dan kalo mau beli a,happy,4
wikk semangat sayang jangan lupa makan,happy,4
happy saturdayy semangat buat hari ini have a nice dayy 3333333,happy,4
tapi vaksin akan shg mereka dengan penuh go disuntikkan kembali ke tubuh2 mereka dan kita dianggap bego dan kita dianggap sok nalar dan kita dianggap padahal,neutral,3
masih bisa 14,neutral,3
ketika organisasi menjadi hambatan untuk pulang terlambat kerumah lantas apa kabarnya tugas kuliah yang datang tak mengenal waktu harus kesana kesini demi contoh tugas tak mengeluh hanya tak mau mengkambing hitamkan organisasi yang jelas kuliah tak seenak ftv,sad,2
maaf ya saya mau mengetik agak ngeri hukum mati saja pak bu semoga ketikan saya tidak salah dan tidak berdampak negatif kepada semua orang amin,fear,1
akhh kenapa bang mark ganteng banget bangsat di mv child pengin gue enggak bisa,anger,0
loh kok merendahkan semangat perlindungan perempuan sih justru jadi cewek itu kudu tegas dan galak sama laki-laki kayak begitu di block saja sudah mengapai di share2 sampai se indonesia tau,anger,0
dinilai video tiktok maia estianty panen,neutral,3
aku benci ppkn,anger,0
username username username dengar dengar dari pusat hoax nasional nya username ternyata fh enggak muat dimasuki ke karung beras biarpun karung jumbo karena username jauh lebih besar dari partainya username,sad,2
weh kamu memang saya penjahat apa harus di hati2in eh hana saya meminta nomer kamu boleh kagak,fear,1
selamat pagi mas salam sehat penuh semangat dan selamat berakhir pekan,happy,4
kalo ke upgrade bisa clear,neutral,3
pelajaran aturan sinus cosinus ini segitiga apa aku reflek jawab segitiga sembarang segitiga abc pls malu banget tapi enggak salah kan shshsksjsjjh malu mana jawabnya kencang banget,fear,1
kalau benar dan terbukti tangkap biangnya bubarkan partainya,anger,0
kalo memilih pemimpin bukan petahana nanti jadinya gub tidak tahu malas kerja seperti ini url,anger,0
haruskah fesbuk twitter ini,neutral,3
takut banget serius enih mereka tempat gue curhat tapi gue suka lupa mau curhat,fear,1
ya kan selamat baca au yang sedih sedih deh,sad,2
padahal deh gea baru dapat penghargaan sudah dibuat sedih lagi sama tim tolol,anger,0
kelupaan atau enggak bisa mintol teman login nder di semoga bisa login,neutral,3
mengapa hidup ini ada yang mengatakan kejam mungkin dia menganggap hidup ini sebagai pertarungan juga arena persaingan kalau dia berpikir layaknya petani maka hidup ya seperti bercocok tanam ia akan merasa diantara harapan ketakutan,sad,2
carasun ini enak juga ya jadi sunscreen mana dapat ukuran 70 mlnya lagi sok worth itu,happy,4
belajarlah demi orangtuamu kalian tau orang tua kalian telah banting tulang untuk kita panas ke panasan hujan,anger,0
tuhkan apple tuh kalo kasih update enggak tanggung tanggung hp yang paling jadul pun masih diberi update enggak kayak android yang setelah setahun dua tahun sudah ditinggalin terharu url,happy,4
mvs euphoria s1 sender baru namatin yang s1 kok sih rou enggak mau naik kereta bareng jules terus pas di eps7 mcky benaran di ituin sama teman-teman nya di depan cassie sender kaget banget,fear,1
cara jawab curhatan orang depresi bagaimana ya aku takut omongan aku salah aku enggak tau musti bagaimana tapi kalo aku diam saja dikira enggak mengasih solusi apa apa aku benar-benar gmarahti harus jawab apa ini cuma bisa kasihan dia tertekan banget,fear,1
adalah mereka mengeluarkan kamu mereka selalu berimu,neutral,3
rada kesal sama tamu yang meminta di kasih discon okey gua kasih giliran mau lebaran lu pada kabur semua anjir gua harus belajar tega kayaknya,anger,0
aowkaowkaowkoakw semangat ayy,happy,4
jangan jatuh cinta dan suka daripada sakit hati,fear,1
deh searching di search barnya,neutral,3
sedih banget,sad,2
nggih mas aku bingung saja takut salah beli obat,fear,1
manusia bodoh sama anak kecil saja begitu kalo enggak suka yaudah tinggal skip jangan rasis begitu aduh setan setan itu yang komentar pasti lebih seram dari setan,anger,0
aaaaak suka banget feel sehabis menonton sama kayak the greatest showman ikut nyanyi pas dancing queen dan mamma mia dan dancing queen yang ini jauuuuh lebih asik daripada yang versi meryl streep di film pertama hehe rasanya mau balik menonton lagi,happy,4
tau elah tolol banget finishingnya busuk aslii padahal di lapangan nguasain pertandingan nyeselkan absen trophy lagi saja musim ini mengcape benar lah,anger,0
saya sering banget ini begini apalagi sekolah suka banjir kalo ujan kan jadi nya menyusahkan,anger,0
berpisah dengan meraka kau tapi temanmu akan selalu membantumu erza scarlet,neutral,3
menurutku sih iya kayak kalo jeleknya selesai tuh bikin marah marah pengin bahas banyak kalo jeleknya ini kayak shit malu banget yaudalah,fear,1
group b se ngeri itu ya allah,fear,1
terima kasih saling mengingatkan dengan yang baik semoga menjadi berkah bagi kita semua,happy,4
setuju lebih puas saja,happy,4
mestinya yang benci pemerintah di obatin sampai sembuh tidak hanya covidnya yang sembuh tapi sakit hatinya juga sembuh,anger,0
kok bisa kamu,neutral,3
selamat jam pulang ngantor selamat bermacet2 ria pft,anger,0
semoga harimu indah seperti langit yang cerah pada hari ini,happy,4
kalo takut malu jangan dikasih palu mas,fear,1
tengah baca thread seram tetiba nampak benda hitam gerak dekat tepi kepala deh lah dalam thread itu cerita deh sampai dekat bayang hitam cuak wehhh tengok sebelah nasib baik sarung bantal je bergerak,fear,1
happy wedding elizasekar semoga langgeng sampai kakek nenek,happy,4
yang paling nyeremin pas ada razia dadakan pas gue lagi bawa bedak tbs yang tentu saja tidak murah sudah panik kalo bakal kesita dan kalo misal iya enggak sudi sih kalo enggak dibalikin untungnya enggak ketahuan,fear,1
username saya beli mesin cuci di best denki central park dan saya sudah meminta agar instalaai dilakukan senin 4 jun 2018 jam 10 an tapi nyatanya sampai sekarang saya enggak dihubungi,anger,0
mantap banget enak cokkkk,happy,4
alhamdulillah dua hari menembus rp 100 juta terimakasih sahabat semua semoga segera terpenuhi targetnya dan fariz bisa segera dioperasi,happy,4
tapi mengulurkan tangannya sang kawan ke,neutral,3
ini apa gegara thread nya username kmrn2 tentang oldmoney vs okb enggak sih akhirnya jadi trending topic ya lumayan juga ya buat,happy,4
sudah berapa kali ku katakan padamu aku jangan paksa suruh melupakanmu aku sudah nyerah aku sudah pasrah aku takkan mampu untuk melupakan sayang,sad,2
yuna jangan lewat tl dong gue jadi sedih lagi,sad,2
tapi pas lihat liriknya gue jadi merasa apakah ini yang dirasakan mark sesungguhnya gue sedih dan merasa jahat sebegitu depress nya seorang idol sampai kehilangan masa child nya demi karya yang kadang juga masih di hujat,sad,2
hehe yamungkin memang enggak kerasa karena sudah kayak thanos benaran punya 6 batu cincin terima kasih loh sudah diucapin sahur,happy,4
mekipun enggak susunya,neutral,3
semangat thor pokoknya semangat,happy,4
follow ca ore kangkeceh,neutral,3
kalo combo ayaka,neutral,3
semangat ber kerja walaupun masih begini begini saja,happy,4
bagaimana kalian mengatasi rutinitas di kantor posisi dan kalo pagi2 ke kantor bawaannya maless,neutral,3
sadarlah bahwa bisa dan berubah 360,neutral,3
mengobrol kita enggak pelawak tapi kita bahwa kita orang sangar,neutral,3
kita selalu kita lalui disaat kita kita brlanjak brpisah unt mr anoncyber,neutral,3
gue suka bilang sebentar siapa yang perawatnya dan terus kan kita kolab sama advice dari ya kalo klien yang paham sih langsung oh iya maaf soalnya bertanya tapi kalo yang kmpret mah langsung komplen rasanya ingin kuteluh saja itu orang sumpah,anger,0
di ft galak2 diteriak2in kating di sini saking sebelum apa-apa ditanya dulu semalem jam berapa katingnya,neutral,3
aku kok merasa ada difase maj up apapun malu ya sekarang sedih,sad,2
panik nya tuh di pikiran sih sibuk memikirkan ini memikirkan itu mikir kaya aduh ini bagaimana takut kayak apa ini sambil mau menangis,fear,1
kak ubi teriakin nama kak ubi papasan hihi enggak seimut padahala kak id card,neutral,3
atau memantau butuhnya dulu kak barang juga dulu gayanya bagaimana tapi dompet atau 2007,neutral,3
username hari ini kuliah pas pulang mengeluarkan motor dari parkiran bengong alhasil lupa bayar parkir selonongan saja keingetnya pas sudah di luar maaf ya bang sedih,sad,2
benar banget sih banyak banget yang benci sama gue salah satunya pas gue kerja di penulis ada nih 1 teman gue yang didepan baik dibelakang malah bilang ke kakak ipar gue kalo dia enggak suka gue malah cenderung ke benci pas gue diputus kontrak dia tuh senang banget anjir,anger,0
ya kan jangan kali saja menambah pengetahuan kamu enggak ada hubungannya dengan ketakutan aku apa yang ditakuti gue bukan seorang penakut camkan itu,anger,0
takut lah tengok draw gp b nih ya allah,fear,1
bajunya yang ini ditengah lagu minjem gitar dari gitarisnya terus dia yang main takut banget,fear,1
sepi banget tumben,sad,2
mmf ya sayang menanyakan hal bodoh xixi,anger,0
netizen indonesia kebanyakan pada mau eksis menganggap dunia maya sebagai panggung kadang mereka memerankan peran orang yang bijak kadang pedas menghakimi,anger,0
ya sedih karena makanan cukup buat sehari satu orang nag,sad,2
berbahagialah jika kamu masih bisa artinya kamu gigitch,neutral,3
ada banyak jenisnya ada yang rindu tapi sudah beda dunia ada yang rindu tapi sudah enggak di arepin lagi ada yang rindu tapi gengsi berucap ada yang rindu tapi jauh ada yang rindu tapi untuk apa untuk apa cinta tanpa pembuktian untuk apa kita pertahankan bila sudah tak lagi cintaa,sad,2
sudah lama sangat han pasti terharu terima kasih banyak hanifa,happy,4
tapi angin2an sih kadang ditindak kadang enggak enggak konsisten jadi enggak fair siapa yang merasa enggak fair ya pmlik mbl yang pas parkir di situ terus ditindak kitu sanes,anger,0
kaget doang enggak guna banget,anger,0
gempa tapi lagu lagi enak enak nya,happy,4
selalu kelasnya vibesnya penyerap sebelum mipa 3 awalnya gue serasa logging out keserap energinya gue,neutral,3
aman bagaimana mase orang kalo aman mah wsrga sekitar pasti senenh dong lihat kaliqn datang orang bukti a saja warung dagangan di jarahin itu maling kemarin bagaimana mase mending di urus dulu biar enggak panjang tangan url,anger,0
inong kami putera putrimu selalu mengingat nasehatmu inong we miss and we love you inong air mataku tak bisa ku tahan ternyata selasa sekarang persis lima tahun lalu kepergianmu,sad,2
hahaha bestie gue orangnya begitu tapi kok,neutral,3
sering dan sampai hari ini pun masih suka kayak begitu enggak tau suka takut saja begitu apalagi kalo malam beuh kadang deg degan banget mana belum bahagiain orang tua makin makin deh ketakutan,fear,1
enggak diotak kok bisa,neutral,3
iya andin sekarang belum mengomong mak kandung nya reyna bapak kandung nya bakal kali wkwkkw deh tuh harusnya reyna kok ini malah sebaliknya kan magadir kak,neutral,3
aaaaa sender senang banget akhirnya au sender mulai rame dulu enggak ada yang menunggu sekarang yang menunggu hampir 300 orang semangat para author jangan sedih au kalian masih sepi pasti akan ada waktunya buat rame okayy,happy,4
di t3 sebenarnya yang jadi masalah kan bukan penjemputan taxol tapi semua mobil pribadi yang jemput ya jalurnya enggak nggenah url,anger,0
jangan sengaja menghilang jika hanya sekedar ingin dicari satu hal yang perlu kamu ketahui bahwa yang hilang tak selalu dicari tapi juga bisa diganti,sad,2
bukannya bersimpati aku lihat akun kayak begitu malah jadi seram malah jadi takut soalnya videonya dia menghancurkan dengan cara brutal dengan cara pakai kampak terus di posting begitu sedih kali loh lihatnya,fear,1
tahu tak benda bodoh apa yang aku dengar dekat radio pagi nih lagu hael kelentang kelentung diorang nyanyi translate ke english tak memasal era nih deh kena maki,anger,0
well ternyata yang punya bali nature lumayan awet baunya tadi sore iseng usap2 di tangan terus ditempelin ke bantal ku tinggal pergi sejam 2 jam eh baunya masih ninggal lumayan alternatif untukku yang sering wahing kena farfumm url,happy,4
sedih ya bu melihat negeri yang indah elok permai ini dirusak oleh bang at bangsa yang memangku jabatan yang kata berkuasa atas sgalanya,sad,2
kesel banget sumpah bagaimana ya bisa2nya mengomong nanti kamu suka sama yang lain aku ditinggal punten kamu suka sama aku saja aku sudah keong2 hah kamu melihat ke arah aku saja aku sudah beruntung banget loh aku ditinggal gue meninggalkan lu kemana sih tukang martabak,anger,0
begini ya meskipun pelacur sekalipun enggak ada kewenangan untuk laki laki ngelecehin dia seorang pelacur melacur juga enggak gratisan dan ada consent dari kedua belah pihak this is why the worst enemy of feminim is women itself,anger,0
apapun bentuknya pelecehan tetaplah pelecehan halah begitu doang yaelah sudah biasa kali sadar enggak sih cat calling sudah termasuk pelecehan loh,anger,0
enggak tapi agak juga,neutral,3
oiya mau nambahin lagi meskipun cara anaknya ambis tapi dia anaknya enggak kaku dan galak justru cara itu orangnya rame suka spam sticker tuyul dan tiktok jelek memang manusia tidak sempurna maka dari itu ketidaksempurnaan cara adalah humornya minus banget,happy,4
galau gue mbah gue alamatnya nih,neutral,3
salah sekali kalau habis makan siang stel lagu beautiful mes nya jason mraz mirip dininaboboin,sad,2
tanggal 30 juni kemarin sudah degdegan saja pengumuman dospem sampai skrgpun masih ngawang,fear,1
karena mendengar adzan maghrib pihak panpel persija vs persebaya kemarin segera membatalkan pertandingan,happy,4
enggak apa-apa bro,neutral,3
enggak berani mengucapkan happy birthday ke cowok yang gue suka anjing kalo gue pikir pikir sekarang kayak dulu gue bego banget anjing padahal itu kesempatan emass,fear,1
semangat sayang,happy,4
ini antara enggak paham pakai joki skripsi atau kdrt nih aslii,neutral,3
jadi ingat dulu pernah lagi naik mobil mama yang nyetir gue duduk di sampingnya terus lewat jalan kecil begitu kan sempit ya terus gue buka kaca begitu soalnya di kiri ada mas2 lagi berdiri namanya jalan kecil ya gua takut dia keserempet dong,fear,1
keram betis akibat mandi jam 10 umur lu sudah tua mel dikira masih gagah saja begitu abisnya kemana mana masih sama emak sih berasa masih sekolah saja begitu,sad,2
kuliner yang lagi hitz di yogyakarta namanya ceplukan jaman masih kecil tahun 1980 an suka mencari ceplukan di kebun setelah hampir 30 tahun makan buah ini lagi viva lah ceplukan url,happy,4
enak banget tapi hanya bisa melihat,sad,2
enggatau tapi takut,fear,1
eng nya juga kalo kamu i that you re,neutral,3
aku pikir aku salah makan atau apa karena aku sendiri kadang suka bandel kalo urusan makan jadi aku pikir maag biasa tapi pas diperiksa itu katanya lambungku infeksi mana obatnya banyak banget hiks terima kasih banyak ya kamu juga sehat-sehat terus,sad,2
kok tl gue,neutral,3
baru menonton bulgasal dan yang episod joon menusuk wooseok kesel tapi lebih pengin menangis lihatnya sedih huhu,sad,2
bisa dicipratin air kak bagian belakang badannya saja juga gapapa kalo muka kasihan takut kaget,fear,1
pidato pidato presiden retak tertusuk tusuk dusta teriak teriak tertambat sunyi letih mengarungmurat sengsara rakyat berdayung lapar di deras arus air mata x2,sad,2
hah takut banget,fear,1
wkwk selalu btw akun tanpa email dan setelah acc terhapus,neutral,3
baru bangun di sapa i for for at the 2022,neutral,3
yang semangat cantik,happy,4
kan juga ke accounting dan baru,neutral,3
menyebabkan imunitas kita disitulah segala kolesterol jantung dll,neutral,3
antara ppbm dan umno waktu pn umno sokongan untuk pula walaupun agak rapuh janji anwar pm dasar dan kebersamaan nya bila melaka dan sarawak result aim pula johor,neutral,3
bukan benci lebih tepatnya kecewa kemarin sih enggak sekarang iya hari esok ya enggak tau tapi biasanya kecewa itu terbawa sampai kapanpun sih jadi ya silakan bawa semua barang barang mu ambil kembali sisa sisa kehadiran mu agar yang tersisa hanyalah kisah mu saja,sad,2
makan enak,happy,4
commuting pagi dari bintara ke pejambon ada 3 krl yaitu 06 34 06 45 atau 07 09 selama lancar naik krl di antara opsi tersebut enggak pernah telat tadi gue subuh ke jatinegara jemput istri pulang eh ketiduran baru bangun jam 06 30 masih ngejar krl 07 09 dan sampai kantor jam 07 54,happy,4
hahaha duh nad itu bisa saja sih lo sampai di serang fan kencing saja belum lurus kagak tau apa dia lo eksoel dari jaman teaser beribu episode itu jaman masih lengkap,happy,4
wajibb nyak dulu ambil karena takut habis hahahahahaha,happy,4
ngeri takut hpnya keinjek,fear,1
jika teman kalian hari ini fan mu,neutral,3
kaget banget tbtb jamet,fear,1
idm army aku baru keterima di jurusan ilmu dan teknologi pangan adakah yang kuliah di jurusan itu bantu aku tenangin diri soalnya takut dengan masa masa perkuliahan,fear,1
polres pati berduka pada hari senin 09 070 bertempat di rumah duka ds waturoyo rt 03 iv kec margoyoso kab pati telah dilaksanakan giat upacara persemayaman jenazah almarhum aiptu puryono jabatan terakhir banit 1 unit sabhara polsek margoyoso url,sad,2
belum pc ke insleeve uk 6x9,neutral,3
komik gl jarang ending biasanya konfliknya tapi akhirnya di biasanya kbnyakan ending,neutral,3
baru mengirim tropical beach cafe house,neutral,3
takut positif terus enggak bisa sekolah hhshshhdhshdhsh mau menangis saja sumpah padahal aku masuk angin anjir,fear,1
lu tuh sudah bodoh pendek enggak pintar enggak bisa apa apa cuman beban doang hidup lagi haha masih mau hidup lu zar,anger,0
ya allah lihat ini nanges sedih tapi mau mengakak di saat bersamaan huhuhuhuhu,sad,2
bikin unik tuh angle pengambilan gambarnya nor,neutral,3
tahi gua benci twitter suka ke refresh sendiri bangsaat padahal tadi ada tweet lucu jadi enggak kebaca,anger,0
rg pahamify mengadakan terus ig juga tapi syaratnya share,neutral,3
username kartosoewiryo itu seorang taat beragama dan mau bunuh soekarno yang bunuh sayyidina ali ketika solat subuh itu seorang hafidz quran dan ahli fiqih ibnu muljam sampai disini sudah jelas belum bro,anger,0
hm tapi jawabannya versi 1 detika sih ini tapi dibaca,neutral,3
a mu nya,neutral,3
gue dulu pernah ngerinya jalinsum jalan atopun tol penjahat enggak bedanya dibanding penjahat2 disana,neutral,3
aqil lagi kurang enak badan dari kemarin siang dia pilek kasihan malam susah tidur karena mampet,sad,2
enggak butuh teman cewek yang pura-pura butuh teman cowok yang ketika dichat jawabannya hanya oh iya haha dll apalagi cuma diread,sad,2
enggak juga alhamdillah pengaruhnya halal untuk tanpa mengiba mengadu antar sesama bangsa ojo ela lu ojo gumunan ojo mateni rejekine wong liyo,neutral,3
weekend enggak enakan diterusin loh mtb malah mtb orang bilang atau adanya bikin enggak dong di,neutral,3
job sepi banget,sad,2
username nama mirip ya mereka cuma punya dikit sih pilihan nama cuma dibulak balik saja urutannya muka mirip ku sebagai fanboy kpop juga sering tertukar bingung kalo lihat idol yang enggak diikutin fan banget,sad,2
semangat ya kak 3 pasti bisa 3,happy,4
viral kan biar semua tahu bahwa pemerintah indonesia ekonominya memang lebih baik di pimpin oleh djokowie semangat gaeess url,happy,4
morning ini semangat ya,happy,4
bgstt rambut berlawanan tapi iya sedih soalnya menari kayak enggak tertarik sama chanyang huhu,sad,2
pencitraan terbesar kampus itu ketika mau akreditasi semua ruangan dirapikan yang dulunya enggak ada menjadi ada yang dulunya ada malah dihilangkan,sad,2
sedih sih aku kan malam hpnya deh disita lagi dahal sedihnya overthinking nya malam terus bagaimana,sad,2
gue pengin banget curhat ke sahabat gue tapi gue selalu takut kalau suatu saat bakal di bocorin sedih gue enggak pernah percaya kalau mau curhat rahasia ke sahabat atau orang terdekat,fear,1
baru kali ini ke username gancit dan kecewa berat baristanya bikin minum dan rasanya berantakan ditanya baik-baik malah melengos enggak jelas bikin emosi please yang kamu jual jasa kita enggak meminta dihormati tapi berusahalah untuk menghargai orang lain,anger,0
semangat bitt good luck semoga semua urusannya dilancarkan ya amin,happy,4
selamat jalan adik kami semua yang hidup pasti akan meninggal dan kembali kepada allah inna lillahi wa inna ilahirojiun,sad,2
banyak juga yang menyepelakan dengan kalimat halah lo cuma dibegitukan gue malah lebih gue saja biasa lo kenapa lebay banget sih enggak usah cari muka deh that si why many men are easy tapi di sexual harrashment because many victim still keep silent and stay tapi think positive,anger,0
sedih tapi juga lega akhirnya ada kejelasan walaupun bukan announcement langsung dari agency good luck mm we always support you no matter what happens,sad,2
pagi2 mmbuat emosi gan,anger,0
enggak kuat mengakak banget apa enggak malu ya orngny di spill begini,happy,4
memang yang namanya yakin itu kadang bahaya kalo terlalu buru buru zarry hendrik,fear,1
marahku tak ku padamu ditanyai menyakitiku menyakitiku,neutral,3
mau kayak begini pas ultah mendatang tapi takut malah dijadikan bahan bullyan,fear,1
ya saya gagal menjadi seorang kakak yang seharusnya bisa membimbing adik saya disaat saya banyak memberikan pengalaman hidup kepada orang lain sebagai motivasi sampai mereka berhasil bangkit dan kuat saya tidak bisa menyalahkan siapapun saya menyalahkan diri saya sendiri,sad,2
askmf habis baca menfess ini aku sebagai calon anak rantau merasa takut minder kalo teman-teman disana diam2 merasa kesal dengan logat aku karena aku masih sering nyampur bahasa sedih url,fear,1
teman gue ada yang positif takut banget soalnya kamis sama sabtu kemarin habis ketemu akhirnya gue ini mau swab house service doakan ya geengg,fear,1
sedih ya di ig banya yang hate comment ke via vallen mungkin belum pernah merasai sakitnya sexual harasmen even itu bukan kontak fisik saya membayangkan diri saya sendiri dinilai segitu rendahnya saja pengin ngaplok orangnya tapi be true saja,sad,2
iyakan duh kalo sudah kea begitu takut banget tb2 beli tiket ke korea benaran,fear,1
tafsir ya antara kaget dan enggak kaget tapi tetap saja ngeri boi,fear,1
ada masalah apa tigrealnya aku sebagai user tigreal malu banget,fear,1
semangat ya,happy,4
my baru bangun terus buka hp dan dapat kabar kayak begini senang banget ya ampun,happy,4
47 un sus un bisa ke unlock all case 5k acc unlock 7k acc unsus 10k acc payment dilakukan di akhir a uns perm,neutral,3
iya kaaaann selama pesantren semua kegiatannya itu berkesan sampai sekarang esq sampai malam banget tapi entar pas muhasabah melek lagi terus jadi sedih kangen orang tua,sad,2
bahahahahajahahhaaa penyakit emanggg sudah wkwkw tahan saja sampai agustus lisa datang kekokas niatnya lihat lisa ngeri ujungnya kemana mana,happy,4
soalnya dulu lupa tahun berapa aku pernah coba main ask fm enggak ada sebulan aku nyerah dan memutuskan untuk enggak terima kasih aku enggak bakal balik ke sosmed ini lagi thanks,sad,2
username waduuuh sudahlah rame pisan kalo ibu ibu snsd ku ngerumpul semua haduu tapi gapapa ya entar aku kirim ke gdm ya lah iya wkwk sudah di follback ya sayang quuu,happy,4
buat berjuang butuh sarapan ya nah ini dia sarapan ku indomie goreng telor puyuh yummy banget rasanya apa sarapan kamu biar kamu makin bersemangat ngejalanin aktivitas,happy,4
kalo dipikir pikir gua punya teman homo banyak sedih tapi enggak punya teman lesbi entah kenapa bukan nya enggak respect sama yang lesbi tapi gua waswas saja jangankan sama yang blak2an lesbi sama cewek yang jomblo seumur hidupnya saja gua takut dia sukanya sama cewek,fear,1
gue tipe orang kalo orang bakal kalo,neutral,3
kamu tuh suka munafik padahal sering lihat aktivitas aku mirip bagaimana tapi tidak pernah mau nyapa duluan sedih,sad,2
pagi2 dengar kabar kawan main yang kieu pisan pindah rumah ke luar kota ikut suaminya sudah kawan sedikit segala beda domisili,sad,2
min enggak bolak modem ini di modem sejak dini hari tadi,neutral,3
markf semangat 2 400k lagi buat mencapai target we can di itu kok yuk semangat,happy,4
semangat vii,happy,4
benar tidak kangenya nanti bong lagi wakaka,happy,4
kata bapak gua kalo dapat mertua atau suami pola pikirnya begini di pikir pikir lagi kena bukan cuman bikin sakit hati tapi sakit batin dan sakit segala galanya karena mertua atau suami yang baik gabakalan melakukan atau nyuruh hal bodoh,anger,0
kena razia rok plisket padahal yang ngerazia pakai rok plisket juga kating takut kalah saing padahal enggak ada niat nyaingin cuma mencontoh,fear,1
rencana trimksh bpk ibu atas bantuan dan dukungannya semoga langkah kecil ini berjalan sesuai rencana url,happy,4
seronok plus takut ada juga nk tengok sejauh mana kebolehan diri bismillah,fear,1
bekerja adalah ibadah jika dilakukan dengan hati berarti kita melakukan ibadah dengan khusyuk selamat bekerja dan jangan lupa berdoa semoga berkah,happy,4
kukira kau bipolarnya cewek enggak juga berapa cewek depresinya makanya ngontrol,neutral,3
ini benaran denise out dari secret number sedih banget bacanya,sad,2
hukum penguasa beraninya ke rakyat kecil bangsat plus bajingan,anger,0
takut gue mappa garap csm scene muntah di sensor apa kg,fear,1
orang kalo terlalu sering kecewa ngebatin nya pasti sudah di level ya bagaimana ya mau bagaimana lagi sampai pasrah begitu,sad,2
masa sepii kok,neutral,3
baru saja mau senang ada saja hambatan apa mungkin hidupku gaboleh bahagia ya,happy,4
ketika aki terlihat di dawah segeralah aki di bengkel bengkel,neutral,3
semangat zarven,happy,4
jam 3 belum nongol juga eh sampai jam 4 ditelponin bilangnya bersiap ke tkp kosan yang 2 lantai kamar super gede sudah lengang banget menunggu waswas sms pak ini saya jadi dijemput kan,fear,1
ganggu banget dan bikin risih pengin resign jadinya sedih padahal aku suka pekerjaan ini,sad,2
untuk angkasa enggak keberatan mengobrol atau deep talk juga ditemenin angkasa titip carrdnya di sini date angkasa dm,neutral,3
gue kaget banget,fear,1
sebenarnya malas bbgt gue tuh kalo bikin persona seolah2 gue biasa saja sama newwie padahal nya mah gila banget akwkwawkkawkaw,happy,4
faisal bakri oligarki ini sejak baru di framing di jokowi judulnya,neutral,3
loh sudah berakhir kontraknya sedih banget,sad,2
kalau belum kenal hayu terus ngajakin tmuan giliran sudah kenal puas meninggalkan lagi saja entar kalau lagi butuh nongol lagi hadeh lo kira gue boneka sesuka hati lo,anger,0
tapi sekarang ini entah sejak kapan pemikiran gue berubah kalo gue kepikiran untuk share hal yang gila gue akan pikir 1000x untuk tulis di twitter ig kenapa jempol netizen tak bisa dikalahkan,fear,1
hampir tiap hari mbak kos suka meributkan itu lo dua bodigardnya vela yang sukanya muterin halaman kosan kesal mon maaf nih ya mbak teman gue memang enggak ada tau dirinya muterin halaman kos dengan suara motor gede hampir tiap hari,anger,0
tapi ya kalau chating gue lebih suka enter send sih daripada berspasi alenia panjang panjang begitu ngetiknya kayak mau memutuskan pacar saja hahahaah,happy,4
o buat muka wkwk kalo muka itu biar enggak kusam kadang pakai sunscreen saja tiap keluar sering yang bikin kusam malah itu sama pakai moisturizer saja pakai hadalabo saja sudah bagus,happy,4
aslinya pontianak tinggal di semarang kak i sama a big fan of small towns and old shop senang banget karena banyak itu di bandung diary heehehe,happy,4
terkadang perduli dan memberi motivasi yang berlebihan itu bikin sakit hati sekira nya enggak nerimain mah oke terserah kalau sudah kecewa bakalan bodo amat serius atur sendiri,sad,2
enggak kok memang sedih kalo benar ener merasai diposisi pram orang niskalanya,sad,2
bodoh punya statement baik gi minum arak melacur main judi baru betul thrill,anger,0
hmm romannya enggak enak ini,happy,4
nya anget2 nih,neutral,3
dih bego kok,neutral,3
selalu takut kalo private chat ke dosen takut kesalahan beberapa tahun lalu keulang salah kirim selfi ke dosen niatnya buat gendakan ku malah kekirim ke dosen posenya gabanget pun mecucu mecucu meminta dikasih nilai sih banget pokoknya,fear,1
username sebenarnya jika seorang kepala daerah jadi presiden atau wapres itu artinya dapat amanah lebih besar tapi beda dengan jokowi sebelum jokowi maju di 2014 pdip dan gerindra sepakat dukung jokowi lewat perjanjian batu tulis jadi majunya jkw,anger,0
benar kayak mau tinggal sama salah satu orang tua pasti sering makan hati tapi kalo tinggal sendiri takut enggak bisa mengurus rumah apalagi diri sendiri sok one thing we have tapi di is survive,fear,1
perbuatan adalah tapi perbuatan pura pura itulah sbenarnya mnimbulkan dan penghianatan,neutral,3
ditambang nih ngawas hari wkwke,neutral,3
username well common logic di indonesia itu selalu perempuan yang salah coba kalo enggak ini itu bla bla bla sedangkan yang salah sebenarnya selalu pelaku bukannya korban logcial fallacy,anger,0
mencuci termos ala orang malas isi penuh dengan air mendidih tutup rapat 30 menit buang airnya isi termos dengan air es termos dapat digunakan lagi seperti biasa,happy,4
ndk apa-apa miss semangat bawa mereka untuk konser selanjutnya ya dan terima kasih prjuangannya tahun ini semangat miss kita semua menunggu,happy,4
oke melupakan saya saja ya urus adek2an kamu saja gih,anger,0
tapi walaupun ada scene uwu di rs rating malah turun karena setiap scene ada sih jessi yang muncul jadi pindah2 chanel tiep dia muncul lebih baik ku lihat konflik perebutan reyna walaupun harus emosi juga lihat tingkah kuyang tapi ketimbang aku lihat sih jesika,anger,0
titip salam sampaikan,neutral,3
gue manggil gue selow klopun orang bilang saudara kandung berapa,neutral,3
akhir akhir ini sering menonton 86 kok makin seru ya finally gue mikir ternyata serunya ya karena waktu proses pnangkapan berbagai kilah yang dikeluarka sama tersangk itu ya konyol2 semua kwkwkwk,happy,4
masuk ke artikel cetak mediaku waktu itu tapi lupa edisi tahun berapa dan alhamdulillah tulisanku juga menang lomba dalam rangka hari kesehatan jiwa sedunia waktu itu kak url,happy,4
marbot masjid semester akhir sahuuuur sahuuur sahuuuuur buruan sahur woy skripsi tuh dilanjutin jangan dilihat perlihatkan saja niat lulus enggak via vallen mulu kampret lu pada ah,anger,0
username username kemarin senin 4juni ikut acara sosialisasi yang diselenggarakan di kediri terimakasih dapat kesempatan ikut url,happy,4
semoga hasilnya negatif ya kak sha semangat,happy,4
syok sedih banget,sad,2
username username username username ku ditinggal senja malam menghampiri sendiri ku dalam menanti segera oh angin sampaikan rinduku terlupakah kau pada janjimu ketika bersama rindu bergelora perpisahan menikam jiwa kau pandai mengusik kau kapan,sad,2
ini pasti type buyers yang ribet aku enggak kasih proof kok bilang aneh lagian setiap seller punya si ke sendiri kali kalo enggak suka mah tinggal skip ribet banget bikin kesel dulu,anger,0
namanya orangtua ya memang wajib kan bayarin anaknya sekolah jadi enggak ada itu yang namanya buang2 duit semua yang sudah dilakuin sama kita baik benar apa enggak itu enggak bakal sia sia enggak usah takut gagal enggak usah mikir buruk justru yang sia sia itu dengan kalian ngejudge orglain kayak begini,anger,0
bahagia itu sederhana yaitu saat kita lolos dari remed,happy,4
saling menyalahkan dan mencari pembenaran sendiri apakah itu bijak hal ini biasa karena basis suporter juga besar di tambah provokator yang anjing,anger,0
himalaya enak banget aku repurchase berkali2 huhu,happy,4
tolol banget asu,anger,0
yang pengin s2 tapi terasa sulit sekali menggapainya yang sudah dapat anugerah jalan mudah untuk s2 malah enggak mau ya allah kok begini dunia ini engkau ciptakan,sad,2
sukailah suka sayangilah sayang dan cintailah cinta maka di akhir perjalanan kau temukan kebahagiaan,happy,4
kali ini agaknya merupakan muktamar yang keren muktamar yang sadar jaman terlihat dengan pemaksimalan website dan media internet lainnya dari countdown acara regustrasi peserta sampai pendaftaran formatur keren,happy,4
dapat driver username orang batak marga tampubolon nama depan disembunyikan yang seumuran sudah deh di jalan mengobrol ketawa ketawa serasa lagi mengobrol sama sepupu sendiri halak hita dang adong matinya mauliate godang lae hu horas,happy,4
enak bisa lanjut tidur,happy,4
aku dulu nemu ig nya dia pas dia lagi lihat camera begitu seram deh itu enggak tau pakai softlens atau bagaimana tapi matanya tuh jadi gede banget,fear,1
pernikahan apalagi masukkan orang ketiga,neutral,3
terus ujaran naon ujaran bangsat ujaran kunyuk,anger,0
iya kakak nih kucing oyen saya galak banget betina pada takut sedih,fear,1
eh iya jujurr takut ketahuan,fear,1
juga adalah bisa di penuh tanpa seseorang enggak akan bisa adanya barangkali di situlah sebenar benarnya,neutral,3
malu banget tadi menangis dipergokin nyokap,fear,1
kamu enggak zendirian kak zcazca kakak zaman temannya zuka bilang zaya dewaza zekali dan zcara bikin ibu koz enggak zaman zaya,neutral,3
terkahir deh sengaja juga baru update sekarang karena waktu itu banyak banget pikiran sampai mikir takut enggak lulus jadi belum berani share eh aku lulus ternyata bestie hahah ini benaran terkahir,happy,4
mengobrol juga enggak hbu,neutral,3
mau mengucapkan happy birthday yang ke 24 buat deh nursehah semoga berkah umur amp,happy,4
bagaimana orang enggak nilai dari jilbab syari enggak nya kadang gemas sama orang yang dikelas diem2 bae eh di grup wa bisanya dia nyeletuk mengarah ke social harassment,anger,0
dengan 5 minit kita tapi dengan kita tak nak waktu uai,neutral,3
beli makeup sekali kalo enggak cocok malah bikin beruntusan dan jerawatan terus pengobatan nya berhari hari yagitu yang bikin pemilih banget sama makeup terharu trauma saja punya muka sensitif begini,fear,1
bukber pertama dengan orang tersayang username username username username syngx kurang username dan username,happy,4
hmm siapa lagi yang harus aku benci,anger,0
sore sore nyomay enak nih hq indosat m2 grafiti building 2nd flor,happy,4
sedih euy sedekade yang lalu fan emyu berani menyindir semua rival rivalnya fan emyu sekarang cuma berani menyindir arsenal doang karena tau diri,sad,2
btw beliau kan salafi ajaran nya keras alquran dan al hadist tapi beliau,neutral,3
congratulations on your 1st holly communion xellent mommy papa ompung unty tulang bou sudah xaviera are sok happy tapi be able tapi witness and accompany you on this special day semoga xellent tumbuh mjd anak yang menyenangkan hati tuhan menjadi saluran berkat bagi banyak orang url,happy,4
aku sumpah benci nerd yang main romen buku setiap hari pastu poyo nn hotboys,anger,0
09 23 tengkawang antrian kendaran dikeempat kaki situasi arus lalulintas,neutral,3
paling pergolakan pentadbiran di malaysia nih adalah geng mahiaddin azmin segala punca bila,neutral,3
tuhanlah dengan segala rancangan dan rencana baiknya saya bersyukur dengan apadanya diri baik susah dan happy always spirit,happy,4
springhill f tier breakfast sosisnya,neutral,3
cuman kayak sedih saja i really hope i could change the destiny tapi ya mana bisa gue enggak punya kekuatan apa apa buat ngubah takdir,sad,2
sudah makan belum bang janganlah marah atau sedih karena kalah,anger,0
tak masuk skuad barcelona untuk liga europa dani alves kecewa berat bolanet arenanews,sad,2
makin banyak orang tolol asu goblok,anger,0
utuhlah hukumnya orang dan beradab,neutral,3
rangorang pada sok suci tapi sok tau begitu tentang kehidupan mereka intinya begini kalo belum pernah mencebur got kalian enggak bakal tau di dalem got itu kayak bagaimana sama saja kalian kalo enggak mau kenal sama orang yang berbeda ya kalian bakal jadi sok tau,anger,0
enggak tau lagi enggak ada lagi tempat buat lo curhat enggak ada lagi tempat buat lo cerita karena satusatunya tempat sudah lo sia siain tolol,anger,0
kok ngedads bodoh sih pakai uname akun agak bodoh wkwk terus lu apai anaknya wack lu sidah anaknya,neutral,3
2022 berat kedepannya jalanku alurnya tapi kok begitupun sebaliknya bersifat gapapa kok kan hatinya seluas samudra,neutral,3
terakhir semoga series ini menonton menonton enggak juga enggak dipaksain walaupun mereka kita fangirling kok pakai segala halal haramnya,neutral,3
smnga cepat selesai ya sedih lihatnya mereka ptus tapi masih slng sayang enggak tega jdinya ikut sedih,sad,2
inti twit 1 kalo covid enggak tes di bali ignore 2 kalo tes koar2 kalo orang covid di bali wisata 3 cepu ini orang-orang jakarta 4 penulis kebiasaan cepu orang jakarta,neutral,3
ahay bocah tengil tolol cuma pintar foya2 ngabisin hasil warisan mumpung masih banyak warisan terusin saja halunya,anger,0
berlaku buat seller juga sih kalo sudah ada yang take at least ngabarin ke calon buyernya biar sama sama enak kalo sama sama ghosting ya bagaimana wkwk ngeri juga,fear,1
ponakan kls 4 sd lagi demen menonton video tutorial masak craft youtube gue kls 4 sd sudah baca novel2 marga t amp mira gue minjem punya sepupu,happy,4
ayahku di alam kubur kayanya malu juga anaknya jadi wibu begini,sad,2
ket lu enggak takut kuliah hukum kah ket,fear,1
kita kecewa sama harapan yang kita buat sendiri,sad,2
aku baru jadi myday akhir 2020 kalo enggak awal 2021 sedih banget belum pernah lihat mereka satu frame dan agak menyesal sih baru jadi myday waktu itu padahal sebelumnya memang sudah suka banget sama lagu nya day6,sad,2
agak telat ramai nya ya dok alhamdulillah sudah paham sejak lama banget jadi geli saja baru pada ramai sekarang hehehe url,happy,4
gue pecinta notabenenya pecinta buku non,neutral,3
username username tolong pencerahan kah saya sudah lapor ke hotline dan mention kesini tapi tracking paket saya malah ke purwokerto itu tujuan paket saya kaimana papua barat buka kalimanah purbalingga kesalahan a di pihak anda yang salah,anger,0
morningg bestiee deh,neutral,3
mana katanya ngehargain keberadaan gue kalo meminta saja maunya diturutin giliran gua meminta enggak diturutin giliran gue marah gue juga yang salah hadeh yaallah,anger,0
libra diartiin padahal behaviournya bikin orang-orang sekitarnya,neutral,3
ya tidak apa-apa konteks saya bukan benar dan tidak benar tapi inilah sebuah proses penyempurnaan terus mnerus hg sampai ke tuj bangsa yang diinginkn makmur sejahtera ol karena itu shrsnya kita semua sepakat dan konsen,happy,4
alhamdulillah hari ini senin tggl 9 juli 2018 murid smaia 7 sudah mengawali hari pertama masuk sekolah di tahun ajaran 2018 2019 pada kesempatan kali ini dilaksanakan apel pagi dengan pembina bapak kepala sekolah,happy,4
tbh enggak kok case begitu haha,neutral,3
pernah dijelasin memang ngeri sih vi tapi kepo banget haha,fear,1
ronaldo berkata besok abang truck,neutral,3
sedih banget gila denise,sad,2
kalo di indonesia selena gomez sudah dinyinyirin jadi orang tabah banget menjaga jodohnya orang karena putus menyambung sama justin bieber eh justin jadinya sama yang lain,sad,2
gue sh sbnrnya susah banget nih lepas dari sedotan karena pakai sedotan lebih melindungi lipstick ye kan lebih rapi juga minumnya tapi gue rasa environment preservation dengan mengurangi plastik lebih penting daripada itu,sad,2
username jangan karena save kampus ada alasan untuk memelihara pelaku teror di negeri ini sebaiknya kapolri menawarkan fh dan fz digaris depan dalam penggrebekan pelaku teroris agar merasakan ketegangan saat itu berlangsung aktivis bukan segalanya bila tak,anger,0
bayangkan saja ryo ani sih aced tau tuh kena marah kan lyan lah kok aku berakhir gelut bertiga,anger,0
di palembang sudah uji coba venue untuk asian games jakarta kapan ini tapi gubernur yang lo lo banggakan duh sing penting islam gawean ra kelar pikir keri url,anger,0
iya pusing apalagi lucu-lucu bayangkan aku sudah jajan 2 leot belum ada jeda seminggu aak tapi aku senang tapi sedih juga kenapa bisa lemah sama leot lucu kawkakaw,happy,4
hari ulang tahun bukannya bahagia malah sedih dari sekian banyak teman yang mengucapkan cuman 1,sad,2
nelayan sejahtera rakyat bahagia semangat gus ketum,happy,4
enggak bisa komen sih takut salah kata cuman ya agak bagaimana juga ya,fear,1
cie sedih kawkwakwak ngakakkkk,happy,4
bagus tapi mau marah,anger,0
enggak ada soalnya gue kurang suka ya suka sih tapi ya enggak banget banget begitu,sad,2
username username username kemudian kenapa jalan tol karena banyak swasta berinvestasi dijalan tol jadi pemerintah bisa hemat dana jangan terlalu picik otaknya rakyat tidak terlalu permasalakan tol berbayar yang diinginkan r,anger,0
gue paling suka romansa sama jolly wanginya manis tapi pas kalo yang manis banget itu charming soft tapi manis banget kalo pengin enggak terlalu manis bisa coba yang fantasia kalo freshy aroma manisnya beda enggak soft begitu manisnya lebih ke nyegerin this is my opinion,happy,4
masih ditemukan harimau jawa di kampung halaman saya saksi terpercaya dengan semakin menurunnya jumlah makanan kijang yang banyak diburu juga kepemilikan senapan saya kuatir lambat laun akan bergesekan dengan manusia username username,fear,1
terkadang disitu saya merasa sedih,sad,2
satu kata jangan mengundi sebab semua bodoh,anger,0
dprri pemegang amanah rakyat tetapi selalu membalikan telapak tangan dewan yang membuat aturan dan dewan pula yang melanggar aturan segelintir dewan mencoreng amanah rakyat dengan melakukan korupsi jls bersalah dan selalu berkelit menutupi kesalahan dengan bersandiwara,anger,0
semangat anggun aku juga setiap hari pulang jam 3 sore mana bimbel 3 kali seminggu,happy,4
yang bisa wfh mah enak bang sarkem mana bisa cacat nih kantor gue,anger,0
katanya orang bisa jadi bodoh karena cinta tapi aku enggak peduli semua itu aku cuma mikir betapa bodoh anger gue senin kemarin ampir di serempet motor karena bule tolol naik nmax lawan arah gue posisi lihat kanan karena laju kendaraan dari sana kan eh sih bangsat ngebut dari kiri benar-benar 1 inch from terrible2 accident anger aku marah karena dia berantakan banget deh enggak mau beresin tapi aku yang disebut gila harus diruqyah anjing pengin punya rumah sendiri biar bisa pergi jauh dari keluarga ini minimal aing lah yang mati duluan anger sama diri sendiri saja enggak jujur kalo sakit ya bilang bodoh obatin bukan di sangkal anger etmin harus banyak banyak sabarr terharu walau sebenarnya aku lihatnya juga ikutan emosi anger sampai gua pernah bilang ke dia kalo ketemu kucing saya dirumah situ tabokin saja pakai sapu tusuk kepalanya lemparin saja dari lantai 2 situ saking sudah kesel marah banget,anger,0
deh deh perangai deh,neutral,3
ngeri brodi kapal sebelah,fear,1
sedih lihat kamu bisa lebih bahagia dengan orang lain,sad,2
ahoker pdip ini kenapa ya enggak pernah obyektif menilai prestasi kenapa ahok selalu diklaim paling berprestasi penyesatan opini publik adalah jahat menurut saya sih url,anger,0
pagi ini lagi pengin menangis terus bingung mikir soundtrack sedih apa yang bagus begitu buat nemenin gua menangis eh ujung ujungnya malah menonton ulang ending snowdrop dan gua berakhir enggak bisa berhenti menangis sekarang definisi dari menyakiti diri sendiri nih memang,sad,2
enakan yang goreng atau kuah sih kemarin beli yang goreng kayak enggak ada pedas pedesnya jadi kecewa,sad,2
mengomong dari pagi kayak bangsat menyusahkan banget,anger,0
ternyata beda ya dianggap sekadar suka sama tempat cerita terbayang bagaimana poteknya dewangga waktu bertanya ke april kamu benaran cuma anggap saya atasan yang kebetulan suka sama kamu ya bukan laki laki yang mungkin bisa kasih kamu a shoulder tapi cry on a sharing partner instead,sad,2
bangsat benar juga,anger,0
pagi dapat kabar baik tentang jimin,happy,4
lambat laun kok makin enggak jelas dan semakin kurang ajar gue sabar jujur ya gue enggak pernah dan enggak mau secara frontal maki orang gue bilang baik-baik menasihati secara adek-adek,anger,0
mandiri tanggung jawab rendah hati sabar dan takut akan tuhan itu saja sudah cukup untuk harapanku 3,happy,4
hai sasa apa kabar jangan lupa sarapan ya minum air putih banyak banyak jaga kesehatan ya kalo keluar rumah jangan lupa pakai masker cuci tangan dan jangan lupa jaga jarak have a nice day semangat untuk hari ini,happy,4
enemy tapi loversnya bukan yang omg dulu gue benci dia tapi gegara dia bantuin gue kok gue degdegan sih ternyata dia enggak seburuk yang gue kira tapi yang gue benci sama lo tapi kalau lo mati gue bakal ngehidupin lo lagi dan ngebunuh lo dengan tangan gue sendiri,anger,0
minggu 8 juli 2018 anak gunung krakatau berjalan lah sejauh mungkin berlarilah secepat mungkin dan bermimpi lah setinggi tingginya nya karena hidup adalah sebuah perjalanan jadikan perjalanan semenarik mungkin untuk cerita di masa tua,happy,4
tapi agak sedih itu telinga habis di pukul cenat cenut sampai sekarang dan pusing alhamdulillah itu batu enggak jadi dilempar masih pengin sehat sampai besok2 tuhan,sad,2
dan yang memang belum tau banyak lah tentang dunia ini begitu tapi gue merasa sedih dan marah saja enggak tau deh rasanya campur aduk ini saja mengetik sambil nangisssss enggak tau tapi nyesekk banget rasanya apalagi kalo ada yang hate komen begitu ke win gue benar gasuka gue sakit hati anjj,anger,0
sksksk mengajar cuman cengo melihati ke teman nih orang mengomong mana ipa tapi kalo di fb comment2an bahkan chattingan mr nya,neutral,3
iyalah ci aku yakin 100 pas aku ribut sama akun saja dia ada dm ngaku2 mantanku terus tujuannya apa coba kalau enggak jualan cerita palsu dia babikk benar orang itu dan laporan buat sih sudah tak cabut tak suruh dia buka dm nya dulu yang ngaku2 mantanku kesel,anger,0
username username cuma kata cuma selogan kayak teriakan mereka saya pancasila bukti presiden lu dikatai dungu kalian pada diam ajaib saran mulut sama kenyataan mohon disingkron kan,anger,0
nb jika anak didikmu tidak menyukai cara sikapmu ubah kasihan mereka tidak akan pernah bisa menerima apa yang engkau berikan jangan mengajar dengan cara egois kami mencontohmu pakbuk siapapun curhatvan,sad,2
bersamamu aku ingin lupa pada sebuah kata pergi yang meninggalkan luka karena aku pernah kehilangan banyak hal yang aku miliki namun untukmu aku siap kehilangan kembali banyak hal,sad,2
kasihan itu enggak ada urusan dengan gue salah enggak usah dibela nah imam besar mesum kok dibela takut enggak masuk surga rizik saja belum tentu masuk surga pakai disembah2 kaum kampret termasuk kau bukan url,anger,0
i think senpai tachi found itu kenchan is sok cute tho i mean mereka berdua tuh sudah kenal kenchan dari umur belasan tahun atau bahkan kurang terus dapat kabar dia nikah dengan salah satu orang yang mereka kenal juga jadi merasa kayak ngebesarin anak sendiri pasti wkwk lucu banget,happy,4
kapan ya manajemen di rs diubah biar enggak lempar lemparan begini anjimm orang ke rs tuh butuh penanganan cepat bukan bolak balik ribet emosi kan gue ajgg,anger,0
fak gue sedih banget,sad,2
kok ngeri,fear,1
lihat kok cuman takut pada ikut close juga nanti gue sendirian sedih,fear,1
aqis masih enggak,neutral,3
haha itu jaksel day ngebekas banget jadi bikin aku suka mengetik i bercampur language t t keki banget,anger,0
username aku dikasih tau katanya kalbis nanti kayak praktikum nya kalo enggak salah sih di luar negeri tapi aku takut salah kalo mau coba tanya yang lain,fear,1
09 21 antrian kendaran diketiga kaki situasi arus lalulintas,neutral,3
hilma teman adek kemarin main ke rumah curhat mbak aku kok telat lama ya padahal kan ini sudah mau lebaran kata tmnku kalo minum sangobion sama vit b nanti bisa langsung dapat ya terus ku bilang coba saja kali beruntung hil padahal mbatin hmm aku kan juga telat bisa ini dicoba,fear,1
sudah mengaku saja ci haha enga lah enak saja kamu kesal,anger,0
kalo sudah dekat hari ultah bawaannya makin panik makin ovt,fear,1
username username username username username username username username username username username sudah bosan hidup bebas kali ya meminta ditangkap dan dipenjara tunggu saja,anger,0
setelah saya melawan perasaan saya baru paham sampai mana titik itu ditentukan tidak baik rasanya menyalahkan seseorang yang mempersilahkan masuk saya lebih memilih menyalahkan diri sendiri yang salah datang dan niat untuk bertamu walau sekedar,sad,2
untuk bisa suatu dilahirkan keadaan orang nya lah akan menentukan warna kehidupan sih kedepannya jika orang anaknya buku petunjuk kitap mka akan,neutral,3
antum bodoh sih sumber digunakan perbandingan untuk memperoleh nuonline jelaskan diatas atau browsing untuk mendptkan,neutral,3
luffy selain bodoh kau juga pengecut aku tidak menyukaimu,anger,0
mau check out takut tidak kretek tulang punggung dilema jadi muda mudi jompo wkwk,fear,1
song of today aku memang salah aku memang hina maafkanlah untuk semua karena kau memang tak pantas tersakiti lagi dan lagi karena kulewati batas melukai lagi dan lagi dan aku tak bisa untuk mengakhiri,sad,2
kalo kedua ngebingungin tapi kalo kucing masa kamu kamu untuk kemana mana bisa dilihat kan sih kucingnya enggak rumahnya kekeuh benerin rumahnya segala macam,neutral,3
deh dm repost di cf ayang jiakkhh,neutral,3
sedari tadi hidung meler terus waktu terawih tenggorokan rasanya sakit yaps setelah memakan ini jadi mencair semuanya hehehe url,sad,2
mun sepatah ku becakap kau utuk baik teh ku diam pastu kau marah pulang aku diam enggak paham,anger,0
itulah pentingnya materi kode etik diajarkan sejak sd atau minimal ilmu ilmu dasar untuk berbuat baik sopan teratur lah kalo enggak ya jadinya kayak begitu bablas enggak peka keadaan gue lupa dulu bk atau pkn atau sosum bahas apaan ya ada sih kesananya tapi enggak khusus jadi enggak ngena,fear,1
dilema banget anjir mau kentut tapi takut yang keluar gakcuma gas mau berak tapi enggak mules,fear,1
sekali lagi salut dan selamat username terima kasih atas energi luar biasa teman teman,happy,4
username terima kasih banyak username atas kerja kerasnya enggak papa exo enggak jadi kesini semoga exo planet exo bisa kesini amin terimakasih banyak username terharu,happy,4
username ternyata cuma slogan doang setelah dkomplen ternyata dbatalin sepihak dan nama besar itu indak jaminan keprofesionalan ya terus menyampaikan ke pihak official store kalo saya yang batalin padahal samsek enggak saya batalin jadi sekarang saya sudah tau kal,anger,0
buat teman teman yang kuliah di bidang kesehatan pernah enggak sih kalian merasa insecure sama masa depan contohnya begini gue kadang merasa was was begitu apakah nanti dimasa depan gue akan menjadi dokter yang capable,fear,1
sarapan pakai nasgor enggak,neutral,3
username boi ini gimane nih wifi gangguan mulu jangan mau kalah lah sama indie home kalo sampai besok masih gangguan gue pakai indie home saja lah,anger,0
hari ini enggak dulu ngeri,fear,1
username username username username username salah satu pemimpin di kalbar yang sering membuat fitnah memprovokasi masyarakat dan sering menyampaikan pernyataan yang menyesatkan tapi belum pernah mendapatkan penindakan dari yang berwenang,anger,0
sok battery 20 charge deh tak sepantas hairan pula tapi time battery 100 nak 90 pula ye,neutral,3
mungkin hidup gue bakal bahagia kalo gue berasa orang yang menyayangi gue menangis,sad,2
req dm telat banget sedih kalo mau bertanya ke wa atau enggak rep sama tag aku ya soalnya suka telat kalo dm,sad,2
ih kok sabtu jam 7 ku enggak menonton and crazy,neutral,3
semangat buat hari ini ya lu deserve tapi be happy anw jangan lupa sarapan agas,happy,4
kalo enggak enggak,neutral,3
duh bagaimana ya buka pola pikir orang orang kayak begini sedih saja ngebacanya,sad,2
terlalu cantik emak jadi buzzer biasanya kusam kusut dan norak mana enggak jelas lagi,anger,0
done lukisan teakhir deh slese kemarin sudah di bungkus di bawa pulang semoga berkenan like this,happy,4
astaghfirullah marah marah,anger,0
200 mubalig versi menag sudah ditatar bahan ceramah harus sesuai dengan menag lucu juga ceramah terkendali jika para mubalig menolak menag mundur iya dong kalo username punya harga diri url,sad,2
plis nilai akm keluarnya lama banget takut,fear,1
harus berapa ribu kosa kata yang saya hafal agar lancar membaca jurnal ini semoga terbiasa karena biasa setidaknya pernah berusaha untuk ada disini,sad,2
kabar baik untuk kita semua,happy,4
ahaha kau ini bisa tak akhirnya berkebun katarina,neutral,3
ngeri lo datang datang twt beginian,fear,1
macetnya mantap,sad,2
hikssss username kenapa daerah jalan jambon kodya yogyakarta sering mati listrik malam ini mati listrik lagi kenapa oh kenapa di kota besar kok listrik sering mati,sad,2
sering sering bikin au taeyong ya seru semangat terus nob,happy,4
yaallah kenapa sih pagi pagi sudah dibikin emosi saja please ini weekend tolonglah kalau mau pulang ya pulang saja kagak usah tanya tanya gue kan gue juga jadi ikut mikir,anger,0
username username saya sudah 2 bulan dana mengendap di bukalapak gara-gara di bekukan ini bagaimana semua pertanyaan dari pihak bukalapak dan bukti-bukti sudah saya kirim kan pedagang hanya mengirim barang terhadap pesanan lalu bl membekukan secara se,anger,0
takut patah hati gara-gara derek,fear,1
dih enggak sopan banget ini kurir kurir anteraja sama jnt pada enggak benar apa bagaimana sih suka banget bobo paket orang buat hal yang enggak berguna begitu,anger,0
memang bangsat tuh yang bancaan duit rakyat semoga azab perih menimpamu maszsehhhhh,anger,0
ditimbulkan dan bersilit silitnya sekarang enggak hilang-hilang akhirnya mereka jebul didukung malah dadi mentri,neutral,3
aaaa semangat harinya juga kak azutt,happy,4
username jadi tuh jalanannya kayak jalanan mati begitu sepi terusan sering banyak orang mabuk ngeri kan kalau berhadapan sama orang yang kena pengaruh alkohol begitu kemarin minggu ada yang habis dibegal padahal dekat banget sama kantor polisi,fear,1
anjir anjir anjir sumpah sama pak hamba takut banget kalo disuruh menunggu adek sendirian takut dia bangun terus cekek hamba,fear,1
weh baru balik ngerjain tugas kaget banget kok rame,fear,1
bpk ibu ketidaknyaman dialami untuk perihal tersebut dilakukan pasa menu bpk ibu juga melakukan tracking link ke nomor ponsel whatsapp atau smsnya,neutral,3
sedang terjadi seorang teman yang pas kuliah dulu sering banget mengatai jokowi pemerintah ini itu lah jokowi ini itulah ngechat gue dan bertanya bagaimana sih tipsnya biar lolos tes cpns,anger,0
tidak peduli marah ataupun kesal ketika grup lawan memenangkan award karena itu netizen geram dengan tingkah sok hebat dari rae beberapa netizen berkomentar positif maupun negatif apa apaan dia baru saja debut sudah sok sok an,anger,0
tanpa meminta baju sexy di kamar tidur king ezechiel n douassel sekarang menjadi top scorer sementara liga 1 dengan koleksi 11 goals usai mencatatkan brace ke gawang psms medan tadi malam mantap aliando url,happy,4
gregetan kalau menonton tv beritanya korupsi mele,anger,0
pengin berjuang buat dia tapi masih banyak hal selain cinta yang mesti dilakukan lagian dianya juga b saja ke saya ke aku enggaa,sad,2
mu adalah aku yang sedang tak tau arah sedih,sad,2
kucing lps sih chi nih cha xselera nk wife bgtw cha mknn favorit kali kita chi dulu selalu jilat2 sih chi nih chi nih cket xblh jalan dengan saraf kaki blka,neutral,3
kagak sih kan tiap kali ku ada tugas atau ujian yangbeb selalu ada soalny kalo enggak ada siapa yang bisa ditanya2 dia mah kayak wikipedia berjalan semua mua tau aku mah apa atuh,happy,4
1 suami istri tanpa suami 2 suami nafsunya namanya nafsu dikendalikan 3 seolah jika berpoligami perzinahan ditanggung istri zinah zinah suami,neutral,3
maksutt malah kalo pc bisa ku kolek kalo station enggak n pc nya,neutral,3
emyu yang kalah kok aku yang emosi ya,anger,0
alhamdulillah selamat senderr semangat,happy,4
baru kali ini naik gojek enggak pengin cepat sampai gara-gara mendengarkan cerita masnya yang amat sangat menarik bahkan sampai depan kospun masih di lanjut ceritanya wkwkw,happy,4
menghindari perzinahan kok poligami sih tolol banget goblokkkkk makanya titit nya enggak usah gatel lihat perempuan tetangga,anger,0
semangat hati hati dijalan meii,happy,4
tadi waktu mau berangkat ke sekolah kan harus salim dulu kan sama orang tua terus tadi mau salim ke ayah tapi katanya sudah sana berangkat saja jadinya cuma salim ke mama sumpah kayak kenapa susah banget tinggal julurin tangan doang tadi diperjalanan mikir keras sambil menahan tangis,sad,2
pakai membuatmu nder platform bimbel mana sesuaikan ngikut teman mana enggak teman enggak kok nder,neutral,3
ayah suh bawa exora enggak hostel memang kelat lah muka guwe bukan enggak suka tapi takut drivenya malah mobil nya gedek banget,fear,1
gue mau marah banget bacanya yaallah masih pagii ini emosi gue di uji mulu perasaan,anger,0
username ngumumin tunangan di hari ke tujuh bulan ke tujuh karena menurutnya itu angka keberuntungan beeeh aku patah hati nya dobeeel ku yang pengin banget tuh tanggal segitu wkwkw kalo nikahnya sama username rada enggak apa-apa sih tapi knapa sama die sih hihi,sad,2
masih ingat pas sn di vlive soodam pernah kelepasan sebut soal denise dita mengiyakan lalu suasana jadi hening dan seketika ganti topik aku yakin kakak2nya di sn pasti sedih dengan kepergian denise mungkin di balik layar mereka tetap berhubungan baik meski sudah tidak bersama lagi,sad,2
setelah lebih dari 100 purnama menunggu kerja keras insan tvri untuk lepas dari opini disclaimer terjawab sudah semangat menuju wtp tahun depan insya allah,happy,4
dear sender menfes ini dm aku terbuka banget kok terharu ayo cerita ke aku aku mau kamu berbagi juga sama aku kamu enggak sendiri aku sayang kamu,happy,4
sudah deh mengaku saja siapa yang mbeking nih bupati enggak takut dihisab panitia hari akhir teh,anger,0
sudah sampai disini bahagia pun menanti,happy,4
semangat pagiku bocil,happy,4
yang jelas username username 1 tidak kreatif hanya melanjutkan saja 2 suka melempar kesalahan kepada pejabat sebelumnya atau kepada bawahan 3 pintar bicara terutama ngeles kalau sudah begini cuci tangan selesai,anger,0
username tapi memang jadi keeengganan untuk memulai interaksi yang baru ataupun kembali berinteraksi dengan yang sobat lama yang baru nanti takut dia ngecounter semua yang lama takutnya sudah berubah jadi counter total dari yang dulu sedih,fear,1
amin amin mbak dew senang sudah lama sekali tidak merasakan sensasi lahiran jadi tidak tahu ini sudah sampai mana progresnya hehe,happy,4
semangat juga beb,happy,4
kalo pakai automatic pengharumnya nder tapi spray paling rose garden entar semprotinnya diujung sudut kamar kalo misalnya makanannya ditutupi nder enggak,neutral,3
username username berarti yusufk09 seringnya menonton penyanyi dangdut yang cuma jual goyangan atau busana seksi dibanding suara bagus,sad,2
ya begini deh nganggur di tempat kerja karena sudah selesai berakhir dengan cuat cuit di twitter mau ghibah sama mbak mbak sungkan lagi puasa ehe tiga jam kemudian dia pasti ngajakin mengomongkan orang kok kebiasaan banyak istighfar,sad,2
beginilah manusia yang berwatak setan dia anggap dirinya tuhan dan paling benar dalam menjalankan agama,anger,0
hepi besdey pappa allello condropramonozld panjang umur sehat sentosa banyak rejeki makin soleh amin ya rabb pemalang url,happy,4
aku takut ketekuk ini ngepas banget sizenya,fear,1
kahar muzakar 1921 jusuf kalla 1942 21 tahun di nalar juga enggak akal 21 deh cicit tapi dasarnya character assassination sih sah2 orang ngeritik di pribadinya di negara ini,neutral,3
definitely caca kak ika auranya sudahlah paling pas kualitas aktingnya enggak perlu dipertanyakan ditambah enggak tau caca ini ada apanya tapi akan gemas saja kalo jadi alex yang galak tapi penyayang tapi cantik tapi sibuk tapi masih sanggup menghadapinya,happy,4
wkwk whales whales dan grupnya juga juga malah enggak bilang tiba-tiba sorr bilangnya cuman serok patokan paling tradfi makro ekonomi,neutral,3
selain pocong aku seram juga dengan hantu merangkak mengesot nih selalu bayang tgh naik tangga tetiba natang nih kejar setan betul url,fear,1
allah tidak akan membebani seseorang melainkan sesuai dengan kesanggupannya ia mendapat pahala dari kebajikan yang diusahakannya dan ia mendapat siksa dari kejahatan yang dikerjakannya qs al baqarah 286 kuncinya sih usaha cari jalan keluar solusinya,happy,4
takut semester ini enggak bakalan maksimal belajar yang seharusnya 2 semester satu tahun jadi cuma 6 bulan pulang sore berangkat pagi pkl 6 bulan alamat setres dadakan,fear,1
sedih aku lagi berantem mereka saling cemburu akhirnya win ngembek,sad,2
tahun berganti orang akan hidupnya ini kegagalan pria tapi seolah pria diambil orang bodoh tiap tahun selalu,neutral,3
yeeeaaayyy siap2 buat lebaran buat mamak klaten alhamdulillah swiss belboutique yogyakarta ini gondokusuman daerah istimewa yogyakarta,happy,4
di saat senang ataupun susah menangislah dalam hati,happy,4
mak gregah lantas saya bangkit dari tempat duduk mematikan saluran wi di dan membayar kopi saya tinggalkan kajen beralih ke masjid sih mbah ronggo kusumo ngemplak kidul yang ada di belakang rumah saya ikut kawan nabuh beduk,happy,4
waduh takut takut,fear,1
apa senang banget ya refreshing senang banget begitu mencari udara segar lah kalo sudah terlaku sumpek disini ya kan mending enggak usah lebay2 meminta pulang kesini kan kita sudah enggak minta2 dia selalu disini kayak dulu loh,anger,0
sudah ngebias dari jaman sama mulai suka sama band soloist sampai sekarang aktor baru sadar itu abisin duit banget ya sudah kayak mungkin aku sekarang kalo enggak terperosok dari dulu,sad,2
yang saya lakukan ketika mikir keras 1 mantengin leptop berharap dapat ide buntu 2 nyetel musik berharap merilekskan otak biar ada inspirasi buntu 3 glibag glibug di kasur merenung sambil memeluk bantal kemudian ketiduran,sad,2
sah sah saja anda fan persija membela pemain klub favorit walau persija bapuk tapi jangan kelihatan banget lah apalagi soal via vallen simic ini mikir,anger,0
username bu mentrri konsep tentang sistem penangan sampah sudah saya email ke pak username buang2 duit tempat sampah dari jerman tidak efektif panggil username dan username saya presentasikan konsep saya yang sudah ay rancang slma 10 tahun cc,anger,0
username syarat seperti apa yang sebenarnya diminta traveloka apa enggak bisa diberikan info lebih detail apakah karena alamat enggak sesuai ktp gaji kurang besar muka krg tampan dan dengan kalimat kurang beruntung kok kesannya jadi kayak undian,anger,0
alhamdulillah yaallah terimakasih kepada kedua orang tua dan keluarga yang selalu mendukung dan selalu suport aku terimakasih juga kepada username,happy,4
mau memeluk takut dosa enggak memeluk mubadzir astaghfirullah bestie,fear,1
aneh banget perasaanya enggak enak begini kayak degdegkan sedih takut begitu bismillah semoga lancarr amin,fear,1
dek saya cuma takut perasaan saya akan melebihi batas sebagai kakak kelas berhenti ya sekalipun alasan kamu mengabari saya adalah karena bosan,fear,1
trkadang di oleh dan pemerintah melanggarnya,neutral,3
memang paling benar pagi pagi enggak usah buka twitter emosi anjg,anger,0
4 takut takut nanti kalo diputuskan bagaimana kalo diselingkuhin bagaimana kalo diporotin bagaimana kalo malah diajak ke kua bagaimana gimanaaa bagaimana ya pokok nya banyak lah ketakutan ketakutan lainnya,fear,1
enggak begitu kamu,neutral,3
takutnya kecewa jadi kasihan begitu,fear,1
kasarnya dia bilang kalo pakai lagi mendengarkan musik yang keluar selalu musiknya shinhwa bikin pengin joget wkwk xd itu namanya autoreaction sih xd url,happy,4
ini sudah hampir akhir semester satu kalo enggak salah disini teman teman dekat gua enggak ada satu pun yang gua kasih tau gua benar benar mendem itu semua sendiri karena takut bakal kesebar,fear,1
username username username username username iya menurut wangsit sih begitu tapi ini diundur lagi jadi pesimis deh sama ini negara terus saja php tuh,sad,2
kok dichat ujung2nya kapan gue iya sih lu 30thun tahun ini semoga gue dijauhkan mbak mbak ngerengek2 desperate pengin dan ngebettss dinikahin,neutral,3
sedih ditinggal pendidikan,sad,2
wih semangat pkl nya onad deh sarapan lums kalo lums sarapan dulu ya have a nice day 3 stay healthy,happy,4
entar paket gue yang rembes hujan kemarin datang dan gue diminta unboxing depan kurir terus bakal di videoin kan gue malu ya,fear,1
iya gorengan nanas tepung enak banget deh,happy,4
username grapari btc bandung ditulis buka 10 00 21 00 tapi barusan saya mau ganti simcard ke nano sim ditolak alasan sudah prepare tutup profesional ya username,anger,0
negara kita negara demokrasi saling menghormati lebih penting nur wahid takut banget sama namanya museum,fear,1
jadi happy nya gue tuh justru buat hal yang simple2 sesimple melihat panah yang buat nunjukin bensin motor apaansi namanya gerak ke arah full,happy,4
kalo menjadikan tersebut hujjah dipahami konteksnya text nya diayat tersebut syarat dan ketentuannya loh enggk asal bisa dijadikan referensi,neutral,3
apasi ngentot enggak jelas mau kecil gede juga kalo tuaan gue itu orang jadi adek tolol,anger,0
tapi jantungnya kagetnya aslinya enggak juga eh bagaimana,neutral,3
aku juga mau aware tentang isu kesehatan mental disini aku mau negasin karakter hana yang sebenarnya dia bukan denial gengsi enggak punya hati tapi rata-rata orang yang punya trauma secara seksual lebih sulit buat jatuh cinta atau menerima diri nya jatuh cinta karena terlalu takut,fear,1
papa kalian 3 tahun enggak orgasme pencapaian luar kali adam 300 tahun kepisah bini nya lah ini baru 3 tahun,neutral,3
tolong ya username ditinjau ulang sama team nya kalo benaran mau ngundang dia ini sudah termasuk sexual harassment mohon kebijakan ulangnya terima kasih url,anger,0
i think pertama kali announcement series n until now kita bisa kan how the series works this is sok easly remember there is still a long way tapi go pengin kalian enggak terbawa orang semacamnya lah,neutral,3
please jangan buat gue emosi ya pagi pagi hey para homophobic,anger,0
gue yang sudah menonton kim sabu berulang kali apa kabar yang ada menonton di net bikin enggak nyaman yang harusnya gue sudah terbiasa menonton adegan di meja operasi malah dibeginikan sumpah kecewa dari romantic tayang di net beda rasa feelnya jadi enggak sedapet kayak pas menonton di netflix,sad,2
ge tuh heran juga ya video video keluhan kayak begini itu kan sudah banyak banget apa yang suka pasang pasang beginian ini enggak pernah menonton apa enggak punya sosmed apa kuper apa memang bebal saja otaknya,anger,0
aku sedih,sad,2
wkwkwk memang lo punya agama benci banget sama yang berbau islam begitu,anger,0
terima kasih kepada undiknas bali yang mempercayakan perjalanan company visit singapore malaysia kepada kusuma holiday tour,happy,4
aku pikir partai baru ini isinya orang orang yang sepertinya tidak berpendidikan utamanya pendidikan agama buat bro username sebaiknya tidak usah meladeni orang orang yang ingin cepat cepat mendapat pop,anger,0
di kasus via vallen ini gue kadang mikir mreka2 penikmat dangdut koplo panturanan dan yang smisal yang biasa disuguhi biduan2 berpenampilan seronok dan goyangan maut mereka ada di pihak mana url,anger,0
pernah enggak sih merasa takut berlebihan buat sayang banget secara tulus ke orang,fear,1
lucu sih kenapa ada pasangan yang masih tukeran pas ig dimana komitmen kalian yang ada embel2 kepercayaan apa pasangan kalian tukang selingkuh haha ciyaaaaan,sad,2
username username semua orang berhak bicara agama apalagi para koruptor kalo ketangkep disidang langsung ganti penampilan berjilbab pakai peci pakai baju koko dll maling mendadak religius,anger,0
bodoh apa petik2 nama aku,anger,0
lagi tegang menonton jurnalrisa tau tau ada bunyi grasak grusuk dari jendela bikin parno saja,fear,1
cont belajar prinsip memegang prinsip lebih teguuhh karena godaan yang bikin goyah integritas ternyata banyak lur senang bisa berteman dengan banyak tipe menghargai belajar lebih dewasa enggak gampang pundung bahagia disetiap keadaan wkw karakteristik belajar memahami,happy,4
ini kenapa deh penulis favorit gue pada mengeluarkan buku dengan waktu yang bersamaan begini pusing kan ikut po yang mana lu lu lu buku ramadhan sale saja belum dibayar,sad,2
innalilahi wainnailaihi raji un semoga seluruh amal ibadah beliau diterimah dan diridloi allah swt semoga penjeblos ustadz abb diberi hidayah oleh allah swt atau mendapatkan seluruh ganjaran yang setimpal url,sad,2
tyhan gue enggak kuat banget bangsat,anger,0
padahal di ojek online ini loh pelayanannya begitu,neutral,3
baru diresmikan jokowi pidekso giriwoyo wonogiri menelan seorang bocah tenggelam ke sedalam hampir 2 meter,neutral,3
jago juga middlesbrough memang enak lu cara haha,happy,4
ketika lihat anak keputih korban kebakaran lingkungan mereka enggak mendukung adik2 nya benar-benar kayak yang berani sama orang yang lebih tua enggak ada sopan santunnya melihat kondisi seperti itu ada yang bilang anak jaman sekarang memang bandel2 begitu no guys kalo lingkungan mereka baik pasti enggak begitu,sad,2
enggak sedih sama sekali tapi kayak enggak ikhlas mengerti enggak sih,sad,2
eallaaaah pak bikin mengiri saja duduk berdua sama sayang,sad,2
kalau memang tak ada niatan lebih tolong jangan terlalu baik padaku takut nanti menimbulkan bawa perasaan untukku mungkin bagimu biasa saja tapi bagiku tidak,sad,2
sebagai manusia aku bisa saja salah saat melihat manusia lain aku cuma sedang melihat diriku sendiri sebenarnya jadi aku meminta maaf ya shan seperti yang biasa aku lakukan,sad,2
kalau kira odong2 bohong odong haha woy adi bawa krts,anger,0
bisa jelasin hyung,neutral,3
ini enfp terus language woa quality time juga hal juga mendengarkan orang orang intinya avail 16,neutral,3
kamu masih bagiku adalah segalanya dendamku bisa terbalaskan sasuke tapi naruto,neutral,3
cara batalin tempat sampah made ini jerman yang sudah terlanjur diadakan oleh gub sebelumnnya bagaimana pak apa kita belah jadi dua biar ahoker pada happy kalian ini kok kerjanya nyinyir gubernur anies bae,anger,0
username nkri gundulmu wong pendiri bangsa ini jelas-jelas menentang israel kok lu membela israel dasar kaum2 munafik mending baca nih biar enggak dungu url,anger,0
anjay ini 2p kegedean ternyata gampang lepas pula takut kececer jadinya,fear,1
ketika beliau menjadi gubernur dki jakarta kegiatan blusukannya diikuti oleh para wartawan karena pada waktu itu dianggap sebagai sebuah hal yang baru dan unik sehingga kemudian dikenal masyarakat luas,happy,4
menurutku secara acting deh enggak diraguin sih prilly pesannya juga kok cuman agak enggak bikin kenapa bisa begitu akhirannya agak juga 7 5 100,neutral,3
dengan miliki samudra membentang begitu dan,neutral,3
jam 21 59 wib berangkat ati atiii ya bapak sayang teteh hanna sayang pokoknya kirim kabar terus lewat wa ya kirim foto foto bapaaakk menjaga teteh hanna loh lancar selamat sehat sampai balik pulang ke rumah dst ya have fuuunn,happy,4
kalian boleh maju dalam pelajaran mungkin mencapai deretan gelar kesarjanaan apa saja tapi tanpa mencintai sastra kalian tinggal hanya hewan yang pandai,happy,4
alhamdulillah benaran jeongwoo aku jadi tidak malu nanti awoaowkakw,happy,4
pagi ini surabaya mendungnya rata banget jangan biarkan rasa meger menguasai jiwa amp,fear,1
enggak sih dulu buku dirak tapi sekarang begitu jarang ulang paling juga 6bln 1thn tuh baru ulang sekarang sistemnya,neutral,3
salah satu contoh tidak tau berterima kasih padahal datang pas sudah terkenal tapi wannaone ckckckc yang dulu berjuang siapa jawab sendiri sama kok deh wanna one si swing entertainment warns legal action against fansite masters url via username,anger,0
saya lebih fokus ke dia daripada kehidupan saya sendiri ini the end dia memiliki kekasih lain saya tidak menyalahan dia mungkin saya lagi di titik bawah hidup ini terus buat kalian para cewek never ever sayang apa aku meminta enggak kan,sad,2
nama ham muridnya polisi membunuh penjahat suami tegas istrinya orang ngekang anaknya kebanykan dinilai dilihat nya nya bisa memancing,neutral,3
ustad username saya ingin bertanya apakah mereka ini ustad yang mengajari saya jadi curiga karena saya ulang2 video ini tapi tetap mengakak,happy,4
eh bukan deng wkwkw kaget banget anjir mana rompi osisnya mirip belakang gedungnya mirip pas lihat badgenya bukan sekolah gue,fear,1
saya ganteng tidak suka mati saja kamu,anger,0
seperti ini sudah hampir 2minggu username username apakah ini pelayanan yang anda berikan kepada pelanggan setia jangan meminta dm lagi dm juga percuma kalo enggak ada kelanjutan nya sama sama lah kita bahas di timeline yang mengurusi dm sudah kagak benar lama balas nya url,anger,0
sedih ya nggaloi weton senang,sad,2
daddy nih kan je kacau kita yela kita kacau kan,neutral,3
bahagia kamu sedih amat sayang melibatkan orang lain yang bahkan enggak peduli kamu seperti apa terimakasih yuan selalu sayang diri sendiri dan menghargai masa lalu dengan tidak berdrama di masa depan,happy,4
berhak disini kamu berhak teman tapi enggak berhak jemput kamu begitu mengatur sebelum jemput harusnya bisa bujuk kamu dan akhirnya pulang but,neutral,3
enggak bolehh soalnya sudah makan mie kemarin takut lambung aku kambuh lagi kalo keseringan wkwk,fear,1
me di padang wqwq,neutral,3
jangan main-main dengan sara mereka yang bermain dengan sara apalagi mendekati tahun politik hampir dapat di pasti ujungnya konflik url,anger,0
username laut juga taukan bagaimana konconya hiu megalodon ternyata masih banyak yang hidup dengan visualisasi yang lebih creepy daripada setan jenis apapun merinding gue lihat gambarnya doang sedih,fear,1
sok an kaget dasar beban,anger,0
sedih tapi apapun hubungannya at the end of the day bakala tetap jadi stranger enggak sih,sad,2
dan apa saja yang ditahan nya maka tidak ada yang sanggup untuk melepaskannya setelah itu dan dialah yang maha perkasa maha bijaksana qs al fatiir 3,happy,4
opini lu jelek bro menutup keburukan dengan agama lu benarkan poligami untuk menghindari zina tolol palkon banyak bacot tentang agama ya begini,anger,0
kadrun ngebet melengserkan jokowi enggak bisa jelas-jelas situasi dki morat marit enggak bisa lengser apalagi berprestasi dan standard baru pemimpin nkri,neutral,3
kenapa ya orang suka banget ujar kebencian enggak memikirkan perasaan orang lain tuh sedih atau kepikiran begitu aku jadi takut makin banyak orang jahat,fear,1
halo kak paket saya masih belum ada update dari tanggal 29 januari sampai sekarang dan belum sampai juga bagaimana ya kak saya khawatir jika paket saya hilang soalnya saya banyak lihat kasus paket hilang di twitter mohon bantu follow up ya kak saya sudah 12 hari menunggu paket,fear,1
pepagi lagi airmata mengalir sedih aku,sad,2
apapun group nya walau aku enggak stan mereka kalo ada yang keluar atau bubar rasa nya sedih banget,sad,2
bagaimana burung yang jago itu dapat dengan mudah tertipu dan kembali dari perjalanan panjang mereka hanya dengan mulut yang penuh dengan plastik,sad,2
bangsat ini akun saya di hack kah,anger,0
akhirnya saat melihatmu,neutral,3
lagunya sakusa habis diputuskan atsumu habis itu misuhin lagu yakali ajg gue bisa benci lo yakali ajg gue cari yang baru gue maunya lo enggak yang baru enggak dengan benci lo,anger,0
andaikan kau tak hadirkan inginku melepasamau dengan pelukan,neutral,3
pindah gedung bukanya pelayanan makin baik malah makin makin dikira waktuku cuma buat antri disini ya dikira enggak ada pekerjaan lain ya buset buset,anger,0
goblok bin bodoh kalau kamu ateis kamu akan memfollow akun2 sains bukan perasan bahkam dalam berbohong pun kamu bodoh sekali sekarang mengaku ateis iya,anger,0
username karena manusia dengki dan buruk mau kayak lo rusak negara bangga jadi aktivis tapi bego bubarin golkar target kok sopir doang mana kendaraan politiknya masih merajalela,anger,0
pagii tweeps awali sabtu dengan menggebu awali aktivitas dengan grafik covid19 kelihatannya stay safe prokes,neutral,3
enggak duit haram kak,neutral,3
masih pagi bikin emosi saja,anger,0
punya anak kecil lagi demen mengomong itu begini ya dikit dikit ngeyel dikit dikit dikomentarin kalo belum puas tanya terussss sampai mamahnya jawab mamah enggak tau dek mamah baca buku dulu ya,anger,0
berani berbuat salah harus berani meminta maaf menjadi manusia yang lebih baik disetiap waktunya dimulai dari hal hal kecil memang enggak mudah karena kita hanya manusia biasa yang tidak sempurna yang tidak bisa lepas dari rasa amarah dengki dan benci,anger,0
dapat mimpi kok mendukung keparnoan bangun2 bangsat banget bete au ah mending enggak usah tidur apa ya,anger,0
happy birthday semoga enggak sedih dihari ulang tahun nya malah gagal penati,happy,4
hah yang kemarin dipermasalahkan di kasus gitasav kan bukan bagian sexual harrasment gitasav ke tristan itu sih sudah benar yang dipermasalahkan kan cara dia merespon helmi those are two different cases kayaknya banyak ya yang salah paham kemarin yang kontra sama gitasav di case mana,anger,0
gue adalah cewek yang galak sama sesama cewek yang goblik pakai feeling enggak pakai otak egois bawa perasaan lebay semena2 enggak punya empati manja enggak pernah mau salah enggak responsible bahkan lempar tanggung jawab wait sama cowok yang begitu juga sih berarti gue memang dasarnya galak saja wqwqwq,anger,0
istilah kuda digunakan bola diunggulkan tiba melejit bisa disebut kuda biasanya hebat dimasa tertidur kemudian nah ahy bisa dipemilu 2024,neutral,3
rasanya bagiku cita-cita itu perlu diraih dan aku sedang fokus dan berusaha untuk itu terus kenapa enggak kerja laahh yang nmanya kerja enggak mesti harus ngantor atau absen tiap pagi,happy,4
amit amit banget gila kayak bangga banget itu orang suka ngentot sana sini kayak big rewards buat dia sinting banget goblok,anger,0
eh kau tidak pernah merancang kejatuhan orang kau benci dengan perempuan lain kah,anger,0
akhirnya ku putari itu thamrin sampai pening kok ini gue melihat lihat dan yuk kno wat banyak banget dong baju kemeja koko bomber jacket kaos cakep2 banget buat brondong dan mantan gue,happy,4
dibahas ekuivokasi bib ceramah orang kita pahami dengan lah dipermasalahkan adalah frasa maknanya akan bervariasi secara konteks fikih dibolehkan tapi koreksi bib,neutral,3
simpanse memiliki kecerdasan yang mirip dengan manusia mampu menampilkan berbagai emosi mengenali diri sendiri di cermin dll juga dapat belajar bahasa isyarat untuk berkomunikasi dengan manusia bijimane dengan masih bodoh betah jadi jongos peng peng oligarki n cukong,anger,0
lagi mau tanyakan kabar tapi takut ganggu sedih,fear,1
gue lihat ada yang sampai bilang lo ngarepin apa dari fandom ini kayak anjir banget lo kalo sekiranya lo enggak nyaman ada di satu fandom dan lo cuma suka sama salah satu membernya tolong deh enggak usah mengaku bagian dari fandomnya,anger,0
jadi ini hari ketiga gue kenak gondongan auk darimana asalnya sudah gerah ini rasanya tiap malam enggak bisa tidur karena nyerinya sampai ke kepala,sad,2
madzhab 1 hanafi cadar sunnah dan ktk nimbulin 2 maliki sunnah dan wjb jika 3 syafi i cadar 4 hambali cadar lah ini kalian belum bisa sampeyan dipertanyakan kelean sapah,neutral,3
para raja dan sultan yang tergabung dalam forum silaturrahmi kraton nusantara merasa bangga dan terharu mendapat undangan dari presiden username ke istana menurut mereka presiden benar-benar memperhatikan budaya nusantara url,happy,4
srs rasa nak main member haha takut nak mintak,fear,1
mamanya h serumah mereka deh kalo diundang mana mana kan biaa alasan enggak mertua di mamamya h juga f kan aman enggak mertua recokin menantunya,neutral,3
sudah rajin sholat pintar masak lagi bagaimana enggak pengin cepat ketemuan ujar seorang cowok pada gebetannya mungkin umm mas mas kok lebay mbatin,sad,2
dear pak username pak ini benaran ta indak ada libur setelah hari raya pak sedih masa tanggal merah sehari saja pakk baru pulang sholat takbiran masa langsung merantau lagi pak sedih url,sad,2
enggak apalagi bisanya begitu,neutral,3
demikian juga lidah walaupun suatu anggota kecil dari tubuh namun dapat memegahkan perkara perkara yang besar lihatlah betapapun kecilnya api ia dapat membakar hutan yang besar,fear,1
takut bila deh start beli nih kang semua favorit chara lah nak beli,fear,1
memang suka ngedit foto ajasih pas dirasa oke sudah bagus nih lalu buka pinterest dyarr menciut langsung insekyur sampai kerak bumi ngeras editan yang mau kujadikan igs kayak enggak pantas banget,sad,2
semangat nge ba,happy,4
halah entar pas gue jawab gue dikatai nyontek gugel lagi jawab salah enggak jawab salah oalah angel ancen lek wes debat karo banci tolol koyok ngene aku sih isin wakak,anger,0
07 februari 2022 hari ter shibal banget kenapa begitu lo di bikin jatuh di depan jalanan mana di perlihatkan banyak orang sakit sama malu nya netral 7 februari prik,anger,0
yang pasti tidak perlu khawatir akan merasa bosan bila melakukan perjalanan jauh di pulau bali karena keindahan alamnya akan memanjakan pandangan di tengah perjalanan,happy,4
kok buna kuat sih kok buna biasa saja percayalah aku pernah ditahap sedih kecewa dan terluka tapi saat ini kejelasan yang aku terima membuat rasa itu sembuh sendirinya berdamai ikhlas now is 6 1 not only 6 orang only 1 don t forget vote streaming,sad,2
ini benar-benar bikin tereak balik kanan menangis jejeritan waktu di rumah mbak di trihanggo malem2 nyuci lanjut jemur di samping rumah dan kayak ada yang siul padahal gelap pas diamatin buset sugus kain mori nya sudah kusam mukaknya hita,fear,1
pagi2 sudah dibikin sedih saja sama dennise,sad,2
cie yang benaran mau ngabdi banget biar dibilang pahlawan pendidikan wkwkwkwkkw apalah dayaku ikutan program beginian cuma biar sering jalan jalan hahahahahah,sad,2
kali bisa menyatakannya secara dengan inupi baru inupi terlihat dan tatapannya draken ia berdehem namun draken,neutral,3
username username sama seperti yazidi bila negara yahudi tidak memperkuat dirinya pilihan itu ganti agama dibunuh diperbudak atau tersingkir maka penting bagi yahudi memperkuat dirinya suka atau tidak ini survival bang mereka tapi mereka tidak,fear,1
anjrittt seram sendiri tadi pas pulng kantor karena jarak kantor ke rumah naik motor kuranglebih 50menitan dari pada ngantuk suka nya mengomong sendiri atau sok-sokan lagi mengobrol sama siapa begitu jangan bilang saya gila obat ngantuk saat nyetir nah tema hari ini comeback ftisland,fear,1
kasusnya akan muter2 begitu merekalah kendali saat ini,neutral,3
tetap kaget walaupun enggak menonton,fear,1
pagi2 kok sudah emosi,anger,0
url bupati purbalingga jawa tengah tasdi dipecat seketika dari pdi perjuangan setelah dipecat masa bisa nyaleg lagi setelah bebas aneh bin ajaib,anger,0
wta kalo bagaimana money,neutral,3
aku memang kurang segalanya tapi setidaknya kasih sayang ini cukup untuk membuatmu bahagia walaupun tak sepenuhnya dan meski kau selalu merasa diriku tidak pernah cukup,sad,2
biasanya juga kalo titip2 ke aku toh kenapa ke ibu sudah tau ibu suka lupa masih saja nitip ke ibu biasanya juga nitip ke aku terus di balas apa nitip apa nyenyenye malah ngegas gue kasih tau biar kalo nitip2 ke gue saja biasanya juga kayak begitu ajg,anger,0
gue suka heran ya sama bapak bapak abang abang yang makan siang dirumah makan dikerumunan orang banyak saat bulan puasa rasa malu nya dimana itu lho,sad,2
lu tau seberapa gue keselnya di shop enggak ada sama sekali paketnya harus cek history sama recommend for you baru kelihatan kan enggak jelas bikin emosi pagi pagi benci banget pakai mytelkomsel enggak jelas,anger,0
di tampar keras oleh ketidakpastian masih erat sebuah harapan,neutral,3
waktu masih jaman sekolah kalau ada laki-laki yang suka boro-boro mau menanggapi yang ada malu nya meminta ampun sampai tuh laki malah di musuhin tapi bocah jman sekarang jomblo bentar galau nya meminta ampun bagaimana kalau mereka kayak gua yang jomblo 7 tahun,sad,2
kaget mengira ada yang baru lagi,fear,1
dia panas ada kali 2 hari sampai 39 deg-degan banget bun ngeri step,fear,1
ig teman gue story nyh denise semua memang sedih tapi mau bagaimana lagi ini sudah keputusan dia tetap dukung secret number n denise lockey,sad,2
kesabaran adalah kebahagiaan dari dalam hati sadar bahwa tuhan lebih tahu segalanya,happy,4
enggak selalu kalo mereka enggak,neutral,3
kak ryan diar terlebih apakah saat apple tv atau lainnya juga kak diar,neutral,3
kita enggak bisa misahin orang bucin pasangannya toxic hampir 10 tahun nelen hal enggak bisa gue kendalikan mental juga selfharming depan mereka saking gue gaperlu menyalahkan,neutral,3
alhamdulillah kayanya enak tuh kak,happy,4
orang batinnya akan bisa kenyataan ia akan,neutral,3
jumlahnya yang takut banyak benar sudah kayak nanganin teror saja,fear,1
ih sedih banget,sad,2
ya benar bih kata kok ernest aku tiap bulan nabung min banget harus 1jt buat kulyah cyn berat sih awalnya tapi lama-lama terbiasa oh ya sama gaya hidup juga ngaruh nih untungnya aku enggak suka nongki2 haha,happy,4
sekarang baru lu semua bikin gerakan cuci tangan belajar dulu sana sama dokter odgj enggak tau malu bangsa ini,anger,0
morning win win metawin semoga makin banyak solo projek solo endorsement series baru dan projek projek lain yang bikin win bahagia,happy,4
salah satu kekuatan jokowi adalah dia bersih dari korupsi anak dan keluarga nya tiduk ikut bermain politik proyek apbn maupun apbd sehingga lawan politiknya tak menemukan celah untuk menghantamnya meski banyak yang mencari carinya baru latihan ngetweet saya url,happy,4
terus tadi ada orang dari dinas ngambil sampel air katanya keluar hasilnya minggu depan aku jadi agak takut kalo mengetahui fakta ada binatang apa yang hidup di air tersebut,fear,1
ada korban berani speak up malah dibully dibilang lebay ironisnya enggak sedikit kaum hawa yang ikut-ikutan nyinyir kayaknya kalian terbiasa dikirimin foto titit deh empati buat sesama cewek jadi enggak ada,anger,0
kemarin karena gabut produktif di dapur dan jadilah ini dimasuki ke kulkas dimakan pagi ini masih tetap enak,happy,4
aku enggak kepikiran sampai kesitu kak soalnya aku buru buru karena itu wl aku takut keduluan orang,fear,1
kok saya tetap sedih ya,sad,2
hey kak rbfmsulbar request lagunya jacks 5 menit dong di,neutral,3
percayalah dik tidak ada yang lebih sakit selain lupa bawa kacamata saat di perpustakaan menempel menempel deh muka gue ke monitor url,sad,2
penonton kecewa,sad,2
tata lo juga bego ya,anger,0
aku benci kau,anger,0
korea pelapis sama utama enggak kelihatan beda saking enggak kelihatan sepak terjang pemain utamany di mens tapi takut saja kejutan racikan gado2ny sih suka surprise,fear,1
bingung mau ngtik apa but gue suka banget sama au nya pokoknya mesti sering update dan semangat ya terima kasihh doain saja semoga aku sanggup sampai end,happy,4
askmf hai ada yang keterima um undip terus pas regist online enggak bisa login begini enggak teman-teman ku sudah pada bisa login semua jadi takut,fear,1
ketika orangtua sudah bilang nak besok2 kalo beli baju jangan kaos pendek begitu lagi beli baju yang bagus-bagus yang bisa buat jamiyahan dirumah,sad,2
sedih mulu sedih,sad,2
berada di lingkungan yang berisi orang orang hebat itu akan menyadarkan kita betapa pentingnya upgrade diri dan jadi out standing salah satunya duta bahasa kemampuan mereka itu wow banget,happy,4
masih kaget dijilat,fear,1
mengapai pada rame mikir mencari baju lebaran memang harus ya kalau aku mah tiap hari pakai baju lebaran soalnya kalo pakai baju sempitan ngaaap,happy,4
gue kenapa jam dan jam bangun padahal,neutral,3
mending enggak usah deh daripada kecewa,fear,1
gue kagk gue suka jedotin cewek gue ke lampu merah karena benci gue lamer lama banget lebih lama lamer daripada masak mie,anger,0
belum keduanya sih btw gaksih pakai serum vit sih cerah malah hiperpigmentasi alias mukanya,neutral,3
username username kamu sensara dasar kampret busuk lo bisa main medsos masih bicara rakyat sengsara rakyat moyangmu yang sengsara,anger,0
barusan gue mau ke kamar mandi terus sampingnya kan kamar sih mbah kan terus dia lagi nyanyi nadanya doang enggak pakai lirik lagu jawa dong terus gue tanya kan mbah kenapa belum tidur terus dia mengomong ora usah ndok ora usah ndok berkali kali sambil kayak ngusir begitu gue takut dong sampai gajadi pipis,fear,1
gue baru 1 minggu dengan enggak dan orang secapek tapi gue oh paham ternyata nya pra menstruasi which is sometimes si killing me,neutral,3
alhamdulillah ala kulli haal jazakumullah ntk pak arief dan pak basyit atas bimbingan arahan coretan revisi omelan dsb selama 1 semester ini sehat selalu ya pak tetaplah menginspirasi,happy,4
benar banget jaman sama dulu ada lagi teman yang suka begitu mana dia bangga banget habis nipu demi bantuan didepan gue padahal tinggalnya di komplek perumahan yang bagus mau marahin tapi asyudahlah dianya juga enggak ada kesadaran,anger,0
username yang dipermasalahakan itu tentang pengelolaan dana zakatnya dan itu juga sudah diingatkan gub seblm tentang pengelolaan yang mungkin saja ada yang tidak tepat url,anger,0
bentar bentar masih pagi jangan emosi dulu mau ganti akun dulu buat maki maki,anger,0
dugaan loni takdok ore kijo mari kijo sari pastu tkse deh banyak doh ore kijo hk mari tapi tak lekat allahu sedih nya gano nk tinggal sama nati itu sebab sapa loni tak gi kijo mana mana sobs,sad,2
enak banget ya pak,happy,4
gue orang tapi gue orang gue enggak harta tapi gue obay cowok dikenal dilupakan salam rock n roll,neutral,3
gue jadi ragu,fear,1
sudah semangat on soalnya ada ayang yang nyemangatin sialan lu idang,anger,0
happy birthday yang katanya mirip aku semoga makin cantik dan sayang eonnie yhaa i laff yuk,happy,4
ngeri ada tommy shelby sama pak tony stark,fear,1
link menonton tsuma shogakusei nih naru jepang penuh tawa dan,neutral,3
1 menjadi ketika nafasnya namun aliran pahalanya berhenti dilakukan,neutral,3
emosi melulu nanti jadi burag loh,anger,0
dia pasti marah,anger,0
berjajar bernalar demi sekedar lembar tanpa,neutral,3
please help bagaimana caranya leave wa grup yang isinya cuma 6 orang teman dekat kampus enggak dekat juga im faking itu they re sok toxic dan meniru segala yang kulakukan,anger,0
semangat ya kak nanta semoga lancar operasinya terus cepat pulih deh semangat kakak hebat,happy,4
semua yang dari arab pasti halal cuy bagi sebagian orang orang bodoh yang ada di indonesia kdrt saja dibenarkan kencing onta saja diminum teroris dijadikan anggota fatwa mui teroris dijadikan ulama ustadz n guru agama kok,anger,0
tahi kau goblok bangsat,anger,0
malu ku bnar bnar malu,fear,1
itu namanya fitnah mbak enggak ada bukti kok fitnah orang lain korupsi ingat mbak dunia ini berlaku sistem tabur tuai mungkin anda menutupi keburukan anda dengan memfitnah orang lain saya tau semua kok korupsi n pekerjaan terselubung anda,anger,0
ya allah exol makin banyak senang banget deh rasanya even mereka hiatus pun masih banyak yang suka,happy,4
padahal aku suka banget supergirl tapi dihilangin dari channelnya adohhh sad banget,sad,2
di minahasa tugu ajaran 5 agama di bukit kasih kanonang menjadi simbol indahnya perbedaan keyakinan namun tetap rukun amp,happy,4
jam 3 pagi baru balik dari lokasi dan paginya langsung ngerjain beginian di kantor benar-benar karyawan berdedikasi tinggi,sad,2
pas bangun langsung kaget,fear,1
lah kan pada salty ngapa deh aku baru twt kaget anjir,fear,1
iya enggak sih atau bagaimana,neutral,3
koo artinya bikin,neutral,3
enggak tau anjg kesal,anger,0
hari ini dapat kabar bahagia masyaallah alhamdulillah,happy,4
orang lain kalau pakai ponco itu buat jas hujan nah dia pakai buat kasur ya tadi gara-gara saking enggak punya apa-apa mamak bilang kami tuh di awal pernikan enggak ada ngalamin bulan madu kayak skrg2 orang tidur nya saja pakai ponco gimane mau bulan madu,sad,2
ututu semangat bum aku masih lama 7 maret,happy,4
username username username system deh canggih n inovasi baru lagi yang kita lihat dengan sgl kemudahan untuk rakyat terima kasih pak jojowi n tims kabinet sukses selalu n sehat,happy,4
semangat senpaii,happy,4
go seung jae sama song hyeri kapan jadiannya nih gue menunggu kepo juga sama ending hubungan mereka huhu padahal seung jae munculnya cuma bentaran doang tapi berhasil merebut atensiku dari mas choi myeong ho yang ganteng,happy,4
po md photopack di mirfa dom tangerang bookslot 50k bisa dicicil bisa qris orang cowok syopipaylater,neutral,3
baru tengok nih je deh sedih,sad,2
asli gue pikir teman gue sedih enggak bisa jadi kutu beras saja sudah aneh apalagi gue makin ngeri deh,fear,1
ramai itukah dirimu kurasa memang iya namun ramaimu tidak menimbulkan kebisingan melainkan terciptanya sebuah kenyamanan bagimu dan bagi orang-orang di sekitarmu,happy,4
sini kak 3k,neutral,3
dari kasusnya memang kosim dengan mbak vv ini masih banyak dari sesama perempuan yang enggak menganggap sexual harassment itu sebagai ancaman malah justru dapat victim blaming saya jadi semakin paham ternyata perempuan itu jauh lebih julit jauh lebih judgemental ke sesama perempuan,anger,0
halo liburan kapan liburan kerja terus lebaran pun on terus liburan sekolah sudah mau selesai elisoulea,sad,2
walaupun saat ini bisa memilikinya gapapa semoga suatu saat akan menjadi,neutral,3
agak kesal tapi gapapa,anger,0
hah ini benar ya kalo benar astagfirullah masya allah naudzubillahminzaliq partai islam partai allah kelakuannya setaaan url,anger,0
dulu tiap merasa enggak nyaman sedih takut kesel selalu mencari pengkaburan,sad,2
setelah 7 tahun kenapa masih padahal enggak loh kan jadinya sekarang pernah juga enggak,neutral,3
kalo sebats kalo,neutral,3
ngeri banget banyak orang jahat di dunia semoga mbavan nanti gede enggak jadi kayak begitu jahat terus enggak punya empati mudah mudahan jeleknya mbavan mentok sampai annoying saja jangan sampai jadi jahat amin,fear,1
habis baca cerita yang menceritakan kehidupan berumah tangga dimana ada satu wanita yang selalu disakiti karena ketidakberdayaan seorang laki-laki sih laki dilema antara harus menuruti kemauan ibu atau kemauan hati nurani sendiri untuk memperjuangkan istrinya,sad,2
benar guys nasi goreng simple cepat dan enak saatnya lanjut beres2 deh ini rumah sudah kayak enggak ada penghuninya debu sudah mulai bermunculan lagi,happy,4
apa hukumnya bermain musik stad jelas haroooom hukumnya berdosa kita memainkannya begitulah kira kira percakapan yang terjadi antara penanya dan seorang ustad disebuah acara tv yang intronya pakai musik,fear,1
aku kalo lagi di samping bapak2 selalu tremor takut enggak jelas padahal orangnya enggak ngapa mengapai,fear,1
sjshhd yaampun iya pantesan ih bego banget aku,anger,0
enggak enak banget tinggal di tempat orang,fear,1
didamel demi menafkahi,neutral,3
kemarin haha hihi haha hihi pas sekarang mau simpan permanen portalnya error ajxbsggxhsb panik kali kesel,anger,0
lagunya enak banget terus liriknya related sama kehidupan kita sebagai anak yang mau kepo nih,happy,4
di pesentren ini juga gue dapat first experience dengan makhluk ghaib bentukannya masih orang tapi matanya naujubillah seram pengliatan langsung kuning kepala sakit berat ternyata gue ketindisan this is why im not interested ini horror movie,fear,1
alhamdulillah jimin sudah sembuhh amyy plis senang banget lagi disekolah seharian bdmd enggak tau kenapa dengar kabar ini langsung naik moodnyaa sehat sehat terus yawwww,happy,4
dan barusan gue bahas ini enggak ribut sih gue cuma keluarkan uneg2 saja dan dia cuma bisa diam karena memang enggak bisa ngapa2in lagi sih kasihan juga dia jadi merasa bersalah ya padahal juga enggak bisa ngapa2in sih bukan mau dia juga sesibuk ini,sad,2
benci banget,anger,0
tahun ini juga mau memaksakan kemarin mau mati gara-gara cicilan harian 150rb hari cicilan lebaran 10rb hari dapetnya 3jt gue ikut 15biji beratnya karena gue dan istri usaha bareng namanya usaha ada pasang surut jadi belum mapan megap megap deh,sad,2
username ya beda goblok via vallen memang dulu doyan goyang seronok tapi sekarang better lah dia jauh dari kata seronok mencoba ngubah image penyanyi dangdut pada umumnya dia juga jauh dari sensasi2 yang negatif kayak kawin cerai main film syur dll,anger,0
saya enggak habis pikir petani kita sudah dibeginikan tapi masih saja mau pilih yang itu lagi dan lagi dikasih tau malah marah kapan sadarnya,anger,0
semangat kak biann,happy,4
guys aku lagi deg degan parah takut enggak bisa ambil 24sks smt ini sudah tinggal 1 matkul lagi yang mau keluar tapi aku enggak yakin soalnya merasa zonk banget dosen sama uasnya biar enggak takut bagaimana ya kepikiran terus enggak enak,fear,1
selalu menyimpan pemikiran kekhawatiran hanya pada diri sendiri karena takut semua orang menampak baik-baik saja hingga lupa rasanya berkawan itu melegakan,fear,1
takut skripsi,fear,1
lebih baik gua marah dari pada benci kalo sudah benci enggak bakal mau kenal lagi,anger,0
dia tkde bagi apa apa tapi janji manis serta harapan palsu dia itu saya masih simpan,sad,2
belum sarapan bang,neutral,3
main di brawl langsung saja chang e memimpin top kill dengan mvp sekaligus memang ini hero ggwp hero baru di normal server ini top lah lebih top soalnya hero mage adalah role kesukaan saya selain hero tank sukanya di skill 2 nya itu loh buff lagi deh url,happy,4
tapi itu takut woy sumpah benaran sampai paralyzed gemeteran enggak bisa ngapa mengapai dan enggak bisa mikir teman teman gua pada bilang kenapa lu galari lari anjir malah diam disitu gua kalo jadi lu sudah lari deh well i would said the same thing if i were you tapi lu enggak tau rasanya,fear,1
enggak habis pikir sama orang yang benar-benar sudah mau nikah hitungan tinggal beberapa bulan lagi tapi masih tetap main belakang otaknya mati kali ya jauhkan dari laki laki kayak begitu ya allah,anger,0
mendengar ada suara aneh disekitarnya jek merinding tadi ada yang mengomong tidak ya,fear,1
keambian siang ini buka situs online trading sekuritas lihat indeks saham warna warni terus klik klik cantik bego ke klik tombol buy submit and success,happy,4
tulisan yang luar biasa anak saya cewek masih 6 bulan enggak bayangkan besok sudah usia 18 sudah bisa mengurusi dirinya sendiri seperti mbak anin pasti rasanya sedih dan bangga bercampur aduk ya,sad,2
jadi habis mengurus plat sepeda motor ada pemandangan menarik kebanyakan owner sepeda motor pria sebaya bapak2 45 ke atas secara sekarang harus diurus ownernya hmmm jadi emak-emak yang demen motoran rata-rata cuma hak pakai doang wkwkwk sendirian di tengah bapak bapak,happy,4
susah banget lihat orang lain bahagia sih dasar para pelakor,anger,0
makasiih iya ya ampun kaget banget,happy,4
yakinlah ada sesuatu yang menantimu selepas banyak kesabaran yang kau jalani yang akan membuatmu terpana hingga kau lupa pedihnya rasa sakit ali bin abi thalib,happy,4
username username sekarang saya tiap hari naik krl lanjut bis tj transit dari krl ke bis tj jalan kaki dari halte tj ke kantor juga jalan kaki sepakat pak transportasi umum jalan kaki untuk last mile ride kurang dari 1km,happy,4
katapat 14 4 6 melakukan kesilapan hampir terciduk tak mengapakah ini diriku,neutral,3
sumpah ini receh banget dan not bts related cuma jujur gue magang padat banget dikasih project lumayan banyak terus kemarin ada senior gd presentasi begitu dan keeren2 banget menangis parah terus aku pengin chat blio pengin tanya-tanya meminta nomornya ke hrd dapat tapi mau chat gajadi soalnya takut,fear,1
hari ini banyak banget pelajaran yang gue dapat sih yang sebenarnya diingatkan lagi buat kesekian kalinya sama beberapa peristiwa hari ini 1 harus banyak bersyukur sekali lagi bersyukur jangan kufur 2 menjalani hidup ensenang saja jangan dibawa ribet,happy,4
makanya baca mbak baca itu disuruh gembira berarti jangan panik kalo panik imun turun tanya yang ahli orang genbira biar imun bagus apa sebaliknya bikin kesel saja,anger,0
aquarius enggak pintar bohong tapi the point banget dan kadang karena tapi the pointnya dia itu suka bikin sakit hati jadi takut ketemuan,fear,1
untuk beberapa waktu biarlah kita bekerja sebagai bawahan kelak kita bangun usaha sendiri jadi pengelolanya sendiri jadi bosnya sendiri jadi petani yang selalu bangga dengan usaha sendiri,happy,4
heh kenapa menyesak banget ini pagi2 baca beginian sedih aing,sad,2
orang orang bilang sih yaelah menjalani saja enggak usah dibawa tegang begitu ya karena orang itu banyak tipe berbeda beda gue tau tipe diri gue ini seperti apa orangnya gampang setres maksimal jadiiii mendingan kita cegah dari pada mengobati usaha saja doloe,anger,0
parah bangsat banget ya planga plongo dongo beleng2 bangsat2 yang cara makan dari menghiaap darah orang dan nyawa orang,anger,0
aku benci kata jenuh,anger,0
ini kenapa jadi kesannya jadi via vallen vs persija sih ini wanita vs sexual harassment oii jangan malah bikin kesannya persija dukung sexual harassment simic memang ngawur dan layak dapat ganjaran tapi gue yakin karir bolanya enggak bakal ke ganggu uno saja tetap jadi wagub kan,anger,0
kayak orang tolol,anger,0
semangat mengkulii,happy,4
cmiiw rasanya konotasi matematis yang dilekatkan dengan benar salah tidak mau kompromi itu kurang tepat matematikawan itu ya mestinya toleran non assuming dan meragukan banyak atau semua hal sampai bukti sahih lay,anger,0
untuk minato terlihat begitu minato kau mencintaiku,neutral,3
enggak dong aku beli loyang 14cm 1 biji juga kemarin wkwkwkwkwk sempat mau beli yang 14 itu 2 sekalian kan enak kalo mau kasih incip tetangga tapi enggak jadi beli 2 jadi besok enggak bisa langsung ngovennya,happy,4
hayoo ada amplop dibalik hanggar ya kok takut,fear,1
aku lumayan kesel sama jawabannya jadi aku cuma ngangguk2 doang terus kedua temenku juga bilang begini aku keluar karena army banyak banget yang tapi ic suka mancing keributan batinku halah apa enggak salah bayangkan sakit hati enggak dibegitukan padahal mereka jelas tau,anger,0
ya apa salahnya sih mbak dishare ulang postan mu iku di grup sudah tenggelem jauh kirim poto ini poto itu tau sendiri kan gregetan aku itu mbak karo koe,anger,0
enak banget ternyata kalo tiap hari bisa tidur di jam 8 atau 9 malam selain bikin gendutan kulit juga jadi bersih sama cerah,happy,4
keinginan niatan iya kan pengin ke cheong san,neutral,3
deh lah paksa paksa pastu nak marah,anger,0
username hahaha sekali dua kali sih aku bisa mengerti apalagi kalo dekat yaudahlah ya kalo jauh dan begitu terus you might consider tapi fuck your phone instead of me,sad,2
bangsat tau saja lagi lu dip,anger,0
kyohei enggak disorot di truth enggak dvdnya wkwk paham kemarin keberadaan kyohei tapi kan dvd katakon enggak truth bambang di spl misalnya kyohei disorot kok,neutral,3
sedih banget dengar kabar denise biasku di sc dia suaranya cakep banget ampun sedih tapi enggak apa-apa apapun yang terbaik buat dia wish i can hear your voice again sedih,sad,2
tidak usah menyalahkan siapa siapa segala keburukan yang menimpa anda adalah karena kebodohan dan kesalahan anda sendiri dan ini bukan penghinaan tapi peringatan keras agar kedepan bisa lebih cerdas jadilah,anger,0
username username alhamdulillah indonesia milik allah kita juga sama semoga dengan rahmat allah kita sama sama dirindu surga hanya allah dzat yang tahu isi hati dan hidayah bagi yang senantiasa yakin pada nya,happy,4
enggak jamin deh tapi gemana pak police username siap enggak kerja tanpa pungli dan sejenisnya korup pungli itu bagai addicted sekali mencoba keenakan menambah lagi deh,fear,1
wkskwkw aku juga pernahh jadinya sampai enggak bisa buat buka galeri ya allah capek banget ya hp penuh tuh wkskwk semangat anya bersih bersihnya wkwkw hapus apk yang sudah enggak dipakai saja,happy,4
a kita bisa begitu orang telah mempermainkan kepercayaann kita terhadapnyaa,neutral,3
paket aku kok belum dikirim juga ya padahal sudah dari dua hari lalu mesennya meni sedih ih asa lilaa sedih,sad,2
goyangan sih cowok asyik banget sumpah gue suka lihat goyangannya,happy,4
terus tolong dong hargai privasi kalaupun gue jelasin semuanya ke kalian kalian itu enggak bakalan mengerti juga kalian berpikiran dari sudut pandang kalian sendiri bukan dari sudut pandang gue ataupun sih kali sahabat gue jadi sudahlah,anger,0
hiburan atau kuburan shg,neutral,3
ketika hatimu terlalu berharap kepada seseorang maka allah timpakan keatas kamu pedihnya pengharapan supaya kamu mengetahui bahwa allah sangat mencemburui hati yang berharap selain dia maka allah menghalangimu dari perkara tersebut agar kamu kembali berharap pada nya,sad,2
nah nyetatus lah aku di wa broken heart is real with thousand of heart broken emojis haha ada pesan terselubung memang karena masnya juga enggak ada kabar sejak hari ulanh tahunnya jumat kemarin,sad,2
bangkai ptmt kelas gue jadi sepi banget anjir,anger,0
kak jika hal ingin ditanyakan hubungi kami kak apabila ingin ditanyakan salam nisa,neutral,3
askmf makin gue dewasa gue semakin sadar gue punya banyak teman tapi disaat gue kesusahan enggak ada yang semangatin gue cuy malam ini gue khawatir banget dan itu mengganggu tidur malam gue but gue hanya bisa pendem dan makin terpuruk saja,sad,2
anjerr ngeri bos,fear,1
sayang bagaimana cara mainin perasaan cowok dan nantinya sih cowok kayak menyesal sudah meninggalkan cewenya begitu kata temenku sih begitu biar berpikir sih cowonya meninggalkan sih kali adalah pilihan bodoh,anger,0
adalah ketika saling tanpa mempermasalahkan kita,neutral,3
yang katanya pengin nemenin aku berjuang ngerjain skripsi sidang dan pengin datang ke wisudaku bagaimana kabarnya hehe belum apa-apa saja sudah menghilang duluan hehe,sad,2
sedih bahh wkwkw,sad,2
malas banget nge chat gue kalo cuma mau nirun huh di sekolah saja lagaknya kayak orang pintar tapi suka nirun aing,anger,0
demi tuhan risih banget twitter ada fitur kayak begini di timeline ih sudah di silang masih suka muncuull,anger,0
sedih ya wak,sad,2
wisata karimunjawa new 160rb infonya di,neutral,3
apa bedanya coba awal chat huruf kapital apa enggak sahabat kamu kok tolol,anger,0
wkwk gapapa kok begitu menonton moment deh sekarang wkwkw kalo enggak rewatch 2getheer,neutral,3
padahal fan secret number sebagian vine ent kelihatan enggak tegas tegasnya mengurus atau mengklarifikasi,neutral,3
dulu kekosongan bersosialisasi di dunia nyata gue ekspresikan berbeda di dunia maya kebetulan dikenalin mig33 sama adek langsung nyetem orangnya ramah2,happy,4
jakarta juga punya bukti kerukunan umat beragama yang lainnya contohnya masjid al muqarrabien dan gereja masehi injil di jakarta utara mereka saling berbagi tembok yang sempit di jakarta url,happy,4
joke lawak like,neutral,3
jadi takut aku sering foto anak tapi enggak pakai flash blits kok karena sadar bisa bahaya kalau kena cahaya langsung matanya tapi mamah kurang2i saja fotonya ya nak,fear,1
web permata krg profesional ada program cashback 10rb token pln waktu di klik info masuknya ke program paket kuota data piye iki,anger,0
oh kantor polisi orang asing akan wajahnya hubungi orang,neutral,3
username min akhir2 ini kualitas sinyal internet telkomsel di tempat saya desa mlaran kec gebang kab purworejo kok menurun ya yang tadinya 4g jadi h jadi mau browsing buka sosmed lelet sekali kasus ini juga dialami sama tetangga saya mohon info,sad,2
gue baru yukimi band punggungnya bakal kalo masih,neutral,3
qasim 2015 muhammad saw bersabda ini adalah dan kerana qasim melakukan segalanya kerana berkata demikian akan mereka di seluruh adalah al tetapi,neutral,3
ya sedih banget,sad,2
11 45pm harus banging sebelum jam 2 30am tapi malah enggak bisa tidur terbayang waktu lagi qualify time bertiga selalu jadi salah satu alasan rindu pulang,sad,2
ini buat siapa woii gua merasa soalnya lagi enggak enak badan juga dari semalem apa dia punya indra ke 10 hahahhaha mengharap banget guwehh,happy,4
kemarin dia follow akun gue pakai yang satunya tapi dm gue enggak dibales setan sedih,sad,2
pengin banget punya jaket varsity eh taunya dikasih jaket keren alhamdulillah rezeki anak sholeh,happy,4
gila ya emosi lo aku lihat komen komennya anjgggggg,anger,0
sudah mau tanggal 14 februari tolong jangan aneh aneh ya pas valentine day soalnya gua enggak suka sama scorpio tolong banget nih,fear,1
kok bisa setengah doang waduh asik banget kak juyeon suka lagu yang mana,happy,4
wanita dimadu asalkan sang pria untuk di racun a,neutral,3
makin seram ya dunia ini enggak seindah yang gue bayangkan waktu kecil terlalu banyak orang jahat atau mungkin gue yang terlalu naif menganggap semua orang itu baik,fear,1
wordle 231 4 6 bego banget nebak huruf lain di percobaan ketiga,anger,0
ch 125 126 sedih banget,sad,2
hawane ngeri,fear,1
mau siapapun lawan ina gue tetap takut tembus semifinal pun juga lawan dari grup b seram semua,fear,1
sayang banget dong gue enggak ada siap siap nya pas gue dikenalin sebagai keluarga besar dari pihak cewek gue gugup habis padahal gue tadinya kayak yaelah enggak ada yang kenal gue ini tapi pas dia datang mendadak gugup,fear,1
semangat dibantu doa,happy,4
sekarang ku mengerti dulu waktu kuliah dipaksa lembur begadang demi tugas itu semata2 buat nyiapin lu lembur begadang kayak quda demi pekerjaan kelar on time ok lesson learned honey,happy,4
username username ini saja membuktikan anda sudah tidak benar masa napi koruptor bisa punya hp di penjara itu sudah melanggar aturan dan anda dengan enaknya melanggar aturan ini menandakan bahwa itulah karakter anda,anger,0
apa hebatnya mardani menurut saya oeang ini cuma besar mulut saja faktanya sampai saat ini belum menyebutkan capres lagipula kalau koalisinya hanya pks dan gerindra enggak mungkin lah yaow,anger,0
username sukses tim ombudsman ri dalam segala hal dan mohon kebenaran fakta ditindak lanjuti dengan serius dalam tempo sesingkat2nya serta tidak menjadikan banyaknya permasalahan membuat menunggu lama sehingga seolah2 mirip dengan penundaan berlaru,fear,1
semangat gua kasih minum nih,happy,4
pengin tinggal di perpus enak saja melihat banyak buku,happy,4
have a nice day teh semangat banget nih dilihat lihat,happy,4
dulu dapat tugas kuliah translate 1 2 halaman waktu seminggu saja sudah sambat enggak habis-habis tiap hari sekarang dihajar translate berhalam halaman dengan deadline less tahan 12 hours tentu hanya bu lah motivasi dan penyemangatku saat ini hehe,happy,4
sebab itu mendoakan negeri ini lebih kudulukan ketimbang untuk diri sendiri sebab laeeen karena aku masih punya ibu yang aku lebih percaya doanya untukku lebih makbul ketimbang doaku sendiri untuk diriku sendiri wkwkwk jidatmunaaaay,happy,4
padahal gue stay di lokasi juga dianggurin lol buat apa lu nge hire orang luar kalo kayak begini ceritanya tolol jadi enggak pengin gue duitnya mereka enggak jelas banget bikin stres doang padahal mah ya tinggal beresin doang sih proyek deh kelar juga dibikin pusing amat,anger,0
malu sama oc sendiri pengin sih kykny juga lebih santuy daripada fandom police tapi enggak kesampaian sedih,sad,2
kalo segini enggak worth hp gue wkwk enggak apa-apa,neutral,3
idm selamat pagii senang banget dapat kabar jiminie hari ini buat kalian sehat-sehat terus ya jangan lupa sarapan,happy,4
ini sepi banget pada di fb semua ya gue juga sih tadi bisa nya bangun tidur yang dicek fb dulu,sad,2
dikejutkan tampa di bangunin kamar dan ke sholikhah semunya nih,neutral,3
walau ramadhan menyebarkan energi kebaikan harus lebih semangat dibandingkan sebelumnya terima kasih untuk pln batam url,happy,4
iya mnrutku juga sih design nya deh bagus banyak yang mau nya baju nya pakai kimono begitu kayak tradi banget n kecewa kenapa kaya western ish banget tapi sbnrnya enggak juga masih khas jp enggak semua chara jp harus se tradi raiden dkk design nya,sad,2
alhamdulilah jimin akhirnya negatif juga ya sayang senang banget dapat kabar baik dipagi hari huhu sehatsehat be,happy,4
karena ditempat kaos kaki suka banget amburadul enggak di gulung habis dicuci jadi pagi pagi buru buru kadang enggak mikir pas sampai kelas baru sadar di tapi trobos saja sih sampai panikan,fear,1
makanya aku paham kenapa mbak via vallen marah banget ketika dapat dm begitu dan kenapa malah dibully cewe2 lagi yang bully apa mereka kalo dapat dm kayak begitu dianggep sebuah pujian kali ya soalnya kalo dia digoda berarti dia menarique ew,anger,0
pokoknya traveler hidup bahagia bersama paimon,happy,4
amin semangat ya tim arkeolog juga nih,happy,4
tugasnya membina seluruh tni untuk membela nkri rongrongan kkb sdr dudung tapi kita bisa di rusia konflik ukraina inggris saat prang malvinas dulu jendralnya memimpin terus dilapngan mereka berani kelapngan militer untuk enggak,neutral,3
aowkowkwok mau sedih tapi sudah terbiasa jadi mari tertawa saja,happy,4
hidup di negara isinya kenthu doang bangsat,anger,0
benar benar ketawa enggak habis habis gue ingat saja lomba balap karung balap kelereng balap makan kerupuk balap tusuk balon harus di puter puter url,happy,4
kayak sedih saja begitu kalo weekend dipakai buat kegiatan kantor ini kapan gue bisa istirahatnya,sad,2
kalo ingat gua bego banget ya jadi cewek kadang sampai pengin menangis,sad,2
masih ada yang order dress ke gue walau enggak di posting di manapun bahkan akun shopee saja lagi diliburin tapi doi tetap mau order via dm ig pribadi boleh terharu enggak,happy,4
memang gublug sih orang-orang yang suka banget masang lampu2 led begini dibelakang mobil dia enggak tau apa bisa bahayain mobil belakang nya kalo malam apalagi di tol biasa bawa angkot kali,anger,0
direct bisa pakai nama bisa wh group di line 5 slot arrived di unbox untuk wh direct 70k feb april worth benaran benefitnya,neutral,3
bangsat orang yang suka minjem duit pas ditagih malah lari enggak usah dikasi ampun,anger,0
aduh benci ah last2 minit xnak hantar,anger,0
tapikan asahi oh iya asahi orang ngawi nghokey,happy,4
rindumu sajak sentuhan kalimatku pernah pucat pula sama halnya dengan keriput lengan ibunda mengelus hangat sepi kulitku,sad,2
apapun yang sedang terjadi sesulit apapun yang kak arra hadapi harus tetap kuat dan semangat ya pacarnya renjun harus selalu kuat dong sok be strong and fighting pacar injun,happy,4
username tapi suka ku sedih inya itu dingin orgnya tapi sayang benar sebujurnya lwn ina sedih nah hiih kena ina tuh lawan buhan gembel tampan itu saja nya wkwk,sad,2
username sejak dulu kala enggak pernah minat dengan acara2 sejenis ini acara cuman cengengesan enggak mencerdaskan buang2 waktu enggak manfaat kok enggak malu ya bikin acara kayak begituan url,anger,0
punya gasi lo teman yang datang pas butuh doang giliran kita yang butuh dia malah menghilang kayak diculik setan pagi pagi dah buat emosi saja anjingggggggg,anger,0
cikur pakai cikur kitu pakenanyaa,neutral,3
ada pasien yang curhat 17th cuci darah dan tetap positif karena keluarganya yang supportif ada juga yang ditinggal oleh anak dan suaminya ada juga yang untum ke rumah sakit enggak ada ongkos padahal cucidarahnya sudah gratis bayangkan 17th cuci darah mashaallah deh nikmat sehat itu,sad,2
ekspektasi berbanding lurus dengan rasa kecewa,sad,2
tolol lu,anger,0
username username username username username username ini pelecehan tanpa bukti pancasilais monggo bekerja senang buktikan pancasila mu username ada yang percaya kepolisian bisa tangkap nih orang,anger,0
teringat dulu ini mengapai tuh ini mandi nih tanpa videoclip aslinya ytb and menonton vclip nya auto kicep tapi lagunya nagih,neutral,3
dulu marah marah sekarang diam saja terus marahnya ke yang dipercaya,anger,0
setelah berbulan bulan tertunda karena akreditasi rumah sakitnya lalu berminggu2 mengurus perizinannya akhirnya bisa nyebar kuisioner juga sedih url,happy,4
eh anjir woozi takut banget gue takutt,fear,1
pada ribut masalah via vallen ya kenapa sih enggak mau nyinyir gua mah jadi seorang pemain sepak bola bla bla bla eh enggak usah di ss kali coba saja kalo yang nge dm orang biasa pasti enggak bakal bla bla bla itu nyinyir apa bau anyir nying,anger,0
sunyi ya enggak ada rame nya dan enggak ada yang datang omicron nya bikin kesepian melara,sad,2
ini senang banget deh rambut di rol semaleman akhirnya bisa ngembang wkwk kasihan banget deh dari dulu rambut lurus dicatok kayak bagaimana saja ya bawaannya tetap lurus,happy,4
username namanya pelecehan sekecil apapun tetap pelecehan kalau soal beda takaran ukuran itu rasanya di balikin ke person nya tapi secara general pendapat soal pelecehan pasti sama bisa sentuhan secara fisik atau perkataan,anger,0
username lu kira semua orang pas ngentot sadar dikeluarin didalem pas lagi enak enaknya sempat begitu mikir keluar didalem apa enggak ya anjir ini gua jadi darah tinggi masa sedih,anger,0
muak saya lihat tingkah kamu lama lama mirip anak anak begitu tingkah kamu masa kecil suram ya,anger,0
sedih banget sih ngemis2 sama orang huft,sad,2
masa keemasan bermain badminton ketika saya dan rekan saya dwi sulistyono menyabet juara di kelas double junior piala bupati 2008 dan 2010 terus semi final single junior 2007 sampai sekarang masing terngiang,happy,4
masa pemulihan biasanya akan tapi bisa juga menjadi untuk berppikir,neutral,3
tiga tv series yang belum kelar ditonton belasan buku belum terbaca dan puluhan folder film belum tonton di flash disk jangan lupa tumpukan baju bersih yang belum diseterika yan,sad,2
hahahaha alay kamu ngancem nya ngereport spam segala,anger,0
pagi ini dapat lagi mbak supir tj yang selalu semangat kalo nyetir sambil mendengarkan lagu yang macam-macam tadi dia muter lagu sayang tapi versi bahasa jepang ikut semangat lihatnya senang jadi mikir ye sayang banget orang yang enggak mau menikmati sesuatu cuma karena perbedaan bahasa,happy,4
banyak fan tersakiti entah dari bws atau shipper main couple di series posisi win sama female lead di series baru juga jadi serba salah mereka mau dekat ke bright nanti dihujat enggak dekat dibilang enggak ada momen dan itu juga ngebuat fan kecewa,sad,2
kalau yang enggak terlalu pahit masih suka tapi kalau yang pahit banget enggak suka wkwk takut sama rasa pahit soalnya,fear,1
selamat pagi happy weekand enjinn semangat buat aktifitas hari inijgn lupa untuk v0te stre4am nya ya stay healthy stay safe semuaa senang en,happy,4
enak kebab bbq,happy,4
lah ngapa jadi bawa surabaya bro pada hakikatnya sah2 saja apabila ada orang yang muji maupun benci asal alasannya konkret dan tidak munafik mengomong apa mengasih gambar apa jaka sembung bawa kembang enggak menyambung sayang,anger,0
setuju banget aku juga orgnya ngantukan suka tbtb merem lagi beraktifitas minum kopi saja sudah enggak mempan tau-tau setengah jam habis ngopi malah ngantuk bukan melek wkwkwkwkw,happy,4
aduh jangan pjj dong sudah mulai mengerti pelajaran tiba tiba pjj jadi bego lagi entar,anger,0
gue juga lagi sebel sama keluarga tapi lihat lu aku merasa kayak masalahku enggak ada apa-apanya dibanding kamu aku merasa malu sedih buat kamu semangat ya kalo mau teman buat something talk boleh kok yuk dm an,happy,4
begini toh rasanya jadi wali kelas untungnya rumah dekat ke sekolah pas dicariin wali murid pada datang ke rumah kasihannya yang wali kelas sudah rumah jauh jarang ke sekolah akhirnya di grup kena imbas,sad,2
ketemu orang yang duduk sampingan di pesawat waktu balik mks di tempat check ini kalau dia beruntung duduk lagi sampingan berarti diami yang duduk di kursi pesawat apakah,happy,4
halloo pagi pagi buka hp dapat banyak kabar baik,happy,4
banyak yang tanya dan menawari kenapa sih enggak kerja di bank kenapa sih enggak daftar jadi pns blablablaaahhh jawabannya sederhana enggak tertarik dan jangan dipaksa terima kasih,anger,0
belajarlah ontime mister olala cukup sudah setahun trs2 an telat rumah dkt ditegor kitudeui2 jubras jebris punyan panyun batur mah 3x salah langsung sapa 3 krg sabar kumaha deui aku,anger,0
sedihnya tuh ketika sedang seperti ini enggak ada tempat sampah jadinya menyampah saja di twitter maaf ya followerku sedih btw aku bingung deh tadi nimbang 43 6 terus pup 2x habis itu turun lagi jadi 42 ini timbangannya yang labil apa bagaimana,fear,1
sebagai penderita agoraphobia anna enggak bisa keluar rumah guys dia bakalan panik dan takut kalo terjebak di suatu ruangan atau bahkan situasi yang enggak familiar begitu jadi susah ya ges sih anna gaboleh keluar rumah deh intinya,fear,1
gue dipukul ibu gue tapi sekarang gue bercandaannya manggil manggil memakai namanya habit,neutral,3
username username username iya soalnya efek setelah speak up itu beragam dan lebih banyak yang jatuhin sih untuk yang aku lihat saat ini dan itu malah makin menggerus mental mungkin yang mengatai speak up itu lebay dsb mental mereka mental pe,sad,2
nih tak payah muka jenis kerana report kami akan masukkan list untuk report klik,neutral,3
sumpah wak malu banget niat untuk praktek efek deterjen ke ikan lah ikan nya malah loncat dari wadahnya gue refleks kaget dong anjir jadi bahan tertawaan murid mana muridnya yang sudah gede2 lagi,fear,1
manusia rakus bunda menteri sudah advokat dirampok juga banyak tahu rahasia negara waktu di istana sama orba bandit banget,anger,0
pagi pagi langsung dapat berita sedih,sad,2
orang yang pernah kalah dalam pertarungan politik sulit untuk bisa disembuhkan karena mereka tidak bisa meraih impian dan sudah kehilangan banyak harta,sad,2
semangat kak buat enggak mendengarkan kata orang susah banget memang tapi saya berdoa semoga kakak punya support syatem yang baik tetap semangat ya kak semoga lekas sembuh gbu,happy,4
senasibb wah ada less semangat ya kak jepp jangan lupa minum air putih yang banyak have a great dayy,happy,4
revisi penelitian lapangan ada di beberapa bab ada data di salah satu hotel di jogja yang kurang dan dipermasalahin dosen penguji mana mungkin balik ke jogja buat nanyain data kayak begitu doang plus informanya enggak bisa di hubungin jadi ini rasanya pengin lari dari tanggung jawab,anger,0
sekarang gwe enggak berani lagi menonton sendiri di bioskop padahal dulu biasa biasa saja kenapa ya,fear,1
gue benci sekolah,anger,0
gue juga dulu begitu nder wkwk tapi nanti seiring berjalan nya waktu reda kok amarah nya belum bisa berdamai sama keadaan saja mangkanhya bawaan nya marah banget tapi gapapa wajar kok itu wajar banget semangat nder,happy,4
jelek banget sabtu mu semangat ya jangan lupa sarapan,happy,4
akibat jika indak ada uangmu yang tak menampak orangpun cuek dan pura-pura indak kenal jangankan manusia iblispun indak mau lihat kamu dan kebanyakan sifat manusia melebihi iblis serakah dan rakus jadi selalu lah diam dan tenang agar tak dinilai dengan uang,sad,2
gua sedih banget lihat foto-foto cowok ganteng,sad,2
sebelnya kalo sudah anxiety tuh tbtb sakit perut mual panik takut merasa sendiri sedih padahal yang gue hadepin bukan apa apa tapi selalu anxiety duluan kenapa sih capek lho,fear,1
kamu sedih kamu sudah kena prank lmao,happy,4
harap diperjelas pak ketua username agar masyarakat paham mana atau apa kriteria gratifikasi lebaran yang dilarang itu dimasyarakatkan kriteria itu,fear,1
tapi takut kalau egois,fear,1
hore hihi moment sekali ye capai sih tapi menyenangkan,happy,4
5 feb hari ini flight balik jakarta 12 50 sedih degdegan mixed feelings banget sampai deg an apalagi tadi dipeluk begitu pas bangun tidur ck,sad,2
username username waketum gerindrong dongo instagram menghapus secara sepihak karena kalian telah melanggar hukum foto-foto didepan kabah itu melanggar hukum url,anger,0
app netflix spotify disney viu iqiyi wetv youtube hbo go dll harian bulanan payment via ovo gopay spay full garansi affordable price trusted 1oo dan dm,neutral,3
pisau bermata dua bisa menikam orang lain dan diri sendiri atau bahkan kedua2nya menikam diri sendiri bisa juga kedua2nya menikam orang lain,fear,1
ketika ada sesuatu hal yang membuat kita jatuh percayalah bahwa kita sedang diajarkan bagaimana cara untuk bangkit,sad,2
kamu yang alay ya kesal kamu sih 4lay ih akoh molo sih seble kali bagaikan menyiram luka pakai air,anger,0
mungkin merasa gaenak pak karena gopal sudah tinggi jabatannya di aafikabbogor dan mungkin juga dikira cuma bercanda mau negur enggak berani mau marah juga enggak berani mungkin begitu ya,anger,0
kalo memang tadi hari terakhir bisa bercanda2 sama lu inshaallah gue sudah siap buat pisah biar berat juga gaboleh egois moga sukses ya lo ke depan,sad,2
jadi tadi ada yang habis intern hari pertama terus kita berjumpa deh terus senang banget karena dia sudah siapin topik buat mengobrol seoptimal mungkin dengan waktu minimum terus topiknya bikin gue emosinal habis sampai mau menangis tapi harus tahan karena di mcd too sweet tapi be true,happy,4
lah wkwk teman yaampun ghosting,neutral,3
username username kamu juga termasuk kak jangan menyebut orang-orang selain kamu itu nitijen2 jika kamu masih masuk dari bagian di dalamnya bukber ini this economy,anger,0
efek pintu tol slipi arah semanggi ditutup macet parah di sini pak polisi bukan mengatur malah menjaga jalur busway username username username url,anger,0
wkwk kenapa harus malu kocak wkwk,happy,4
terima kasih suam sudah ngeluangin waktu nya buat kita jalan kita jarang ketemu tetap jaga kesehatan ya sayang,happy,4
yash senang banget hari ini dapat kabar jimin sembuh i vote for for at the 2022,happy,4
mark tipe orang kalo mengetik huruf akhirnya dibanyakin enggak,neutral,3
schapp ut bisa snm enggak sih trivia statistika inferensial disebut juga gauss,neutral,3
gue baru bangun tidur dan semalem tidur cepat karena enggak enak badan batuk pilek tau-tau bangun dengar denis bikin pengumuman kontrak sudah habis makin menambah sakit vine masih diam sampai sekarang enggak keluarkan pengumuman juga kah agensi anehsemoga baik-baik saja sedih,sad,2
sangat tidak mudah mjd keluarga korban pencabulan beberapa keluarga yang memilih menutup buku kasus karena takut aib akan tersebar lebih memilih kayak begitu trauma anak jadi nomor 2,fear,1
setelah kemarin ditinggal snowdrop terus minggu sekarang ditinggal bulgasal minggu depan kayaknya bakal sepi banget enggak akan ada yang nemenin malam mingguan lagi,sad,2
rotii atau begitu,neutral,3
ini yang kakek nenek gue pengin stop dari keluarga gue bukan pelit menurut mereka tradisi macam nyebar uang nyawer thr dan sejenisnya ini merendahkan martabat manusia sih penerimanya,sad,2
beberapa menit keadaan menjadi takemichi bingung ingin mengobrol dan situasi ini dengan berani di kepalanya takemichi dra draken kun draken hmm,neutral,3
terbege lagi adalah tadi sudah alarm jam setengah 3 sudah keluar kamar buat bangunin teman eh temannya enggak bangun terus ke kamar lagi eh tidur bangun2 pas adzan subuh belum sahur oke syap,sad,2
mengakak banget yaallah next time kita mengadakan mng part 2 ya wkwkwk enggak ih enggak buluk tetap cantik koo yuhuu luvsss,happy,4
maafkan segala kekhilafan beliau semasa hidupnya beliau berpulang di bulan yang baik semoga almarhum di tempatkan di tempat yang terbaik insyaallah khusnul khatimah amin,sad,2
kecerian bersama teman teman baru itu sangat mengasikkan salam gowes username url republiksepeda mtb indonesia bikestable username gowesnusantara gowes holic,happy,4
masih emosi sih sama katla kemarin mana keterangannya begini saja hasil mengaci kzl,anger,0
mengubah kebiasaan seseorang yang kurang baik itu berat mesti dikuat kuatin kalo enggak berubah2 juga yaudahlah nyerah saja mungkin memang enggak bisa dirubah,sad,2
sedih saja,sad,2
enak dong senang,happy,4
kementerian bumn pak mentri bumn erick thohir tani et untuk tani terus pak,neutral,3
happy birthday vale bahagia selalu ya,happy,4
introvert juga dengan pemalu atau dengan sosialisasi introvert orang umumnya sosialisasi sulit mereka cuman sosialisasi menguras energy,neutral,3
semangat nov,happy,4
segalanya adalah ketika kamu memutuskan untuk segala sesuatu secara,neutral,3
cuma kaget doang,fear,1
chaeng enggak di surga begitu enggak sih disamperin bidadari,neutral,3
ini other hand belum berani menonton kukira kau rumah meskipun suka banget lagu dan musikalnya karena selain omicron juga takut mental health jadi bagian dari plot saja,fear,1
ziung mania mantap selamat ulang tahun ya ngab lewat pesona gua di twibbon ini gua turut berbahagia untuk pertambahan usia lu yang lebih cepat 3 bulan dibanding gua semoga hari ini jadi hari yang unforgettable dan jadi hari yang menyenangkan untuk dihabiskan bahagia selalu,happy,4
tapi ya gik percaya sama aku pasti kalo suami dan keluarga suami kita pemikiran nya beda sama kita pasti kita dianggep pemberontak karena apa apa kan harus nurut suami,fear,1
hargailah orang saat ia telah darimu tersisa,neutral,3
seram banget mio chan ternyata suka makan dinosaurus si,fear,1
penontoon kok sepi sih tarak tarak tass,sad,2
rangnick kami seharusnya dan pertandingan di pertama crossbar tiang gawang penalti dan peluang seharusnya 2 0 atau 3 0 bisa 5 0 malah,neutral,3
bass kak raska kak raska ini dulu bass makanya bikin band deh gercep bassist,neutral,3
hehe kak aku nih diajakin menonton sabrina saja ngeri setengah modyar dibioskop cuma merem sambil tutup telinga,fear,1
dua teman sudah menikah dari dua teman tersebut mereka pindah agama semua satu muslim ke kristen dan hindu ke muslim semoga saya di beri jodoh yang seiman dan sejalan,fear,1
terimakasih berkenan hadir buka bersama merdunya lantunan suara azhan terdengar dari arah mushola kuucap sapa untuk semua selamat berbuka puasa teman teman url,happy,4
di bidang hingga akan membawa kepada kesuksesan untuk pelatihan hubungi permatagroups partner your business tel 08121660024 081935025046 wa,neutral,3
puas banget aaaa,happy,4
jadi hampir seminggu mencari jam tanggan yang cocok di gue dan cocok di dia gue mau ini dia enggak mau dia mau itu guenya enggak mau terus akhirnya dia selalu menyerah dengan pilihan gue huhu macii terus dia pilih abu2 gue pilih hitam warna enggak couple gapapa terus dia bilang yaudah hitam,happy,4
anak zaman now lulusan saja pakai toga segala un di aula2 mahal lah kita dulu lulus sd paling banter perpisahan ke cibodas orang anyer naik bis,sad,2
jends mengasih info kadang suka banget dadakan deh kampus bikin keki,anger,0
mau cerita jadi tadi sebelum magrib sempat keluar rumah buat mengantarkan adek bukber nah di jalan pulang ketemulah sama cewek cewek berkerudung tapi rambutnya kelihatan dibelakangnya senang mereka bonceng 3 senang dan jalannya ditengah senang padahal jalanan rame senang eh disalip ketiganya ngomel sedih,anger,0
bikin thread seller kalo dilogin,neutral,3
anak cewek sendiri takut kenapa napaa kali saya pun tak tahu,fear,1
mantan ketua mpr takluk ketua partai takluk tertawalah buronan sang penakluk hahahaha maka jadilah mereka sekelompok gerombolan yang suka buat gaduh,anger,0
yeaaaaay i did itu bangun pagi kulangsung running demi finishing 18k challange from,happy,4
alhamdulillah akhirnya bisa kumpul tapi sayang belum semua semoga ada waktu yang bisa mempertemukan kita semua amin indramayu punya,happy,4
sudah berapa kali delcont2nan masak iya mau delcont2nan lagi biar tidak saling gangu lagi mirip anak kecil saja o,anger,0
orang menulis menggunakan emoticon adalah orang tulisannya hargailah,neutral,3
masih pagi gue deh emosi,anger,0
wow hari ini rasa rajin banget belanja ke pasar terus bikin ebi furai nge recook resepnya ci devina hermawan untung berhasi dan enak jadi semua orang rumah suka,happy,4
moodswing enggak beb galau kalo memilih enggak berubah pikiran enggak gue kalo gue memilih barang,neutral,3
khawatirin kamu nder jam kenapa semarah enggak nder typingnya enggak melihati semarah typing begitu kelihatan marahnya daripada masih itungannya,neutral,3
awalnya ge enggak percaya sama istilah indigo tapi punya teman dekat indigo dan selalu tau kalo gue sudah ada planning apa saja itu bikin gue heran kaget dan agak takut,fear,1
jujur gue malu jadi orang indonesia kok bisa tinggal senegara sama orang-orang bodoh kayak begini semua,anger,0
masih enggak mengerti kenapa bisa takut ketinggian terharu padahal dulu doyan manjat pohon depan rumah sekarang lihat ke asrama lantai dasar saja ogah apalagi ganti lampu begini t t,fear,1
jangan sampai rakyat benci,anger,0
sok tahu sangat deh wkwk haha daripada tidak ada yang mapin aph coba ini orang wkwkwk,happy,4
tak kesukaan masing masing,neutral,3
enggak tau kenapa vibe pagi ini sedih pol,sad,2
jadi takut buat nikah buat punya anak takut kalo saya nikah saya enggak bisa bahagiain pasangan takut kalo punya anak nanti saya banding bandingkan,fear,1
saja pilih yang kontroversi macam saja nak suruh orang benci,anger,0
di udahin segitu saja sepi ya kalo dilanjutin bingung juga,sad,2
keren semangat,happy,4
coraline dulu pas kecil takut banget jir mana nyebutnya dulu kartun mata kancing sedih,fear,1
hdeuu gue marah yhh tempe dibegitukan padahal tempe makanan terenak dimuka bumi inie,anger,0
kamu sih protes jadi kena marah kan,anger,0
alhamdulillah goal suport unit penyambutan ri 1 semarang peresmian terminal baru airport a yani semarang tambahan 3 unit alpahard facelift 2018 mendarat dengan selamat,happy,4
setdah salut banget sama sender aku tak sanggup menjawabnya karena aku di perikanan saja sudah hampir menangis tiap malam pusing tugas prak haha semangat nder,happy,4
pagi neng semangat sekolahnya,happy,4
hari ini selalu pens emyu,neutral,3
jdndhdjh jujur ya aku suka covernya tapi takut banget bacanya makanya enggak beli,fear,1
semangat aku,happy,4
gapapa kok nder,neutral,3
bisa bisanya semalem mimpiin gwinam takut banget,fear,1
mantaf pagi juga semangat,happy,4
momen istimewa juga bukan hanya bersama sih diatapi kadang juga perkumpulan sederhana bareng sobat juga bermakna demikian,happy,4
enak lah,happy,4
pantas saja jalan pada ditutup ada syuting di prj,anger,0
kamu marah enggak kalo digetok,anger,0
winner 200 dulu enggak kelihatan pickaw masih minggu,neutral,3
kenapa ya lagi parnoan aku sudah gede masih saja halu halu takut sitin begitu terbayang bayang tadi beraniin ke kemarin mandi dalam keadaan gue lagi halangan sambil bayangkan sih seram ada bunyi gue asli lemes sampai merinding banget padahal bukan yang aneh aneh n lngsng ngibrit,fear,1
kayak begini nih manusia paling tolol dikit dikit bawa agama pola pikir goblok berkedok agamis,anger,0
di tempatku gerimis kalau di pipimu tangis,sad,2
kemudian bayangkan ada sesuatu yang berdiri di sana mengamatimu jelas ritual itulah yang membawa makhluk itu ke sini namun aku sama sekali tak mengerti apa yang terjadi saat itu pikiranku terlalu dipenuhi oleh rasa bingung dan takut,fear,1
banyak orang yang berjuang untuk menggapai cita-cita itu benar-benar netesin darah keringat tapi ada juga orang yang sudah di sediain karpet merah masih menyia nyiakan kesempatan kadang gue suka kesel dan pengin gue toyor orang yang begitu,anger,0
ingat guys teras cihampelas bandung tempat relokasi penjual sepanjang jalan cihampelas saja enggak efektif mungkin beberapa bulan pertama bakal banyak pengunjung tapi setelah ketemu banyak minusnya bakal sepi dan kumuh jadi agak jijik begitu,fear,1
ya ampunnnnnn aku ikutan sedih,sad,2
semangat di pagi hari,happy,4
sch soalnya di sekolah ku jateng kekurangan guru banget banyak guru yang bukan bidangnya justru mengajar di bidang tersebut dan bahkan kepseknya juga rangkap sama sekolah lain kalo memang ini benar sedih banget bagaimana generasi kedepannya sedih,sad,2
baguslah itu namanya sadar diri mana mungkin tersangka kasus cabul bisa jadi pemimpin umat btw kasus username bagaimana terus cerita ente ame nyang ntu gimane url,anger,0
habis jengukin teman yang sakit parah terus terenyuh sama kata-katanya saya enggak takut sama penyakit saya saya cuma takut ramadhan saya enggak dapat berkah ya allah mohon doa buat kesembuhan teman kantor saya tb adriana pramudya bin tb dasep url,sad,2
hal kami untuk dibahas adalah sebuah agenda dihadirkan plot film begitu dan terlihat hingga akhir film kami pribadi sih dan memilih filmnya,neutral,3
kadang suka bingung sama orang yang seluruh hidupnya dia habiskan untuk berdebat memperdebatkan hal hal yang sebenarnya sepele tapi buat dia itu hal yang pantas untuk diperdebatkan serahlau gue cuman bisa terngowoh,sad,2
mau athan sehat terus sama bahagia terus ok,happy,4
kalo enggak bisa mengurus anak enggak usah punya anak sih ya allah kasihan banget gue enggak tega anak disiksa kayak begitu gue kalo sudah punya anak nanti bakalan gue sayang banget senang kenapasih harus melakukan kekerasan padahal anak kan titipan allah harus dijaga kalo salah ya dikasih tau baik baik,sad,2
lu enggak malu atau mungkin kalian memang enggak tau malu,fear,1
cie libur semesternya sudah habis ya semangat wkwk,happy,4
ya ya wes sampean benar paling benar aku enggak tanya lagi awas kalo jawab lagi,anger,0
halo liburan kapan liburan kerja terus lebaran pun on teyus liburan sekolah sudah mau selesai elisoulea,sad,2
butuh ayang biar semangat skripsian,happy,4
parah sih kalian mikir kalau cewek sama cowok sahabatan selalu terjebak dalam percintaan sok please gue menghargai kalian yang bertanya karena kalian peduli sama kita tapi jangan berpikiran sesuka kalian tanpa alasan dan fakta yang enggak enggak dong,anger,0
heran dengan rkhup ngawur kayaknya yang merancang ngawur juga deh sampai sampai tidak mempertimbangkan dan melibatkan pihak lain lo lo anggota perancang jangan sesuka hati membuat rkuhp untuk mnguntungkan drimu sendiri heran masih betah saja makan gaji haram begitu,anger,0
alhamdulillah akhirnya bisa makan sahur bareng mbah gugel walo cerewet url,happy,4
hmm sekarang daripada kemarin enggak papa,neutral,3
ini bangsa yang sedih dan menyedihkan,sad,2
username aku benaran menangis tadi pas pulang flo untung enggak sefakultas jadi tempat keluarnya beda terus aku pakai kacamata biar dia gakenal begitu benaran takut,fear,1
anjing lu kontol bangsat memek munculkan lagi semua karakter yang ada di s1 lanjutkan s1 tapi endingnya cacad no good,anger,0
kalo ada luka terbuka juga lebih gede tuh peluang menularnya misal luka terbuka karena dicukur nah alat cukurnya kan enggak pernah di steril ekok seram ya username,fear,1
ahaha sedih banget tau enggak mau sampai kapan begini terus,sad,2
jends kalian ada yang sudah pernah mencoba skintific moist bagus gasi aku mau beli tapi masih ragu soalnya harganya lumayann,fear,1
bahkan ruu nya ah gue muaythai bisa melindungi,neutral,3
selamat pagi cantikku semangat kegiatan hari ini jangan lupa senyum hari ini have a great day,happy,4
rawedi di benci ramekso dikonco be your self ngadek jejek tampo basa basi,anger,0
semangat isah,happy,4
adakah apabila takdir ku sampai allah ambil nyawa ku akan ramai yang sedih dengan kepemergianku adakah ramai yang akan mahu mandikan jenazahku adakah ramai yang akan mengangkat jenazah ku adakah ramai yang akan mendoakan ku aku risau dan kerana risau aku bersedih,sad,2
karena kecantikan luar biazaahh maka kamu jadi foto model di foto ini konsepnya memikirkan kenapa ya mas crush malah jadian sama temenku jadi sedih banget,sad,2
anjir gue malu guekira suara rose kagettt,fear,1
semalem pakai baff kaos tangan sepatu lengkap kayak mau riding dan duduk didepan kasir habis sahur lagi menunggu teman bayar dikasir biar selese bayar bisa langsung cabut eh dikira ojol yang lagi menunggu orderan sama yang punya warung ntaps mas,sad,2
mesti menonton ini tengah malam nanti dalam selimut habis menonton eng ing eng bunyi detak jarum jam dinding pun jadi takut terpaksa jam di cabut batre nya biar enggak takut wkwkwkwkwk always,fear,1
sedih banget muka nya,sad,2
then kalaupun gue jarang sama sih kali akhir akhir ini mungkin kita sedang memasuki dinamika pertemanan yang rumit yey yang namanya manusia pasti ada slek slekkan nya lah ya enggak mungkin akur terus enggak asik dong akur terus terus gue mesti jelasin ke lu semua yang pada bertanya enggak kan,anger,0
rangnick kami seharusnya dan menyelesaikannya di pertama tiang gawang penalti dan peluang seharusnya 2 0 atau 3 0 bbc,neutral,3
alhamdulilah kabar baik dipagi hari ada yang bisa jenguk dong stay safe and healthy uri jiminie,happy,4
takut nak amik spm tapi nak habes cepat,fear,1
masalahnya akan berpura2 bahwa sajaa oh my ghost,neutral,3
hahaa sama gue di unfoll 10 orang hari ini kaget banget,fear,1
tinggal like saja kan bisa kok marah sih,anger,0
bangun ngumpulin nyawa tiba tiba merasa sedih anak jepangku kemana ya inilah gambaran pagiku selama dua minggu enggak ada kabar dari tapi harus tetap semangat pasti bisa,sad,2
bismillah semangat hari ini semoga banyak req dm amin,happy,4
mari tahun 2024 semua bangsa ini pilih pks agar negara indonesia bisa seperti syiria irak yaman iran afganisthan karena sebagai bagus indonesia bosan kan kalau adem ayem saja kan bahagia kalau lagi bercinta sebelah kita bom meledak truss ada yang jual anak gadis kita bisa beli idiot,anger,0
mau positip takut cewenya jealous kah masalahnya gue bukan jennie,fear,1
antara mengakak sama sedih anjr menonton inituh kawkwakwakawawk,happy,4
dadakan bo kamar,neutral,3
aku enggak bisa makan apa nder sedih,sad,2
iya benar soalnya takut kelupaan takut lama karena bingung terus kasihan yang antri,fear,1
hello tapi you memang kadang perasaan enggak tenang itu suka nyamperin sih enggak enak ya tapi gapapa everything is going tapi be okay hang on there ya kalau pengin cerita boleh ketuk dm ku juga kok semangat cantik,happy,4
semangat dhii rest well ya,happy,4
bangun jam 12 25 sesuai alarm pas bangun panik banget hampir menangis karena mengira telat kelas setelah beberapa detik baru ingat kalo kelasnya jam 12 40,fear,1
ujunga nya jadi bangkai saja buanga duit saja enggak guna dan enggak ada satupun proyek yang sukses kesallll mau tampol,anger,0
akhir pekan bukan akhir kehidupan walaupun tidak ada uang yang penting senang,happy,4
iya ya dulu ifnt banyak muncul di variety shows lvlz lumayan meskipun lama-lama mulai berkurang juga enggak mengerti deh di balik layar kayak apa soalnya dunia showbiz kadang bisa ngeri banget kompetisinya,fear,1
takut banget karena kepala pusing tenggorokan mulai serak dan badan anget untung kemajuan teknologi di tahun 2022 ini menyelamatkan anak kost sepertiku terharu terimakasih gomart,fear,1
lebih baik mendengar suara bom guntur geledek petir atau gunung meletus daripada mendengar suara tangismu yang buat aku tak bisa berbuat apa apa,sad,2
ketemu narasumber nyebeli banyak kalo bisa tak blokir satu aatu narasumber yang maksa meminta diliput atau sudah diliput tapi meminta cepat-cepat ditayangkan kita kan ada jadwal nya mas dan mbak,anger,0
kayak bagaimana ya lo tuh baik memang aslinya baik tapi selalu baik ketika keadaan enggak baik baik saja itu susah dan lo di tuntun begitu kesempurnaan yang harus dilakuin saat lo jadi idol bisa bikin lo stres depresi ya kayak begitu lah tapi giliran emosi lu sudah bisa sedikit demi sedikit di,anger,0
terus mbatin baik baik ya sama pemilik barumu tuh masnya ganteng punya cafe lagi entar kamu dipakai main di cafe kayak yang ku janjiin 4 tahun lalu,sad,2
setelah mandi dilanjutkan dengan makan pagi bagi wbs pstw bm ii jelambar untuk wbs total care makan pagi dibantu pjlp untuk menambah energi agar badan tetap segar sehat dan stamina terjaga,happy,4
awalnya badmoodd parah tapi habis mendengarkan ini langsung semangat lagi,happy,4
sdikit tapi sih,neutral,3
jangan lupa bermain dan jangan terlalu sibuk untuk berpikir hasil akhir adalah tentang eksekusi dari sebuah pikiran mau kemana mau bagaimana dan mau jadi apa selamat hari selasa semoga url,happy,4
karena kalo malu bakal malu banget ini lebih lebih dari orenji untung benaran iri jongu,fear,1
kemarin mau sholat dzuhur diatas genteng berisik banget suara burung kedasi uncuing serius ini banyak enggak tau 2 3 burung suaranya kencang banget sampai ngebangunin aku lagi tidur siang terus sore tadi mamah ngabarin kalo anaknya tetangga ternyata meninggal ya allah takut banget,fear,1
disangka nes padahal wkwk,neutral,3
jahat banget mbaknya semoga mbaknya enggak jadi korban sexual harrasment juga ya mbak biar enggak merasai bagaimana rasanya di lecehkan wah kesel bacanya pengin bilang tolol ke sih mbaknya sedih url,anger,0
asli enak banget apalagi kamunya sambil desah kencengg uh,happy,4
dulu gue komik enggak dulu mah tapi komik seri nya,neutral,3
sesak sekali tidak sih kalau pacar direbut teman sendiri yang direbut tidak punya otak yang merebut tidak tahu malu,sad,2
bangun tidur tiba-tiba sedih,sad,2
alhamdulillah enggak jadi malu untuk kesekian kalinya,happy,4
tolol banget gue anjing kok bisa kelepasan,anger,0
nah seringnya nih masih ada oknum pejabat yang cuma mau tunjangan sama duitnya saja tapi enggak mau tgjwb atas isi dokumen atau kebijakannya bisanya menyalahkan pelaksana untungnya di kantorku indak ada yang seperti itu,sad,2
gue enggak suka enggak senang sama yang namanya maling cuma gue juga enggak senang kalau maling digebukin sampai bonyok banget apalagi sampai dibakar dan dibunuh,sad,2
nah tadi kebelulan setorannya ke bpd rumah sakit karena trauma kejadian di bpd cabang tapi ternyata ketemunya itu satpam kurang ajar sudah ngeper duluan takut ingin ku berlari saja rasanya,fear,1
ini boleh enggak sih aku kecewa orang marah sama dia haha cuma karena aku beli acrylic frame terus majang pc bareng sama polaroid ortuku dia bilang begini apa aku doang yang sensi nih ya dikira nge kpop bikin lupa semua hal bahkan orang tua sendiri lo bikin gue makin enggak mau kenal spesies cowok dasar idiot,anger,0
puncak marah paling tinggi bukan lagi memaki namun ketika seseorang tidak peduli sama sekali bahkan saat kamu mencoba mencari perhatiannya dia sudah tidak mau tahu sedikit pun,anger,0
pagi ini syahdu banget dingin hujan sepi cocok buat rebahan anyway morning moots have a great weekend,happy,4
shashin wa zenbu oite kita kutinggalkan,neutral,3
gue juga tadi nder jawabnya tapi bomat who cares lu deh hebat dan berani pertanyaan gurunya enggak nder,neutral,3
jangan percaya orang yang berpihak pada rezim bong cerdas dikit enggak usah banyak-banyak kebanyakan tetap saja tolol,anger,0
konten bigo ini kak kokoh menonton video di bigo terus ke penghasilannya 5jt perbualan management,neutral,3
tapi dia itu bule dong menurut persepsi dia mungkin itu normal dan gue yakin niatnya tidak untuk melecehkan pemikiran begini yang bikin orang indonesia diremehkan bule itu orang tipe kalo ada bule meminta foto pasti ingin ku berkata kasar kasar url,anger,0
itu pulau buatan mumpung baru jadi pulaunya belum apartemennya ya di cancel lah nantinya untuk kepentingan rakyat dki nah kalau tempat sampah di cancel enaknya buat apa masa buat memelihara kecebong,anger,0
bego dimananyaa eluu ih,anger,0
bocil jalan kaki ayahnya,neutral,3
sepi banget bikin sedih,sad,2
bentar riin kalo,neutral,3
gua menonton azab yang di indosiar tetiba gua jadi takut nikah ya gila sih asalnya tuh pemeran utama cowoknya shoolih banget tapi terus berubah jadi tukang maksiat sedih,fear,1
jujur suka heran kenapa giliran gue yang punya masalah gue jarang banget bisa leluasa cerita ke orang padahal mendengarkan curhatan orang ada kali tiap hari senang,sad,2
kok sedih banget diisi ciba biar enggak kosong,sad,2
cuman aku malu saja buat ngepublish ke orang lain karena dia juga enggak pernah publish aku,fear,1
memang kenapa saya cinta bendera merah putih saya cinta negara indonesia situ enggak suka bendera indonesia terus mau merongrong ogah kerja atau bagaimana kalau berani mengomong sini enggak usah sembunyi pengecut,anger,0
5 hmm tapi kok ada yang ngganjel ya dibawah menara tegangan tinggi ini kira-kira nanti dikasih pengaman apa karena saya lihat ada dibikin jalan menuju menara ini username username username username url,anger,0
siapa sih yang tidak ngiler lihat duit umat yang melimpah dan mudah menumpuknya kecuali orang yang kuat imannya bingung metro tempo cowok amp 1095365 ketua baznas sebut bazis dki ilegal sandiaga uno beri penjelasan twitter impression true,happy,4
agus andrianto berdirinya kerangkeng seluas sekitar 6x6 meter selama 10 tahun dibekingi kemasyarakatan dan okp kita sebut pp,neutral,3
contoh mereka yang gemar menyudutkan teriak paling toleran tapi gemar menuduh gemar men judge seseorang berdasarkan versi mereka cukup tau saja,anger,0
record of youth walau gue benci banget sama endingnya,anger,0
seni dari demokrasi ya bisa saling mengkritik dan mempatuahi mau sekarang beliau presiden sekjen pbb atau siapalah enggak mau dikritik mati saja mungkin disurga kamu damai akan kritik tapi masih mungkin ya belum pasti ha,anger,0
username elaah serius amat blek orang pintar enggak pernah merasa pintar kalo dia sudah merasa ya berarti kurang pintar tugas kita belajar supaya enggak seperti doi,anger,0
username username orderan enggak 83526723 driver gojek mgomel ke saya keterangan alamat yang saya tulis enggak bisa di lihat di aplikasi yang dia pegang padahal saya sudah tulis lengkap no rumah saya no 10 kesel saya diomel2in karena aplikasi gojek ygvkrg kom,anger,0
untuk kerudung ke,neutral,3
non moots lagi ya allah bye ah malu,fear,1
kalo sudah dengar begitu meskipun tau itu adalah kalimat yang diulang2 tapi efek menenangkannya selalu sama intinya kata bapak rumuse sabar dan tawakal maka akan ada rezeki dari arah yang tidak di sangka2 wes tapi percoyo saja wes bismillah,happy,4
eh tergantung kali ya nder di ruangan kan memakai ac biasanya terus sekelas juga dikit takut ganggu yang lain enggak sih kalo buka fresh care secara wanginya itu nyegrak banget masuk hidung,fear,1
merajuk lah juga mak aku itu haha pastu dah ambik booster apa semua itu aku tanya mak aku ada sakit tak ada nak demam tak pastu mak aku cukup tak hahqhah pastu aku jawab balik kat dia habis hari itu takut sangat kenapa,fear,1
kelon enak hun,happy,4
negara lain memikirkan bagaimana caranya mengembangkan kehidupan di jagat raya yang luas ini orang ini memikirkan yang beginian hanya menghabiskan energi dan tenaga terbuang sia2 waktu pantas negara ini enggak maju2 kalo ngeladeni yang kayak begini url,anger,0
briefing meeting dengan tim tbr persiapan hijab expo di kota tercinta otw bandara sosialisasi di concordia dan t enggak lounge meeting dengan sr se kotata karebosi time padat sih tapi menyenangkan sesuai dengan materi briefing pagi ini happy work happy life,happy,4
thank you buat enggak nya dom jogja semoga taehyun member tubatu lainnya dan moa bahagia selalu happy taehyun day 21,happy,4
username username masih bingung gue sedih takut nanti enggak dapat tiket sedih kalo memakai jastip takutt tambahannya gede terus takut kena tipu juga sedih,fear,1
sabarlah wahai diriku orang orang itulah selalu katakan untuk ketika,neutral,3
takut enggak bisa beli sedikit begitu,fear,1
marah btol bang,anger,0
apa korelasinya antara bulan puasa sama parkiran kosong marenmaren saja gue dibikin emoshi tyap hari gegara sulit banget dapat parkir giliran enggak bawa mobil kosyoong melomponggggg,anger,0
citacita menjadi pemenang giveaway akhirnya tercapai username yeayy voucher gratis makan pizzahut terima kasihh username telah memilihku terharu sekali,happy,4
langsung ku block saja ya maaf nih bagi teman teman yang sudah memilih jalan sendiri setidaknya jangan lah kayak begitu kita ada jalan masing masing loh jujur sedih aku lihat alat musik di hancurkan begitu,sad,2
sudut bibirnya kembali ke tipis terpatri paras tampan miliknya dengan penuh ia melanjutkan ini tiap kali kau bermanja di dada ingin kubisikkan tapi ini jadinya,neutral,3
semangat buat hari ini ya lu deserve tapi be happy anw jangan lupa sarapan raa,happy,4
enggak suatu kita genggam bisa begitu,neutral,3
ya allah aku sedih kali sumpah denise hsgsfscs dari awal aku sudah bad feeling tapi masih berharap gitulo paham kan,sad,2
tak tahu fine tapi kalo selalu bilang tak tahu kok jadinya seperti enggak mengerti atau cari aman ah sudahlah maju kotanya bahagia warganya,anger,0
sudah panas perih gatal yampun parah sangat sih menangis,sad,2
harusnya mereka sejak surabaya atau jokowi bodoh pintar ajari,neutral,3
cinta tak suka berlama lama dalam kesedihan just move on,happy,4
singkat cerita sikap die yang dulunya cool cuek cintad dark pendiem habis dan pemarah tb tb berubah jadi caper humble berwarna karismatik play boy begitu malah kalo menrut gua pribadi sikopatnya makin kelihatan jelas,fear,1
username aku pakai jbl beli di lazada lupa type apa sudah 1 tahun lebih alhamdulillah awet kabelnya lentur enggak sengaja kegulung karena ketindihan pas tidur masih aman suara juga oke,happy,4
username jujur iya aku takut soalnya aku takut keciduk pas naik turun dari mobil di suatu tempat senang om aku driver ojol takutnya beliau lihat senang,fear,1
enggak tau kenapa dari kecil aku takut banget sama laut lebih suka bukit gunung sebenarnya suka banget tapi kan dingin aku enggak kuat dingin takut pingsan kalo kedinginan,fear,1
selamat hari sabtu juga ibukk semangat buat hari ini,happy,4
amin allahumma amin semangat pagi,happy,4
goblok mah goblok sendiri saja buibu tetangga di gresik kemarin begini semua miris punya komunitas bego nan tolol itu hal tergaenak yang pernah gua alami 3 tahunan disana,anger,0
minggumu terasa sepi tanpa musik ini,sad,2
sedih banget kan,sad,2
pagi2 sudah dibuat emosyennnn gangerti pikirannya apa posting2 foto cewek mau marah memang ya nyokap sudah enggak ada tapi mau enggak marah jujur pengin marah jujur jadi enggak mood hari ini,anger,0
justru dibikin kalo tuh enggak kan musti kesehatan jadinya,neutral,3
username username menurutku sih karena lingkungan tempat tinggal juga yang bully sih adek memang anak preman yang bapak dan kakaknya hobi mabok an dan berantem ngeri ya jadi takut nyekolahin anak di sekolah umum,fear,1
subhanallah tulisan perjalanan pak username ini luar biasa my respect for you abah mosque of laredo,happy,4
sedih sih soalnya gue mau maraton manifest sama bulgasal tapi gjdd truss,sad,2
kamu jahat tapi nikmat aku bingungggg sedih,sad,2
semangat presidenku presiden kita,happy,4
film ini semacam tribute untuk jurnalisme penggemar wes anderson bakalan film ini tapi penikmat film menonton the french dispatch 10 kamu sub plot dan hal diceritain tapi,neutral,3
setiap peristiwa gue sikapi masing masing enggak gue buat paket soale ya parpol parpol yang kadernya korup ada bukan cuma korup tapi kejahatan lainnya pertanyaannya apakah setiap kejahatan itu selalu dihubungkan dengan ketumnya kalo iya cek lagi kejahatan yang dilakukan kader parpol,anger,0
takut sedih,fear,1
muka gue memang enggak indah tapi at least gue bisa jalan ke tempat yang indah munduk bali indonesia url,happy,4
sudah di share ke base belum fan sedih banget liatnyaa,sad,2
ini hari lahir terima kasih kak username untuk tulisan2 di url selalu jadi kata-kata terbaik disaat hari lahir datang this word never old,happy,4
sejak membaca kalimatku ter share sungguh perasaan takut yang menghantui di saat keluar malam hari lewati jalanan sepi sunyi dapat memudar saya membawa ponselku memotret nge tweet lagi di area terang lampu sesudahnya dapat pulang berharap selalu aman tak apess,sad,2
gua ngeri saja begitu pas berbela sungkawa niat hati mengirimkan emot sedih tapi yang dipencet malah emot ketawa terbahak bahak,fear,1
bangun jam 5 tadi karena mimpinya sedih barusan tidur lagi 15 menit mimpinya malah lanjut another day of waking up with a heavy heart enggak enak,sad,2
takut tambah dewasa,fear,1
tali paling adalah dan hari at tirmidzi,neutral,3
dulu saat gus dur dijatuhkan tapi istana dengan kondisi serendah menjatuhkannya,neutral,3
kita masih mampu beli ini itu liburan dengan uang halal kami mbak buat apasih korupsi uang haram mah anda bertindak sedemikian dan anda memandang orang lain seperti anda anda salah besar mbak and the last everything will come tapi you ini the right moments,anger,0
dengan segala statmentmu tadi khusus indonesia untuk diiplementasikan amatlah berat bahkan pemerintah jika ingin bikin ini agak sulit bakal kaum maupun fisik nantinya,neutral,3
plot with angin laut tubuhnya terasa namun melebihi ia hadapi mantel tebal lengkapnya juga ia tujuan mereka akan sedingin ini,neutral,3
aku yang pernah berbela sungkawa hebat pada kata pergi mengenyam sepi begitu dalam saat semua hal yang pernah aku miliki pergi tidak meninggalkan kesan,sad,2
lama-lama menyebalkan banget ya anak-anak hasil keluarga bahagia ini kesal,anger,0
kamu belum ini,neutral,3
wedang jahe buatan gue enak banget,happy,4
di rl sering banget nemu model cowok begini bucin sama istrinya pamer ke mesraan di sosmed jadi sudah biasa lihat cowok model begini tau punya simpenan dan suka check ini sama cewek lain makanya sampai sekarang susah banget percaya sama namanya laki laki apa masih ada cowok yang tulus dan setia,anger,0
hai juga boleh berteman enggak min jujur tweets kamu seru banget dan sering seliweran di tl suka lihatnya telat enggak sih min baru menawari diri di,happy,4
enggak ngiranya ngambil kepunyaan well namanya orang enggak kan orang juga,neutral,3
polri hari ini,neutral,3
tbh saya sebenarnya enggak ada niatan buat bikin short thread about child marriage tapi berhubung hal ini sudah menjadi hal yang lumrah bagi sebagian masyarakat tertentu hal ini tidak akan pernah ada habisnya untuk dibahas sekian,sad,2
username itu bukan beda username tapi karena sih username itu orang gila semua twitt yang mengomentari twitt anda pasti marah dan emosi karena dibuat oleh orang tidak waras jadi bukan ente beda tapi tidak waras,anger,0
alhamdulillah kabar baik jimiinn,happy,4
gue tim raydu tapi lihat ini sedih banget fak,sad,2
ajarkan kepada lelaki 1 pandangan terhadap jenis terlebih saat memiliki istri 2 lah 1 istri poligami bukanlah hal 3 kdrt secara fisik 4 memiliki orang di,neutral,3
kabar atashi juga baik ini,happy,4
sumpah takut banget,fear,1
hola kak wawa don t skip ur breakfast ya semoga harinya berjalan lancar dimudahkan segala urusannya dijauhkan dari marabahaya semoga selalu ada dalam lindungan tuhan janlup vitaminnya ya semangat janlup senyum hihi stay healthy always be happy have a great day kak,happy,4
sudah 26hari i menangis terus tiap hari mata tambah sipit saja sudah mau sebulan kematian jonghyun hati ini rasanya hampa banget i miss lu sok much tt tt tt url,sad,2
pada akhirnya kita akan melewati semua ini semua yang dulu kita bayangkan betapa sulitnya kita lalui juga di akhir kita hanya bisa belajar belajar dan belajar memetik semua hikmah yang bisa kita petik mempersiapkan untuk kedepan,happy,4
deh emosi og dari tadi wkkw,anger,0
sekarang kalau upf fee di awal saja kali ya ngeri banget hnr,fear,1
happy weekend mbak noni bahagia selalu,happy,4
sebuah bukti bahwa di indonesia untuk menjadi seorang gubernur tidak harus cerdas dan bermoral tetapi bodoh dan dongok pun bisa url,anger,0
serpihan apa sih anis beruntung mewarisi hasil kerja jokowi ahok jarot dia tinggal cengar cengir gunting pita kayak badut goblok mrt sudah jadi busway sudah pakai bis eropa kampung pulo sudah normal kalijodo sudah rata coba sebut 1 saja pembangunan sih anis yang berguna,anger,0
tenganan festival menjadi festival pariwisata unggulan di karangasem yang memiliki tagline karena menjanjikan keunikan adat tradisi budaya yang adiluhung dengan live event tradisi perang pandan yang sudah mendunia,happy,4
pager kosan kalo hari hari alhamdulillahnya gaperna padahal,neutral,3
aneh enggak sih padahal dia lebih sering keluar berdua diam diam enggak mengajak aku tapi aku enggak ada marah samsek krnapa giliran aku meminta tolong buat ditemenin beli sesuatu dianya marah anjim aowkaowkaow padahal kan skornya juga 2 0 5 kalo dipikir pikir,anger,0
beragama tetapi menjadi dengan lele nya daripada di jalan,neutral,3
lu paling susah di ayoin sih bangsat,anger,0
indikasi bakal terjadi di akhir tahun 2018 atau pertengahan 2019 para banteng saling adu kepala akhirnya terjengkang terkapar dan semaput tanpa melawan banteng tinggal kenangan,anger,0
cr7 kenapa sedih banget tampaknya kau adekku elanga iya bang mau bagaimana lagi enggak sedih lah wong abang kesayanganku sih bang anthony martial pergi cr7 stres,sad,2
haha fan aot marah gara-gara kalah rank sama sono bisque doll,anger,0
terima kasih mbak novitasarilaras sudah service macbook di username auditorium nurcholish madjid universitas paramadina,happy,4
membuka bisnis sendiri apalagi sudah banyak contoh teman2nya yang jatuh tersebut mr b juga ngeri mendengar cerita teman2nya yang sering bertengkar dan cekcok dengan istrinya perihal keuangan keluarga apalagi kondisi sekarang ini itu membuatnya semakin ngeri untuk resign itulah bujuk rayu setan,fear,1
hanya dirimu yang bisa membuatku tenang tanpa dirimu aku merasa hilang dan sepi dan sepi,sad,2
1 kata saja sih kecewa,sad,2
lockey pasti sedih kecewa tapi sebenarnya yang paling sedih adalah member yang harus kehilangan denise kita tau hubungan denita couple kita tau hubungan dejin best friend kita tau hubungn antar member family sok lockey harus kuat karena lockey adalah sumber semangat dari secret number,sad,2
beberapa kali ibu dan bapak bertanya bagaimana kuliahnya karena mereka tahunya harusnya semester ini saya sudah masuk di semester 7 tapi bersyukur mereka bisa diajak kompromi paham apa yang sedang saya alami,happy,4
ada banget kan paniknya lo hahhaa eh eh kenapa mengira sakit gatauny bego,anger,0
eh sumpah gue takut banget seram banget itu orang,fear,1
bola ini berurusan dengan polisi setelah sodomi terhadap tujuh bocah di brebes dibongkar,neutral,3
sedih karena dibilang tolol sama sayang,sad,2
nah ini satu lagi cebong tolol nongol,anger,0
gue tau malu ya hih sedih,sad,2
malu kat fattah amin berlakon kayu pun dia tak tengok kamera tau,fear,1
dont kalo panik entar stres makin terbawa ke badan percayain saja ke dokter sama susternya yang penting lo disiplin ngobat makan minum istirahat pukpuk stay strong brooo,happy,4
special thanks for you masih tetap menganggap ku sebagai adek tak pernah sekalipun menyakiti ku masih menghargai ku dengan apa yang ku lakukan,happy,4
username username musuh dalam selimut hati-hati penghianat sampai dunia kiamat tetap penghianat jahat username username username url,anger,0
trackinga price di 60k rate ems 165 gram cargo 265 gram fee per tracking 5k tracking arrived dibuka rutin go kita untuk proof shipping dan bisa dm adm untuk tanya-tanya,neutral,3
kalo mudik blk ke surabaya logistik bahan pangan lengkap apalagi habis panen bakal enggak beli beras sampai beberapa bulan alhamdulillah nikmatnya pulang kampung,happy,4
kanan ku tweeps tersayang follow di akun gurem tweeps tersayang telah follow di akun gurem dengan follow back,neutral,3
pengin pergi jauh terus teriak sambil menangis sekencang kencangnya nanti balik kalo gue sudah lupa segalanya wkwj kan tolol mustahil banget,anger,0
gue sudah kaget jongu kenapa rupany benaran dikoms sudah panik,fear,1
fuh i know flexi tambah2 from em tapi wm seller post 31 1 3 feb baru ha pastu sangkutlah kali informlah sblom post pakai flexi courier if tak inform i tak kisah duration tak macam flexi,neutral,3
mas ngelonte dulu mas biar otaknya jadi segar lagi bagi orang kafir seperti lu ngewe dengan lonte ibadah yang utama punya tolol kok kebangetan banget sih,anger,0
mau banget kak dari awal nge stan bangtan belum kebeli album merch army bomb sedih banget,sad,2
hah iyakah masya enggak apa-apa dulu hari h ayang bahagianya,neutral,3
username wkkwkw memang sifat bawaan dari lahir sih iya selalu mau hasil yang terbaik bawa santai saja sih nilai kuliah nanti juga enggak terlalu pengaruh buat kerja lebih penting softskill kan dan kamu softskillnya sudah salah satu yang terbaik di,happy,4
ld nya scratch ld itungannya smol demej dom jakarta nderr,neutral,3
username mungkin sampaikan kepada gubernur jakarta dulu supaya trotoar untuk pejalan kaki dirapikan dulu bukan dijadikan tempat untuk berdagang saya sering jalan kaki di sepanjang satrio tapi pedestrian sungguh kurang nyaman,sad,2
sebenarnya bos yang suka bertanya karyawannya sudah punya pacar mbak sampai detail itu tuh tujuannya apa ya deg degan gue jawabnya takut ngaruh ke pekerjaan gue dulu di kantor lama juga begitu bosnya,fear,1
terimakasih sudah sa ini dan bikin senang selama 3 hari ya dan bikin semangat harinya aku yeaay mau kasih love juga biar kamu gr enggak kamu juga sehat sehat jangan kebanyakan makan garem kasihan nanti darah tinggi istirahat yang cukup banyak minum air putih juga sih ya,happy,4
takut kok sama sky ancem saja gajinya bunda potong bulan depan diam pasti keki dengernya,anger,0
ini adalah ide saat berpikir keras untuk ide part au mavenzer selanjutnya alias kenapa ke,neutral,3
masih bingung sama orang-orang yang bilang 2019 ganti presiden gue sih its fine selama memang ada calon yang lebih mumpuni dari jokowi tapi kenyataannya memang belum ada dan lucunya lagi mereka yang bermain politik golongan justru malah ngusung prabowo yang jelas-jelas sekuler senang,anger,0
punya acara pagi bukannya disiapin dari malam atau bangun lebih awal malah memilih marah marah di pagi hari hdehh,anger,0
morning masih avail tapi regular if you don t mind kebetulan side faceclaim mark lee orangnya easy going dan flexible mengobrol juga dan bucin titip carrd dibaca dulu,neutral,3
video taehyun favoritku yang ada digaleri kalo lagi sedih lihat video ini bikin moodku membaik kayak ada magic pokoknya pas menonton auto senyum2 dan kepalaku ikut goyang terima kasih banyak yang sudah ngedit ini tyunie disini gemas banget 21,happy,4
elanga jangan sedih sedih,sad,2
wajar sih disini yang kelahiran 98 terus baru masuk sama dan langsung pakai kurikulum 2013 sedih karena gue enggak bisa show up skill gue di bidang komputer sama teman kelas yang lain padahal gue anak warnet banget,sad,2
mau ngejar takut lari jadi mending enggak usah ngapa mengapai,fear,1
aku takut,fear,1
kalaupun fansite ngejual hasil jepretan mereka toh uang nya lari ke idol juga belikan mereka hadiah dsb kan kpopers baru ya fansite sudah ada dari jaman kamera belum sebening sekarang,anger,0
ketika saya digombali murid saya ibu cantik og bu lalu saya salting dan eumph jawab kamu juga cantik kok lalu emph dibilang masih muda dan saya makin speechless,happy,4
tadi pas lagi gym eike keluar mau nimbang secara timbangan tanita nya di luar pas ada ibu-ibu eh nnya eike di bilang instruktur karena body eike cocok eh dia langsung dong member pengin body kayak gue kwkwkwkww senang dah jadi inspirasi orang-orang,happy,4
morning prendd goa bentar,neutral,3
masih sedih soalnya akun sebelah sudah dfb convomf convomfs moviemenfess beame,sad,2
suka korea tapi level kebodohan bucin hanya untuk diri sendiri dan enggak nyinyir kesukaan orang sok gue setuju sama ini,happy,4
puji tuhan kabar baik jimin sudah sembuh dari covid dan sekarang tinggal proses pemulihan nya habis operasi tapi tetap jaga kesehatan terus dan banyak istirahat ya,happy,4
jadi ingat gua dulu pernah di usir dari rumah sama emak gara gara menghilangkan taperwer yang satu set kayak sejenis rantang semenjak itu gua enggak mau lagi dekat dekat sama taperwer mak gua ngeri di tuduh lagi,fear,1
aku malu aku hanya duduk diam berpangku angan kini sabdanya sering terngiang aku mati dalam angan angan tak mampu berdiri dalam balutan kegelisahan aku tak berdaya dalam keada dan kini terseok seok dalam lautan lautan kerinduan kepada mu aku rindu,sad,2
maaf jika saya bolak balik reply mohon bantu share maaf jika kalian anggap itu menyampah anjing ini sangat berarti bagi saya maaf kalo terdengar lebay dan dramatis tapi anjing saya ini benar baik dan setia makanya saya sayang banget sama dia sekali lagi maaf yang merasa terganggu,sad,2
wkwk sama bangga banget merasa benar nebak jeongwoo walaupun sempat ragu sama bahunya tapi yakin suara jeongwoo,happy,4
semangat nugasnya fanyaa,happy,4
kusut belum di hibur sama ayang heh,sad,2
bagaimana damai dengan rasa kecewa bagaimana,sad,2
selalu mencoba tontonan yt viewnya taunya kali ini enggak mempan,neutral,3
ternyata marine collagen dengan collagen klik,neutral,3
jangan lupa mengingatkan ayang buat makan dan minum takut keselek ayangnya,fear,1
terkadang dekat dengan sahabat pacar itu perlu untuk sekedar curhat kalo lagi berantem kan ya sofi 24 tahun nah tapi pacar2 teman aku kadang curhatnya suka enggak tau diri sebel sama pacarnya aku yang dimarah2 ku sleding juga kelen nanti,anger,0
pengelola mall 500 ribu bubur 5 pengelola mall orang dimanapun oligarki sadarlah negeri ini sedang iwan januar,neutral,3
amin aku sudah seminggu lebih sepi huhu tapi enggak apa-apa semangat,happy,4
sobatkenthel di duren sawit bilang bikin saja indomie sante bae tapi lalu saya dengan bodohnya scroll timeline dan menemukan foto pocong dan suzanna yang membuat saya takut ke dapur sedih,fear,1
wkwkwk ingat banget sama video ini yang namjin muji penampilan hobi terus ada juga pas video jungkook muji kalau hobi hari itu ganteng banget enggak kayak biasanya sampai malu anaknya i vote for at the 2022,happy,4
ujung2nya duit maning duit maning memang ada tuh duitnya buat bayar thr saja daerah yang disuruh bayar pakai apbd nya haiyaaah url,anger,0
yaudah semangat,happy,4
presidennya enggak akan bisa mensejahterakan rakyat indonesia waktu sebutin bisa,neutral,3
orang-orang sudah pintar takut dosa kalo enggak adil srkarang banyak yang pintar tapu tidak mengerti ilmu bukan diamalkan tapi disalah gunakan,fear,1
saya dok enggan menikah karena lebih mengutamakan karir dan pendidikan terlalu takut dengan namanya rumah tangga takut broken lagi,fear,1
rencana enggak pulang mau garap project ternyata enggak tersentuh sama sekali tau begini mah pulang weh dari minggu kemarin hm hikmah ramadhan mungkin memang perlu melewati ini ya buat belajar saja,sad,2
kriting bego syiah laknat,anger,0
ermm macam berat je ilmu nih takut tak tercapai sebab takde ilmu persilatan,fear,1
saya selalu menunggu saat pagi dimana manusia itu mengirim pesan singkat yang isinya selalu sama hari ini ada pr apa pada sekitar pukul 07 30 dengan bangganya saya merasa satu satunya gadis kepercayaan nya di sekolah terlebih lagi dia sring curht masalah kelurganya,happy,4
jadi nanti anaknya tertekan menikah tujuannya bahagia terus memulai kehidupan baru dengan orang yang kita cintai jadi kalo mau punya idak punya anak gapapa karena itu pilihan mereka asalkan mereka bahagia dan kalo mau punya anak disarankan punya persiapan yang mateng banget bukan karena orang tuanya yang heboh sana sini aneh saja kesal,anger,0
ketika bocah memori 8mb itu sangat berharga dan nyimpeninnya savean gta god of war mortal kombat dan kawan kawan url,happy,4
fess ada yang suka minuman non coffee apa saja dan pakai susu almond biasanya minumannya apa dan beli dimana kemarin aku beli latte sbux pakai susu almond suka banget tapi mau mencari yang non coffee,happy,4
bukan pens emyu namanye kalo enggak ikut-ikutan tolol,anger,0
tulisan topup sih,neutral,3
pak username sudah di pastikan akan terpilih kembali di pilpres 2019 pesaing nya saat ini hanya proses demokrasi saja agar dapat berjalan dengan baik percaya diri bures,happy,4
allah yang paling tahu mana yang paling ingin taubat dengan diam dan sabar bukan dengan teriak sambil ajak orang lain untuk membenarkan dirinya yang paling benar,sad,2
enak enggak enak kangen kerja tapi masih disuruh istirahat sama babeh,sad,2
benaran rp thai cewek bakal enggak rpnya sana mah official begitu,neutral,3
recovery 60 tapi tetap enggak enak,sad,2
aku cuma bisa mengagumimu suka padamu dalam diam dan benar-benar cinta pada mu karena untuk memilikimu adalah yang mustahil,sad,2
username gue dong sudah dibilang enggak mau ke tempat itu tapi ngeyel isi ngejebak mau belikan sesuatu lah akhirnya ngomel deh dijalan eh malah die yang ngamuk naik motor kayak enggak bawa anak orang gue teriak2 sampai menangis enggak digubris malah makin kencang bawa,anger,0
ada ya orang jumat baru keluar rumah sakit sore nya tiba-tiba jatuh jadinya sedih mulu sampai sekarang tapi sabtu paginya sudah disuruh kekampus sampai malam alamat masuk rumah sakit lagi ini mah,sad,2
aib bodoh benar sebelum kata aib itu muncul terlebih dahulu sudah ada tindakan yakni kekejian jangan kau sembunyikan caramu menelaah masalah semisal anak perempuanmu ditempeleng apa kau juga setuju untuk dia bersikap bungkam melapor polisi adalah benar lantas apa bedanya,anger,0
username iya masih sekecil ini badan dia tapi agak gendut sih memang tapi khawatir saja minggu2 lalu dia memang birahi sih bawa cowonya dikenalin ke aku url,fear,1
cannot relate malah padahal ngusel di pangkuan digendong disuapin mengajak dll beberapa kali juga balita ke emaknya apakah infp kau,neutral,3
baca pesan di whatsapp kemudian berpikir gue itu kadang suka terlalu baik sama orang tapi lalu gue sadar enggak kadang sih memang selalu maklum angelic,sad,2
username username banyak yang tolol di didik untuk jadi kacung mengerti ibadah puasa tapi takut laparrrr cara rakyat memiliki dan menikmati tanahnya hanya lewat liang lahatnya,anger,0
iya sih paling fanlive tapi kalo schedule hmmmmm,neutral,3
kenapa perhelatan asian games yang akan digelar agustus 2018 nanti kurang menggema karena para netizen sedang khusuk main tagar politik,anger,0
huaaaa takut banget woi gue penakut akut kagetan parah teriak bisa paling kencang kali terima kasih ojan ibad haekal imam yang bikin gue takut malam ini,fear,1
lho kaget baru sadar,fear,1
intinya cari teman mah jangan pilih2 begitu yang baik yang buruk semua dideketin biar tau oh ini begini oh ini begitu kalo tau baik buruk cuman dari katanya mah enggak usah sosialisasi saja sekalian di kamar saja diam garuk-garuk jembut doang,anger,0
kumpul keluarga relative wah sudah gede banget kamu sekarang hobinya mengapai saja mak gua oh sih ini suka banget baca relative wah iya kah pantesan kacamatamu tambah tebal itu gua hehe iya tante also gua yang dibaca manga sama fanfiction smut mengakak abissss,happy,4
ngeri banget casenya,fear,1
respect mu tebaik bornmounth penalti wkwk,neutral,3
harus diakui perasaan paling menyesakkan adalah saat menerima undangan pernikahan dari mantan mantan saingan mantan gebetan mantan pacar manatan teman dan mantan mantan lainnya,sad,2
kalau cewek sudah ngeblokir mute akun orang tapi masih mengintip akun orang itu konsepnya bagaimana tuh sis definition of munafikun kangen tapi malu dia bro haha,happy,4
sedih benar nih club ya,sad,2
waktu sd pernah dapat kesempatan seleksi untuk masuk tim kecamatan ke popda tingkat kabupaten waktu ujicoba lawan kecamatan tetangga saya cetak 2 gol pertandingan berakhir 2 0 saya enggak lolos seleksi yang lolos untuk posisi striker anaknya guru,sad,2
enggak tau tapi aneh banget kok orang orang banyak yang suka sama dia,fear,1
adek mas sudah makan gue wah tumben nanyain belum makan saja duluan adek maksudnya kucingnya sudah makan apa belum gue et lu lihat saja sono tempat makannya memang memang,anger,0
username username nah kalo ini baru benar semua yang salah patut disalahkan buat introprksi dan membenarkan permasalahannya bukannya sudah salah e malah lari takut disalahkan,anger,0
baru persiapan doang sudah gosong bagaimana waktu gue ospek nanti 6 hari dilatih militer coy naik outbound saja gue menangis anjir gegara takut sama ketinggian bagaimana pas diksarlin nanti omg,fear,1
deg degan sebenarnya pertama lagi harus terjun ke kelas yang jenjangnya lebih tinggi dari sebelumnya apalagi untuk sekolah yang dulu sempat di takutin karena siswa2nyaaa takut iya tapi enggak ada jalan kembali,fear,1
enemies tapi tapi enggak menye menye kamu tapi tautau dicium enemies tapi slowburn kissing berchapter chapter,neutral,3
ketika sudah pukul 23 50 kami sudah capek dan ingin pulang karena sudah mulai ada rasa takut di hati kami masing masing,fear,1
foto bareng di pernikahan teman bareng pakboss juga melihat sih mas makin kurus dan kelihatan sedang sakit selang 2 bulan chat dia perihal pekerjaan and he said lagi sakit dan dirawat di rs,sad,2
sebenarnya enggak kaget juga sih karena setahu gue sebelum jorge lorenzo pindah ke ducati honda dikabarkan ngebet banget pengin mendapatkan jorge akhirnya kesampaian deh good luck deh buat jagoan gue username,happy,4
semangat ya enggak apa-apa kok lama dari pada kamu yang capek stres jam tidurnya berkurang menyenangkan orang lain itu bagus tapi lebih bagus lagi menyenangkan diri sendiri dulu okaayy,happy,4
normaly 1 jam 1 juzz waktu 30 jam untuk khatam sementar 1 hari 24 jam maka percepatan waktu untuk khatam 1 hari tanpa percepatan 2x terdengar 7x enggak dihukum bakal sendirinya,neutral,3
itu namanya pembodohan kok mau ya kdrt dihalalkan demi menutupi aib pria ini ustazah bodoh bukannya membela kaum perempuan malah memberikan kesempatan pria besar kepala,anger,0
kalau bad day sangat pun takde hak nak emosi kat orang lain tak professional,anger,0
wkejwkk tengkyu aisy kayaknya biasa saja deh di 3,happy,4
nunaa nuna keyyen anenn nun huee juga nunn mostly kangenan t t,neutral,3
kalo sunda jukut itu rumput kalo kalimantan timur jukut itu ikan saya sunda bertanya sama suami kalitim abang makan nya sama apa terus suami jawab makannya sama jukut saya kaget kok suami saya makan nya pakai rumput kayak kambing mengakak kwkwkw,happy,4
sebenarnya badan ini kurang sehat dibawa makam susah keringet dingin dari pagi tapi dibawa sehat untuk di bawel apalagi ada acha karena janji sudah lama sudah ke toilet 5x ditahan kalo enggak ditahan bakal lebih hmmm,sad,2
dilema mau testing prod version di prod environment mesti downtime karena kalo kagak takut ganggu operasional aplikasi eksisting yang masih jalan selain itu juga bikin data kotor,fear,1
alhamdulillah enggak malu lagi kita tum,happy,4
mungkin dia pengikut pimpinan pesantren yang cabul itu makanya bisa bikin opini se tolol begitu,anger,0
username aku sedih aku takut masa sama jalanan rame nyalinya cepat ciut tapi kalau kepepettttt banget aku memaksa ya bisa cuma masih kaku begitu,fear,1
sok soan ngeprank sih keseel panas tiris kunaon lagian meni tahan amat ngediemin aku dua hari,anger,0
ayok semangat jaga kesehatan maka minum istirahat teratur dan asupan yang bergizi jangan lupa selalu bersyukur dan berdoa setiap saat alhamdulillah amin ya allah ya rabbal alamin keren nih pak mentri bumn erick thohir semangat sehat pak,happy,4
semoga bisa jadi perempuan yang mandiri semoga bisa terus mencari duit sendiri semoga bisa tetap sayang sama diri sendiri biar orang tua dan keluarga bisa bahagia dan kalo suami banyak tingkah atau demen selingkuh bisa mantap meninggalkan mampu hidup sendiri,happy,4
cita cita kecil petani lulus sd dokter apoteker lulus sampai perawat psikiater fashion desaigner lulus sama ahli gizi desainer interior ahli desain grafis lulus kuliah semua cita cita terkabul,happy,4
dek mengirimi foto adek yang berdua sama abang mau umi post ke story wa mengirim beberapa saat kemudian klik story wa umi lhaaah muka ku dicrop,sad,2
lah ada ahah aku kira orang biasa pas lewat gasadar terima kasih judith uwu,happy,4
teman kamu yang sudah menusuk kamu dari belakang malah dialem2 seandainya mulut saya bocor sudah bertengkar kali kamu berdua sayngnya saya gabakat ngadu2an kesal,anger,0
di negara taiwan lo joss kedelai minyak biji bisa minyak bunga-bunga warnanya ke emasan minyak luar di indonesia lo raya kok masih minyak menggoreng deh di rebus masaknya,neutral,3
ganti provider saja micha username daripada kamu gundul komplain tapi enggak ditanggepin its loss not yours username username,anger,0
orang tak semestinya berpemikiran dan dinasaur kita untuk mengkritik dan masa untuk dikritik dengan ini terus hominem memalukan,neutral,3
nak gala ibu kamu di jakarta urusan a menunduk meratapi bagaimana seharusnya alih alih hari justru bertukar dengan embun,neutral,3
boleh mengomong bangsat enggak sih senang masih pagi sudah emosi jiwa,anger,0
sepi kosong macam ati,sad,2
positif thinking saja susu kental manis enggak ada susu nya besok2 pasti ada kok susunya sama kaya 2019ganti presiden sekarang belum ada presidennya kan,happy,4
enaknya nino kita apa ini ya mak bisa bisa nya bikin anak mamak sedih nanti kalo sedih enggak bisa live igeh lagi,sad,2
tiap sabtu kebangunin anjir gara-gara dibelakang rumah ada ibu ibu suka senam dan pakai speakernya tuh gede banget anjing suaranya kayak benar benar gede banget gila sudah pernah ditegur sebenarnya tapi diulang lagi begitu kayak minggu depannya pasti gede lagi sih suaranya senang bgst pengin tidur aku,anger,0
jakarta mulai gelap ditutup awan mendung naro ember digerojogan,sad,2
enggak keduanya sih paling enggak bisa nafsu enggak,neutral,3
kalo enggak bisa ya sudah terima saja ini malah ngomel2 enggak jelas terus ngumpul di depan pembatas begitu bikin macet manusia asli yang bikin ribet itu emak2nya anak muda sama bapak2nya agak selow dan langsung menerima informasi secara baik dan enggak treak2 enggak jelas kaya pasar asli tadi itu,anger,0
waktu yang kamu tentukan itu membuat aku ingin mundur maafkan aku maafkan semua kata-kata bohong ku semua kata-kata yang ku ucp hnyalah kebohongan semoga hti ini ikhlas ntuk melepaskan dirimu aku yakin allah selalu ada ntuk dirimu dan diriku,sad,2
memakai notion enak juga wkwk tau begitu dari dulu memakai ini app satu,happy,4
tentastic unis kalo emoticon ptg bingung kalo update begitu masih baru enggak huhu tia,neutral,3
kenapa ya orang-orang kok suka banget cari-cari kesalahannya aespa iri bilang sahabat damn kalo gasuka mending enggak usah dilihat,anger,0
ini serius buat lu semua para player troll player toxic player noob terutama di game vainglory lu enggak gue memaafi jancok neraka bangsaaaaat,anger,0
untuk kawan dan saudara warung 09 00 21 00 loh kehabisan ayamnya di laburi dengan sambal bawang lezaat,neutral,3
karena tidak memenuhi kuota medan cancel ya sayang mohon maav yang sebesar besarnya tiket mehong kalo cuma 4 ekor enggak cocok hari ini nia refund dp buat medan ya 4 bagi yang sudah dp mohon konfrmasi buat pengembalian dana sekali lagi username mohon maav yang sebesar besarnya,sad,2
hahaha niatnya titip bamer doang kalo ketemu kang sayur berhubung dia belinya di pasar sekalian titip yang lain haha suamiku baik sekali url,happy,4
aku enggak salah bila mohon pada username segera perintahkan menkes untuk menambah ruangan khusus sakit jiwa pada setiap rumah sakit sbab tidak menutup kemungkinan usai pilpres setiap rumah sakit akan dibanjiri pasien sakit jiwa tanda2 kearah sana itu sudah ada saat ini banyak yang stres url,fear,1
dilemma ku adalah jam segini merasa laper dan pengin go food naspad duta minang jaya yang super enak itu tapi takut enggak bisa tidur dan kesiangan besok pagi huu,fear,1
gara jawab indfess jadi teringat masa masa kelam sd dan sampai kls satu yang mana guru bing sekolah kayak enggak suka sama aku karena di pelajaran mereka aku oon banget sudah karena dsarny ku memang lemah di bing tambah gurunya kayak enggak suka jadi makin malas buat belajar bing alhasil ujian selalu jelek,sad,2
username username username username jadi kalau misalnya gagal di tinggi badan tetap bisa dialihin ke prodi lain mohon penjelasannya soalnya degdegan dari kemarin haha,fear,1
yang kupikirkan saat ini ini orang orang yang punya kontak wa banyak enggak pusing apa ya nyortir siapa saja yang bisa lihat sw gue cuma sekian saja malas nyortir dan jatohnya jadi malas buat sw saja sklian khawatir hal hal tidak diinginkan terjadi,fear,1
iya itu kan dulu tahun lalu sebelum tobat jadi pemuja fol ges ngeyel banget kamu kamu enggak tau saya ini pemuja fol ges profil pakai fol ges mengakui kalo fol ges itu godfather saya kamu tolol banget sih aku jijik banget sama kamu capekbbggt sedih,anger,0
otak mesum ya kayak begini nih tolol,anger,0
sedih ya,sad,2
bn lah mewah tak cheapskate baru muka cheapskate muka memaseng bn memaseng pay attention bila melawak meja memaseng je lauk,neutral,3
kabar baik lagi pas lihat2 shirtmovie di youtube salah satu teman organisasi jaman kuliah sudah ada yang jadi produser film shortmovie berkembang ajan hidupne,happy,4
edan ngeri nyuak memang,fear,1
1 nenek pakai tipis 2 nenek pakai bikini 3 nenek telanjang malah bilang kok dipakai,neutral,3
sabtu pagi bukannya dapat kabar gembira malah dapat kabar yang bikin deg degan alias t t jadwal ujian sekolah sama ukk bulan depan,fear,1
miris menciptakan karya dengan susah payah yang menguras pikiran tenaga waktu dan materi kalah oleh oknum yang menjiplak dan atau sekedar terima beres memanfaatkan karya orang lain dengan gimmik dan sensasi bagaimana menurut username,anger,0
apaansih kok jadi sedih,sad,2
siapa yang merubah hatiku siapa yang membuat kita satu selalu menyatu beban kecewa namun tak kan ku kan berakhir,sad,2
anehnya lagi ada anggota kaget kok bengkak anggaranya,fear,1
mas metal program dari username dan username membuat anak muda zaman now menjadi anak muda yang kreatif dan terbuka username,happy,4
lagi benci banget mendengarkan lagu bucin,anger,0
duh jadi cerita kemana-mana intinya ya kalo kita selalu bersyukur selalu mrasa cukup pasrah tapi ikhtiar kencang selalu adaaa saja hal yang bikin kita merasa beruntung di tengah-tengah tantangan hidup yang semakin tinggi dan doa orang tua adalah yang paling utama,happy,4
enggak sukanya panggilannya lucu-lucu deh dan mbah dan orang enggak pasaran selalu namanya putri dmn2 wkwk,neutral,3
friendlyy banget ofc ke cewek playing victim suka banget umbar umbar dia lagi dekat sama cewek lain ke gue maksudnya apa ya kak suka gedek gue tuh,anger,0
cerah saja apa buat hari ini aku mau ke jtp enggak lucu kalo ujan terus gagal lagi,fear,1
terkadang tidak tahu kabarmu sama sekali membuat hatiku tenang entah bagaimana dirimu dan dengan siapa aku tak peduli namun perasaan seperti itu hanya sesaat bisakah kau menghilang jauh dariku doaku saat ini aku ingin kau lenyap tak terdengar kabar apapun darimu,sad,2
sekarang masih begitu enggak kak sedih banget,sad,2
username username pertanyaan tak akan habis kak selanjutnya bakal ada kapan punya anak anak sudah bisa apa anak sekolah di mana blablabla kau pasti bisa melewati itu semua kak good luck,sad,2
sering terjadi puasa bukannya badan makin kurusan malah makin lebar dan klimaksnya pas hari raya banyak yang tanya sekarang gemukan ya,sad,2
sedih betul,sad,2
ditutupi berhak mengasih dan mark kalo disini orang dan juga nguatin kalo mark bisa alasan orang,neutral,3
enggak dijudge hal harusnya milikmu orang salshaabilaa,neutral,3
malu tapi gue enggak diapain2 mer wkwk sudah dibalikin begitu saja dia tes detak jantung doang kali ya gue benaran deg-degan soalnya tapi ya tetap enggak ada yang berubah cuma memang tau sih kalo dipretelin tettep takut,fear,1
yang jual permen ting ting dimana ya kangen ini permen tapi lagu di iklannya ting ting bukan permen ting ting bukan biskuit url,sad,2
biasanya kalo lagi ada masalah ada teman cerita entah kenapa sekarang jadi susah sedang benar-benar lelah disuruh bikin sanlat tapi mikir sendiri dari hulu ke hilir walaupun dibantuin satu bapak2 tapi dia sibuk kerja,sad,2
mau marah melihat orang pakai filter mata banyak-banyak di muka yaallah merinding gue,fear,1
serius enak mas jadi nya empuk banget dan waktu di goreng minyak dia enggak minyakan jadi keset begitu,happy,4
di jual buat beli rubicon atau hummer baru lumayan buat aset dan modal nyapres atau beli tanah lagi yang luas buat katanya perjuangan gerakan jamaahnya cuma begitu begitu saja cari kerja sana sini atau malak thr sama orang cina aduh guwoblok,anger,0
mata kiri nih selalu kena masalah entah itu bintitan atau sakit dari benjol di ujung pelipis mata yang memang sudah ada dari kecil kalau benjol kanan kiri ada sih tapi rasanya tuh agak menyiksa ketika dibutuhkan buat kerja rodi,sad,2
takut banget galak,fear,1
ketika yang nge catfish ini lo adalah nyokap lo sendiri foto wa dia enggak pernah pakai foto sendiri selalu pakai foto gue banyak klien dia yang tiba-tiba ganjen tiba-tiba mengajak ketemu lah padahal gue nya saja boro-boro ada yang modusin,anger,0
kalau ibu sakit ya ibu tetap kudu siapin makanan dll dll walau pakai delivery order segala macam semangat ya bu,happy,4
haiyaa dagangan lu olang kayak im isis hti kagak laku a username username username username username username username username username username username username username username username username url,anger,0
pertama kami meminta izin untuk berbincang beliau menjawabnya dengan senyum cerah namun berwibawa iya mbak bagaimana coba cerita dulu begitu kira kira ucapnya drngan ramah lalu aku dan temanku bercerita panjang lebar tentang tiket jadwal uas reschedule semua,happy,4
sih senyum mengesalkan yang bisa bikin hepi haha bawaannya bahagia saja kalau sudah lihat nih anak perform senang ada saja kelakuannya yang bikin kangen benaran adek aneh yang mengesalkan tapi ngangenin,happy,4
soalnya tadi limit time bang time bidding untuk nainggolan tinggal 17mnts jadi mau enggak mau harus kritis juga untungnya tadi bang rio dan azmi cekatan juga balas mensyennya hehehe terima kasih bang,happy,4
ini akan baik jika kita saling bertukar posisi awalnya istri yang atur kemudian ada tudingan krg mengenakan biarkan suami yang mengatur dan lihat apa masih bisa ada kalimat2 pembuat murka yang dilontarkan ulang,anger,0
congrats keren nih pak mentri bumn erick thohir semangat pak,happy,4
ah eyang pelit tidak saya carin istri ke tujuh nih,anger,0
nak kongsi korang kami juga booth merch cuci fizikal dan zine lokal dijual art event wig 4 myground mytown shopping centre 04 06 february 2022 10am 10pm,neutral,3
entar kalo di sadap balik marah ups,anger,0
sudah dinasehatin suruh buka hati ke cowok pelan pelan saja kata mereka jangan cuek banget belum nemu yang cocok bagaimana dong lagian aku lagi senang begini lihat yang pacaran memang pengin tapi pas lihat mereka berantem jadi malas,fear,1
kalian pernah mimpiin seseorang yang random dan lagi enggak memikirkan orang itu mimpinya absurd dan kerasa nyata kayak kalo mimpiin orang lain tuh aneh saja padahal sebelum tidur biasanya sudah prepare diri doa dll dan sebel juga apalagi pas tidur kebangun gara-gara kaget ada suara bising sedih,anger,0
berharap aku ke dokter dksh salep buat yang lebam2 biru eh malah dkshnya obat nyeri tablet vitamin padahal tensi darah aku normal 110 70 tetap saja salep mah enggak dksh sama dokternya,sad,2
ya iya lah masak enggak takut kalau bobroknya dibongkar di pengadilan,fear,1
masih pagii tahan jangan emosi senang,anger,0
username sayang banget begitu padahal vocal dia cocok buat energetic tapi yasudah lah semoga saja my bby goeun selamat dan bisa nunjukin vocalnya dia di concept eval,sad,2
kalo orang sudah benci sama orang yang ngroko atau ngevape bahkan pakai pod kayaknya dimanapun tempatnya tetap benci deh,anger,0
tuhan tidak memberi kita hati dan mulut untuk mengeluh dan mengomel malainkan ia mengajari kita untuk bersyukur melalui hati dan mulut kita selamat siang sahabatku,happy,4
39 suka banget klepon,happy,4
halah bacot mulu nih sih tua tolol jawab dulu orang panteis tuh harus kayak bagaimana pengertian panteis yang enggak nyontek gugel tuh bagaimana kok jauh banget sampai ke ui ugm ini kita lagi bahas apaan sih kok makin ngalor ngidul gegara kamu jangan bawa perasaan gegara cewek viktor malu sama tytyd,anger,0
anjing korupsi 2 1m cuma 1thn 4bln apa kabar yang maling ayam karena lapar karena hak nya di makan oleh pejabata macam manusia ini indonesia oh indonesia miris banget negara aing,anger,0
lah juga negara 1 trillion rakyat menderma harapan alih alih kau meeting gloria jean si evian benda nih menyebabkan ph prk dan prn marhean kepala hangguk,neutral,3
dong juga sore,neutral,3
kenapa agama yang lurus dari tuhan yme bisa menjadi bengkok hingga bermacam2 sebabnya karena ada orang-orang bodoh dan sesat seperti itu sudah banyak dari zaman dulu namun motifnya tetap sama yaitu untuk kepentingan perut dan sekitarnya,anger,0
tolong mengadakan fitur unsend gua malu banget jancok,anger,0
15 tahun yang lalu kau hadir di tengah kami menjadi penerus generasi zulkifli cucu pertama laki bagi kakek nya selamat ulang tahun anak papa bayujuli1007 15 tahun umur mu jadi lah laki url,happy,4
aku rindu hujan di mana pertama kali kita bertemu setelah jarak yang memisahkan kemudian aku membenci hujan di mana saat itu kamu mengucap kata perpisahan,sad,2
eh ini idol sih loh ini enggak,neutral,3
jenis orang yang bikin malas dari awal ketemu adalah yang senang banget nyombongin diri sendiri ya mungkin sebenarnya karena dia enggak percaya diri ya jadi butuh pengakuan tapi malas banget enggak sih mengobrol sama orang kayak begini meski pun dia cantik ganteng banget,anger,0
pagi pagi deh bikin emosi ya,anger,0
aku bingung kok dia tiba tiba diam enggak manggil aku dan tanya-tanya lagi nah tak mendengarkan benar-benar kok nafasnya anteng banget eh ternyata sudah dibuat nyaman sama bantal guling dan kasur,sad,2
nemu menfess yang gua banget tapi ragu mau rep,fear,1
belajar jadi oposisi dimana partai ini kok nyinyir dan provokatif sekali ini tanda juga tidak mampu jadi oposisi yang baik url,anger,0
ternyata ada yang lebih bego dari aku jauh malah,anger,0
sarapan dulu biar semangat,happy,4
ke dosen ke orang enggak maaciw ke teman ke orang selalu aing,neutral,3
total duit diorang hampir mau 600 juta yang ngutang pada punya otak enggak ya ditagih pura-pura mati ada yang mati duluan anaknya ngemis2 bingung ngembaliin nya sudah begitu dia masih kuliah ditagih menunggu dia kuliah terus kerja sampai gue punya cucu itu utang baru kelar mungkin tong,anger,0
separuh hati ini iri jika melihat seorang anak yang masih bisa duduk atau berjalan bersama ibundanya dan separuh hati ini turut berempati melihat seorang anak yang begitu gundah saat ibundanya sakit yang sabar ya kawan semoga allah memberikan yang terbaik untuk kita semua,sad,2
lagi beli mrtabak gliran sudah jadi tapi kaki berat melangkah gara-gara dengar lagu hayah mas mas nya lf juga kayak nya p,happy,4
kan memperlakukan ke kita berhentilah berpura pura seolah olah nya hatimu baja,neutral,3
sudah survey ke beberapa cewek yang bilang cowok itu kata katanya enggak bisa di pegang ternyata mitos gaes dan sekarang sih cewek itulah yang begitu jadi yang tidak bisa di pegang omongannya siapa coba kita survey untuk yang ini apakah sama atau berbeda ku rasa pasti sama,anger,0
username ooalaah mataku rabun aku bacanya ayam diusir makanya bingung sedih tetott mitsubishi terios ya kiri terios terios bang ayok terios,sad,2
mau browsing saja harus pakai paketan internet yang kuotanya 10 mbak per hari dengan sinyal maksimum edge itu pun di hantui rasa khawatir kelewatan batas kuota nanti pulsa reguler takut kesedot,fear,1
takut ujan,fear,1
juga di target dengan adendum resign atau mengundurkan dengan tanpa tuntutan apapn kepada perusaahaan kalo bisa mencapai target peeusahaan dan ditandatangani diatas materai,neutral,3
feelingku enggak enak memang sama ini wkwk,fear,1
ini kalo paling enggak bisa pakai skincare kalo belum mandi selalu skincare setiap mandi kalo bagaimana baru mandi di kalo mandi sebelum,neutral,3
terimakasih banyak buat kak olaa yang buat karya sebagus itu dan terima kasih buat rumi iyel yang selalu keren dan kadang menghiburr gua dikala gua lagi sedih sekali lagi makasii banyakk loeve lu kalian semuaa,sad,2
meng sedih wkwk,sad,2
enggak pakai nama asli takut teemn rl tau waktu,fear,1
username min kalau tidak ada perawatan transjakarta ini bisa seperti metro mini saya tiap hari naik basway ini 60 mobil nya bermasalah,anger,0
kelisa itu memang marah sampai berasap hidung,anger,0
enak tapi,happy,4
dua hari yang lalu gue dibeliin kopi nah gue kan gaberani minum soalnya masih pagi takut asam lambung gue kambuh soalnya mau ada kegiatan kan terus baru sempat minum kopinya barusan dan anjir perasaan gue enggak enak soalnya sudah merasa agak dredeg dikit,fear,1
sepi conge,anger,0
ramadhan kareem alhamdulilah berhasil menyelesaikan jeruji perkuliahan jelas ini semua tidak mungkin terjadi tanpa dukungan orang tua username wkwk kado ultah ke 22 yang boleh laaaa url,happy,4
faisal basri sudah kesal sangat abisnya sih bakhun bela jokowi pakai gigi lima gaspol sebelum live mengomongnya lain pas live lain lagi ya sudah saatnya keluarkan aji pamungkas,anger,0
masya allah awalnya gue suka mendengarkan lagu lagu klasik begitu pas menjelang mau tidur tapi terus teman gue bilang bagaimana kalo lu meninggal nanti disetelinnya kpop bukan al quran takut gue,fear,1
semangat mbak,happy,4
lah bahwa mengirimkan dan kepada kita,neutral,3
kasihan banget ya kamu ketemu cowok kayak aku begini sudah enggak ganteng suka curiga sama cemburu lagi ahaha,sad,2
10 10 gue wanita misterius 100 10 omg sapa ini 8 10 nih teman 8 5 10 di you get deja vuu,neutral,3
lo berdua bego enggak usah rebutan,anger,0
aku juga sedih,sad,2
takut banget ada star syndrome,fear,1
tolong nih bagaimana ya kemarin beli di flash sale sudah bayar terus dikabarin stocknya habis memang kalo jualan enggak mengecek stock dulu apa username url,anger,0
baru sehari masih ada beberapa hari ke depan yang lebih padat tapi sangat menyenangkan wish me luck and healthy saja deh buat seminggu ke depan fingers crossed,happy,4
aslinya sih mbak dita apalagi dibaca mbak dita jawabannya profesional kali dan ngemis ngemis out dong kan kita blah blah blah kan enggak etis kita lockey harusnya bisa perasaan,neutral,3
saya lelah saya bosan saya jenuh,sad,2
marah marah terus keriput,anger,0
kamu juga sehat dan bahagia selalu ya 3 thank you soo much sudah baca,happy,4
username tolong dijelaskan maksud dari hal ini dibuktikan dengan penggunaan resi pada transaksi anda yang telah digunakan pada transaksi lain transaksi anda dengan supplier anda saya rasa tidak mungkin ada double resi,anger,0
wah semangat nge date bestie,happy,4
kalau ada teman abang yang murung pagi ini di pastikan dia fan mu wkkwkwkwkwkwkw,happy,4
siapapun besok tolong mengingatkan aa tommy ya selasa 5 juni 2018 jam 15 00 tolong sms telp wa takut aa nya ketinggalan info dari travelo a deg deg an nih semoga dapat menonton piala dunia langsung enggak bakal bisa tidur nyenyak malam ini menunggu pengumuman besok,fear,1
ku bingung deh kenapa jadi fan itu harus menjatuhkan idola orang lain sih kenapa enggak damai2 saja kayak enggak ada pekerjaan ngejatuh2in orang lain,sad,2
hidup di jaman naow ini kalau hanya pengin di panggil ustadz saja gampang berpakaian muslim pakai kopyah putih apalagi bersorban dengan rapi berani bicara dengan sedikit menghafal ayat terjemahan sudah di anggap penceramah dan du sebut ustadz enggak perlu mondok bertahun2,sad,2
bodoamat deh kuping gue paginya budeg juga kejadian horor tadi siang masih tak terlupakan gue enggak bisa enggak dengar suara takut jadi tidur sambil mendengarkan lagu,fear,1
terlepas dari pengalaman yang kurang mengasyikan di stadion kami harus berterima kasih yang sebesar besarnya kepada warga bantul amp,happy,4
adalah dengan cara menjadikan,neutral,3
mendekap sepi di sudut sunyi menyimpul tali mengikat dikasih menggapai rindu tercabik pilu hatiku selalu terukir namamu ilu,sad,2
bangun tidur dapat kabar teman diterima kerja saja aku sujud syukur senang banget enggak tau lebay atau apa ya sedih bep mencari kerja itu iya sesusah itu sedih imma proud friend,happy,4
mau cerita kesiapa kalau sudah kayak begini hancur hidup ini pikirin dong bagaimana hati ku aku sedih aku menangis sampai menetes air mata ini kayaknya lirik lagu sayang pia palen deh wkwkw,sad,2
oalah semangat bi,happy,4
seru plot twist banget ceritanya terus ada semua di situ romance nya terus thriller nya sedih sedih nya juga walaupun memang agak bikin pusing setelah menonton aku nontonnya pas on going jadi bikin pusing menunggu next episode,sad,2
sedih sih tapi ya mau bagaimana lagi bukan kita tokoh utamanya,sad,2
ah lu tolol malas bacanya,anger,0
username aku enggak salah bila mohon pada username segera perintahkan menkes untuk menambah ruangan khusus sakit jiwa pada setiap rumah sakit sbab tidak menutup kemungkinan usai pilpres setiap rumah sakit akan dibanjiri pasien sakit jiwa tanda2 kearah sa,fear,1
saya merasa bahagia karena pelaku usaha mkm disana mendapat penuh dukungan,happy,4
menghayal tiba masanya dimana covid dengan angin dan diobati dengan antagin atau kerokan sambil masa tiba kesehatan dan masker vaksin prokes masih,neutral,3
kamu kenapa aku kecewa sakit cemburu menyesak kangen galau pengin kamu peka pengin menangis enggak papa kok terharu,sad,2
liv jangan lupa mengingatkan gue ya kalo gue ngeluh mulu liv jangan lupa mengingatkan gue ya kalo positive vibe gue di dunia nyata deh mulai jarang apalagi ya,fear,1
sedih mau celana dalam,sad,2
yesssssss enggak sepi,happy,4
enak mek,happy,4
negeri ini didirikan dengan akal sehat politik membuat banyak orang jadi pemarah akalnya buntu mari turun ke kampus kampus rawat akal sehat mereka itulah sedekahmu buat bangsa bukan menunggu apbn,anger,0
semangat yang mau interview,happy,4
tapi pengin paham recap di youtube google daripada ini search dan baca-baca,neutral,3
kejujuran dan keteguhan seseorang akan mulai teruji ketika melihat usd idr dll yang awalnya teman bisa jadi tak teman maka oleh karena itu jangan kita lihat orang yang ada di atas kita atas perkara dunia tapi lihat lah orang yang berada di bawah kita agar kita banyak bersyukur,happy,4
hahaha sama lagi baca ulang volvoreta enggak tau kenapa kakak tuh suka banget ngulang baca volvoreta habis aku revisi haha tidak ada lagi part ekehm nya jadi amann,happy,4
tapi lu selalu mengasih argumen seakan lu doang yang sakit anjing kalo memang lo enggak suka sama gue fine tinggalkan gue dari awal dan enggak perlu merespons lebih dari itu justru lo merespons seakan yang bakal kejadi nyata banget,anger,0
yuk kita siap2 untuk berihtikaf di malam sepertiga terakhir mudah-mudahan kita mendapat malam 1000 bulan karena tahun depan belum tentu ketemu lagi dengan bulan yang penuh maghfiroh url,happy,4
gapapa ya semangat juga buat hari ini,happy,4
apa cuma gue disini yang berpikir kalo perempuan tidak pernah menjadi pemilik seseorang secara utuh hanya milik suami beserta keluarganya dari perspektif agama agak disturbing sih buat resolusi konflik rumah tangga sedangkan karakter orang tua suami suami jelek istri kudu piye,sad,2
sih username ini enggak bisa seenak dewe melepaskan tanggung jawab ke backers cuma berdasarkan toc antara kickstarter selaku penyedia platform crowd funding creators dan backers toc tetap tunduk ke hukum yang berlaku di governing law sih toc gue mau cari legal loophole nya url,anger,0
eh tapi numbuhin brewok juga buat menyenangkan diri sendiri sih compliment dari sesama cowok bonus lah tapi enggak dirawat dikit langsung tumbuh liar atau gatel banget,fear,1
semoga yang menderita penyakit kanker diangkat penyakitnya dan selalu semangat,happy,4
somehow agak ragu kalau dibilang yang dicari talent karena pada dasarnya yang dilihat ada dua visual sama talent tapi wajar sih namanya juga showbiz indonesia saja begitu bagaimana korea cukup menyedihkan,sad,2
pura pura bego padahal,neutral,3
huaa alhamdulillah pagia sudah dapat kabar baik dari jimin,happy,4
malu dan malas,fear,1
hanya karena pernah terluka tak berarti kamu harus takut mencinta ada seseorang yang tepat untukmu di luar sana,fear,1
saking takutnya sakit yang macam macam selalu berusaha menghindari konflik dan mencari ketenangan tapi sulit sekali ya saya jadi takut,fear,1
siap semangat juga,happy,4
bimbim lagi sedih bongan,sad,2
menfess adalah seseorang,neutral,3
gue baik tapi gue enggak tolol semoga orang tua gue sehat terus lancar rejeki biar enggak usah gue ngandelin sodara kayak anjing,anger,0
mau berobat tapi takut banget,fear,1
setelah seharian tanpa kabar sih bapak tau-tau malem2 telpon cuman buat mengecek sudah tidur apa belum mengobrol ketawa2 sejam terus pamit tidur padahal tadi nomornya sudah gue block terus gue unblock gara-gara enggak tega,happy,4
terserah kalian lah apapun kata kalian pasti dibenarkan oleh yang bodoh,anger,0
luci aww jadi malu wkwkwk,happy,4
username username tidak disemua tempat kita boleh melaksanakan sholat salah satunya di bangunan yang didirikan untuk kekafiran salah satunya gereja aku berlindung kepada allaah swt dari godaan setan yang terkutuk url,fear,1
username sebelumnya saya bayar pakai tokopedia dan di laporannya tercantum kode iuran 9180 sekian sekian apakah yang dimaksud kode iuran adalah nomer itu,fear,1
malah di bilang palsu fake agensi deh fan kita juga harusnya bisa perlakuin idol bisa bisa bisa btw gue tbtb bilang mark child di day6 zombie dan day6 talking,neutral,3
aww malu banget suer,fear,1
tapi gue takut awkard,fear,1
ngeri editannya,fear,1
sudah berumur seperti ini aku masih ditanyakan cita cita apa tak jawab di usia sekarang ini saya sudah mengerti tentang adanya privilege di masyarakat yang banyak tidak saya miliki bisa memenuhi kebutuhan sehari hari di masa mendatang sudah cukup,sad,2
hoho enggak kokk sunbaenimm tuh budimann hormon isengku tuh diatas,neutral,3
capitano dipotong gaji untuk tapi milannya menawari angka gaji barunya manajemen sekarang,neutral,3
semangat kerkomnya ayra,happy,4
semangat jangan lupa sarapan,happy,4
masih pagi loh sudah ada yang bikin emosi saja,anger,0
benci banget gue sama ini orang,anger,0
fagg benci banget gue liatnye,anger,0
terima kasih sudah bekerja keras kasih kita army musik yang berkualitas musik yang keren musik yang inspiratif musik yang menyembuhkan sehat selalu,happy,4
dengan bisa kita kendalikan,neutral,3
seru banget kadang suka rewatch wkwk 8 5 10,happy,4
gajian saja belum sudah ada yang mengomong nanti kalau gajian pinjem uang ya sedih kieu euy,sad,2
sodara wa kalo orang covid kan biasanya di dimmer nya enggak aka pengentalan eh malah gue nya enggak makanya darahnya kentel,neutral,3
tidak sepakat dan anda menyesatkan orang lain tidak disemua tempat kita boleh melaksanakan sholat salah satunya di bangunan yang didirikan untuk kekafiran salah satunya gereja aku berlindung kepada allaah swt dari godaan setan yang terkutuk,anger,0
username username yang disebut bro username ini mau menyindir tapi enggak tau kalau yang disindir memang lagi menjalankan tugasnya itulah fungsi orang orang dpr membanyaki belajar deh sebelum menyindir,anger,0
ya kan sedih amat,sad,2
enggak srpan raa,neutral,3
hmm thailand boleh juga tuh kebetulan saya suka wisata kuliner sih tapi ngeri disana banyak yang enggak halal nanti malah enggak makan apa-apa,fear,1
baru kemarin merasai namanya takut keluar malam pas mau jemput ira sampai mengomong sama diri sendiri mendingan ketemu hantu deh dan dijalan sudah mau menangis saja kenapa bisa setakut itu karena tau daerah yang dilewatin lagi rawan,fear,1
12 set ini dengan nafas ngos ngossan adinda melawan sih dengan olah raga dan kan,neutral,3
setelah pertandingan pak seno yang biasanya keras dan cuek memyambut kami dengan hangat kalian bertanding dengan hebat ini pertama kalinya tim provinsi kita berada di babak ini pak bangga dengan kalian,happy,4
asli gue sedih banget tahi,sad,2
username username username terima kasih sudah tertawa semoga menjadi amal soleh dibulan mulia bisa membuat sesama hambanya ketawa bahagia,happy,4
maluin nih kamu kah,neutral,3
semangat terus ya kak aku di ain semoga kakak baik-baik saja percaya saja sama yang di atas meminta perlindungan dan kalo ada masalah berdoa saja meminta pertunjuk untuk jalan keluarnya,happy,4
sebenarnya enggak ada yang salah yang salah cuma moodku lagi enggak bagus jadi semuanya terlihat enggak benar dari dulu selalu saja moodku yang suka berubah ubah ini yang jadi masalah sedih,sad,2
cerah sepertinya,happy,4
tapi lanjut dimakan enggak takut banget kalo lanjut makan takutnya ada pecahan beling kecil masuk ke perut,fear,1
wes kesel kecewa,anger,0
enggak semangat hidup,sad,2
terima kasih pak ri 1 presidenku tetap semangat ya pak membangun bangsa ri,happy,4
wah suka sama tanaman ya om sama kayak ibu aku kadang memang begitu om kalau sama-sama sibuk atau salah satunya sibuk jarang banget ketemu kalau nanti jadi ketemu sama adiknya titip salam ya om semangat menjalani harinya anw enjoy your day om,happy,4
sama kayak bahagia mau gimanapun persepsi orang tentang bahagia kalau bahagiamu memang beda dari persepsi orang-orang itu tetap bahagia kamu orang lain enggak merasai tapi kamu yang merasai tentang bahagia kamu,happy,4
gue malah tiap update di igs enggak caption nya tapi disaranin dibawa ke warga sana ditelen mentah2 terus entar nain waktu jm digosipin dating sih mbak nya netijen indonesia padahal mbak nya juga orang indonesia,neutral,3
takut begitu ngantuk,fear,1
iya rebutan colokan pada penuh semua di dibis karokean tuker2an cemilan wkwk,happy,4
buat orang yang baru suka baca beli dua novel pasti terasa berat dan keberatan padahal entar kalo sudah doyan baca buku mah beli 4 kadang masih kurangggggggg sedih,sad,2
5 6 15 tiga tahun yang lalu pertama kalinya ngenalin cowok ke orang tua dengan modus sih cowok ini mau mengajari matematika buat sbmptn whutttt 3 tahun,happy,4
username username username kok sedih ya baca ini apa kabar ibu-ibu yang cuman fokus urus anak dan ibadah duit ngepas jadi enggak ada budget bahkan buat beli bedak doang badan melar karena ngabisin makan anak-anak karena sayang uangnya kalo sampai dibuang enggak pantas dicintai suami,sad,2
buat hiburan baca ini deh terus lanjut baca twit2 receh di ternyata hidupque tak lebih dari remah rangginang macam manusia yang makan di kiefsi doang oge meni hayang pamer di story hahaha aque maloo username username url,happy,4
iya tentu saja ada airmata tentu saja ada semilir duka,sad,2
yaallah mika angkasa gue kaget gue kira cuma ciuman biasa doang anjg di kebun aakghhghg,fear,1
besok disuruh ikut acara keluarga di puncak badan rasa rasanya lagi enggak enak dan salah satu saudara juga ada yang gejala mirip covid tapi tetap mau datang dan enggak mau diperiksa sudah bilang ibu biar enggak usah datang eh malah disuruh pakai masker double saja di sana bete banget,anger,0
kak orangnya paling enggak bisa dan enggak fanfic nama artisnya diganti sekalipun face claimnya enggak bisa bayanginnya tap kamu juga mereka enggak ooc sih bis,neutral,3
via menulis dude dude kan bukan pemain bola twitter receh ig receh kelen semua memang kembalian mini market recehhhhh,happy,4
username username 1suara untuk 5 tahun jangan harap suara kami jika para dewan mendukung pembubaran kpk lebih baik bubarkan dpr,anger,0
katanya sebelum lambat 6 bulan bisa perpanjang sim dimana saja saya ke mobil sim enggak bisa mana harus keluar kota lagi kemarin sebelum lebaran selalu enggak kebagian kuota username,anger,0
di line ada lapak yang lagi rame berantem bahas orang jawa yang mengomong pakai gue lo terus yang bikin status pakai bahasa jawa yang komen juga pakai bahasa jawa lalu aku termenung karena aku tak mengerti sedih,sad,2
kcg muka kucingku mecahin gelas enggak bisa,neutral,3
nya ke kita nder menonton,neutral,3
mau duluin perasaan sendiri tapi takut kecewa,fear,1
yang seram tuh pas ke dapur katanya mau masak jadi berusaha nyalain kompor kan palaur terus diajak duduk lagi akhirnya sekitar jam 12an mulai diam enggak gratak tangannya berkat drama india di antv tapi masih belum full menyambung kalo diajak mengomong,fear,1
semangat banget ya,happy,4
username dalil haditsnya justru imam mahdi enggak pernah mau mengaku mengaku jadi imam bahkan sudah ditunjuk pun dia ogah menerima amanat untuk memimpin umat lah yang ini apa sudah ngeklaim nyuruh umatnya mundur inamahdi malah nolak dibai at bukan bi,anger,0
terserah dan masa bodoh jika kamu tidak suka atau bahkan membenciku rasa kesalku belum juga hilang,anger,0
username aku tak mudah mencintai bilang cinta tapi mengapa kini denganmu aku jatuh cinta tapi jika kalau belum jodoh aku bisa apa menyimpan rasa devano danendra,sad,2
tolong ditelusuri juga penangkapan ratusan terduga teroris puluhan diantaranya ditembak mati ketika hendak ditangkap url,fear,1
sudah aktivasi tapi takut enggak valid,fear,1
grub b ngeri kali,fear,1
kamu harus bahagia ya,happy,4
amin semangat ngeba nya sayang,happy,4
enggak perlu banyak berandai andai hidup didunia real enggak seperti di film radit and jani gunakan pola pikir yang logis2 saja sekarang sih,anger,0
jalan lurus pergi ke bogor semangat terus jangan sampai kendorgood luck ya kak va,happy,4
dan chat mita di whatsapp official 0811 84 1400 hati hati terhadap akun palsu yang mengatasnamakan bank mandiri dan meminta data rahasia semoga sehat selalu tks kareen end,fear,1
username username coba selama masa jabatan anda pak username apa saja yang sudah anda lakukan untuk indonesia agar disegani bangsa2 bangsa mana saja yang sudah menyegani indonesia,anger,0
pagi pagi sedih lihat berita berita sedih jadi sedih kan,sad,2
dia anaknya juga jago banget gombal 11 12 sama ayem aku takut meleyot,fear,1
dan mereka apakah peringatan kepada mereka atau peringatan kepada mereka mereka akan juga qs 36 10,neutral,3
sayang nya gue kalo bucin ya mau secakep apapun cowok lain tetap lihatnya lo hahah sedih banget jadi cewek ye kenapa bucin tolol semua,sad,2
westerima kenyataan mbah anak lanange lebih kelihatan muda menawan tegap dan gagah ketimbang suaminya cemburuuuuu suami merasa anak lanange lebih sering dibanggakan dari pada suamine dewe,sad,2
daerah namanya juga sih paling di daerah mana mukasongong,neutral,3
mau ikut esd saja telat terus takut flop,fear,1
username saya mau tanya apa benar un tahun 2018 untuk jenjang sama sederajat akan di adakan ulang banyak berita di luar sana bahwa akan ada remidial un pada bulan juli mendatang mohon kejelasan nya terima kasih username,fear,1
alhamdulillah yaallah dapat kabar baik pagi ini jimin is covid free,happy,4
masalah nya yang spread hate nih cowok yaallah gua keseringan ribut sama cowok mulu jaman sampai tuh anjrit bolak balik masuk bk soalnya ribut mulu pas ditanya alesan nya bangsat banget saya enggak suka dia bercanda nya sama yang lain selain sama saya bu anjingg,anger,0
wkwkwk takut banget digigit lagi,fear,1
enggak pernah bikin status galau di ig sekalinya bikin banyak yang kepoooo pada sotoyyy langsung jadikan bahan gosip sok pangnyaho nya weh sebel efeklgdatengtamu,anger,0
warga sudah jadi korban mas dengan teror dan intimidasi terus menerus secara psikologi pasti sudah ada warga yang mengalami trauma belum lagi waktu yang harusnya bisa mereka gunakan untuk kegiatan produktif harus dihabiskan untuk menjaga tanah lingkungan mereka,fear,1
terima kasih homo haha iya hapy birthday ayu heheh sudah tua saja nih hehe,happy,4
takut ah entar dijual,fear,1
lebih baik saya diam daripada saya berbicara namun tak pernah didengar,anger,0
hari senin qerja lembur bagai quda hati hati gaes bagi para pengendara motor cek dulu helm nya siapa tau ada serangga laba laba atau pun kecoa,fear,1
enggak biasa banget weekend padahal suami bangun pagi jogging menawari aku mau makan apa dan langsung dibeliin lanjut sarapan bareng kesambet apa dia,fear,1
iya kan yang lain suka pada coba pada enggak apa-apa tapi tetap takut wkwk,fear,1
woy lu ikuti imbauan agar jangan panggil kami jokower dengan sebutan cebong nurut dong ok tapi kalo panggil cebong di kolam dengan sebutan dilarang enggak enggak lah cebong asli enggak bakal kesinggung baiklah kalo begitu dok nah begitu dong eh dok apa kampret lu,anger,0
mon maaf ini sedih tapi lucu jadinya gue mengakak awkwakak,happy,4
bagaimana caranya ngehadepin dosen yang dichat terus ngeread doang padahal responnya penting banget buat gue gue bingung mau mengapai takut salah langkah,fear,1
rasa tetawa lwn sedih ih meingat sisa libur sehari saja lagi sampai tanggal 20,sad,2
sedih banget pagi pagi lihat saldo ada 26 rebu,sad,2
foundation nya shiseido yang syncroskin mau aku kasih buat hadiah ultahnya ibu itu katanya bagus tapi harganya 550k 700k buat 50ml aku sedih,sad,2
kompakan niyee kaget heran geram sudah enggak asing ditelinga,fear,1
reply lah ws apa yang susah sangat nak suruh fix app je pun kang aku tak masuk kelas pastu kata aku ponteng bodoh betul,anger,0
muda2han puasa kali ini membawa perubahan bagi kita semua,happy,4
sedih aku masih sakit padahal semalem sudah minum obat,sad,2
lah kakak gue yang umur 33 harus manggil gue yang umur 23 apaan anjrit kalo bukan adek oh saya anak tunggal ada anak perempuan satu lagi punya ayah ibu saya begitu tolol ih,anger,0
tidurku makin tak tenang mak astagfiirullah mungkinkah ini salah satu dari arwah kecoa kecoa yang selama ini gue bunuh tapi lupa gue ucapkan bismillah inalillah dalam proses pemusnahannya,sad,2
semangat buat hari ini ya lu deserve tapi be happy anw jangan lupa sarapan lita,happy,4
jadi kalau kita pernah salah atau enggak salah tapi di salahkan terus punya haters ya shanthaaay sayang thats life jangan sampai hiduplo jadi kacau cuma gegara haters,happy,4
kak bikin cerpen no copas copas penulis juga dan bisa testimoninya,neutral,3
username username username username terus memangnya klub lo enggak numpang begitu sama pemprov hahaha sudah punya stadion pribadi dari manajemen persebaya kah persija mampu sewa gbk knapa lo ribet hahaha jancoook jancook,anger,0
betuul di tl tapi pengin di dm juga cuman monoton di dm makanya ghosting,neutral,3
entah bias atau apa tapi beberapa dosen yang pernah lulus dari universitas di us selalu menginspirasi enggak cuma bisa ngetai taiin doang makanya mereka panutanqu di kampus pengin banget juga bisa kayak mereka,happy,4
dulu waktu kukira kau enggak lagunya sekarang malah fyp di tiktok,neutral,3
username dekat rumah aku itu kuenya tap akunya enggak ada lihat kemarin karena kerja hahhahha ia sering ketemunya entah macam mana hahhahha lelah nyungsep di banyak fansnya itu wkkwkkw,happy,4
sudah gue baca panjang panjang mengira analisisnya bakal boom ternyta hanya hasil pikiran otak pendek tolol,anger,0
yuk semangat yooooooook,happy,4
happy birthday valee bahagia terus kamu,happy,4
duren kalo langsung enggak enak kalo olahan baru enak takut cium baunya,fear,1
apa apaan ini benci banget pagi pagi lewat tl bikin iri dengki,anger,0
misuhku caraku mengekspreksikan,neutral,3
akhirnya enggak malu lagi,happy,4
saya lihat bukan dari sisi agama meskipun saya muslim kalo salah ya salah dan mindset saya sama rata semua agama itu tapi ini dalam sisi kemanusiaan yang tidak ada rasa kemanusiaan laknat dan tolol,anger,0
tag doinya enggak liburannya,neutral,3
mengakak anjir takut banget wkwkkwkw,fear,1
memang kamu benar memang kamu pintar memang pendidikan kmubs3 dari amrik dengan nilai bagus memang kamu lernah jadi rektor pt memang kontribusi kamu terhadap negiri sudah banyak,anger,0
aku bisa tersenyum walaupun didalam hati ini masih tersimpan rasa kecewa,sad,2
tetap saja ongkirnya bikin kaget,fear,1
persibku menang lagi persibku menang lagi oooo oooo oooo oooooooooo username,happy,4
tolong buat siapapun yang memang sudah enggak bisa lagi jadi lockey karena masalah denis enggak apa-apa gue mengerti tapi plis banget jangan mengajak atau bikin kompor kayak orang goblok bikin tweet dengan mengajak yang lain buat ikutan sebab yang sedih bukan hanya kamu tapi semua lockey bikin kesel saja kayak ampas terima kasih buat lockey yang masih bertahan senang,anger,0
sedih typo,sad,2
sih hasya ba kan lexi kecil2 macam mira filzah konon disperate sih merald lah kan lexi hasya abang fazlee di jkr marudu jumpa merald doakan lexi hasya,neutral,3
bersabarlah wahai tatkala orang membencimu sesunguhnya pernah masing masing terharu,neutral,3
makanya pada mengaji yang benar biar enggak bego,anger,0
anjing nih eps 3 sedih banget bangsat gue menangis sampai hidung mampet jadi kesel ah,anger,0
heh salah upload malu,fear,1
grabmart lah tokopedia aplah semacamnya sih paling mah wassap kang sayur bisa nitip enggak di cart,neutral,3
dulu tiap ada yang kasih berkas talak suka heran kenapa harus pisah padahal masih muda bahkan ada yang sudah beranak tapi keadaan mental istri atau suami ya mereka sendiri yang tau dan pasti itu sudah yang terbaik buat kedua pihak,sad,2
jangan terlihat begitu sedih minato aku bahagia kebahagiaan itu karena kau mencintaiku kushina,happy,4
ingat tebak tebakan dulu budi ikan ikan apa yang bentuknya segitiga aisyah ikan sepat budi kurang tepat ayy aisyah terus apa dong mendesak penasaran budi iiikancut luuu nb seketika hening 5 detik kemudian tertawa malu wkwkwkwk,happy,4
twitter saya dari kemarin cuma bisa retweet enggak bisa nge tweet kalo mau nge tweet not responding mulu excessive use perhaps lol tapi sekarang bisa yeay,happy,4
pickaw punya dendam kayak nya,anger,0
cilacap cinta lama gagal terucap purbalingga pura-pura bahagia melihatmu berpaling dan ber keluarga semarang sedikit merindukan orang yang tersayang saat ini di cilandak cinta lama datang mendadak dan makan sari roti saking rindunya merobek hati,sad,2
demi apapun baru saja ngalamin kejadian ini pas gue balik ujian siang2 lagi macet tiba-tiba ada orang gila ini teriak2 disamping gue jelas banget omongannya kayak cerita dibawah ini spot jantung gue takut banget sumpah,fear,1
please min username jaringan wifi telkom kok lemot sekali padahal masih serumah cuma beda lantai saja atas sama bawah kenapa signalnya ngilang2 mulu,anger,0
ini sih jadinya 422 kesal enggak berani keluar buat manasin air gegara diceritain siska bahwa ada something memang dasar apel kamu siska bikin takut,fear,1
ingett wkwk iya dog lalu kita bertiga sama dina mabuk kepayang sama legollas pinjam celana dalam nya di rentalan astaga kita remaja bahagia ya waktu ity,happy,4
baca-baca tentang vaksin di akun ini kok seram kali ya ayuka vaksin terus sesuai jadwal padahal tapi kalo kandungan vaksin semenyeramkan yang dijabarkan di akun ini kok was was juga tega kali orang-orang di belakang url,fear,1
deg degan tuh lgsng gua gua lgsng wa cowok gua kan ya gua ngabarin kalo sikring rumah gua kayak ada yang nurunun terus gua takut eh ternyata cuman ceklis 1 doang terus gua makin takut tuh ya lampu enggak nyala2 enggak ada yang bisa gua hubungin,fear,1
ketika orang kita kerjakan tapi seringkali kita bisa mengkonfirmasi seluruh kita lakukan,neutral,3
ootd aesthetic bisa dimana tantri namirah di depan warung dan bengkel,neutral,3
yang penting tidak ngejer2 cowok orang yeh padahal sudah jls ditolak mentah2,anger,0
malas bikin emosi,anger,0
kalo pulang ke jember sekarang mcd sudah ada perdonat donatan sudah ada perkopi kopian juga ada bahkan nelongso jank jank mi setan juga how fast my lil town grow dan enggak ada sense nya lagi pas pulang kampung kecuali tapi meet some old friends and family,happy,4
pelaku dengan hipotesanya tapi pelaku dengan pembunuh conan edogawa shinichi kudo,neutral,3
drama abang tolol,anger,0
yuk akhirnya masuk minggu awal bulan juni 2018 enggak terasa sudah setengah tahun saja ternyata banyak target yang belum terealisasi sampai sekarang harus belajar displin konsisten biar bisnis oriflame makin lancar,sad,2
ih iya tapi enggak efeknya pakai ini kak,neutral,3
sudah lah lu tuh bodoh jadi mereka ngira lu nyogok begitu saja,anger,0
orang-orang itu perlu di ajarkan attitude berbelanja deh kayak nya emosi,anger,0
username username please jangan bawa nama anak muda bro kalau masih debat dengan pak username tak pakai data apalagi nyinyir serasa generasi milenial kurang literatur,anger,0
gua masih kaget ta,fear,1
kayak apa ya gue kalo beli paketan kalo mau keluar jauh keluar kota saja sksk gue jarang keluar jadi takut sia2,fear,1
apa baru menyadar warga aceh biasanya kalau sudah kena pada dirisendiri salah satu pejabat yang membuat aturan biasanya kabur duluan korbannya rakyat jelata dipakai sebagai kelinci percobaan dulu cui kasihan deh lo,anger,0
kenyataan pancasila mau diganti khilafah kan,anger,0
aah i baru baca data deh terbiasa tengok kes tinggi je jadi takut,fear,1
ini hasil sekolah asal sekolah mikirlah mahkamah internasional itu punya kewenangan mengadili perkara genosida dsbnya,anger,0
username username dari pertama username menduduki bangku jabatan anda rakyat belum pernah mendengar dan melihat hasil kerja dan prestasi nyata yang anda berikan semasa menduduki bangku jabatan coba tanya kenapa username abdi rakyat butuh seoran,anger,0
06 telah tiba setelah mengganti dan ke salsa terhadap handphone nya sembari bekalnya,neutral,3
asli parno banget kebangun ada bunyi2 dekat telinga dan ada yang nonjol begitu di balik gorden,fear,1
ketemu cowok itu di pekanbaru masih ingat banget semua hal sama dialah walaupun enggak pernah jadian ya sesayang itu dulu sekarang sih dapat yang better tapi dengan kejadian itu aku bisa bilang ke anak perempuanku one day jangan mau di bilang suka terus kamu ambil hati kalo enggak diofficialin bingung,sad,2
tuhanmu kamu dan pula kepadamu qs adh dhuhaa 3 perjuangan penerapan syariah allaahu akbar,neutral,3
iya saya sadar saya tidak dibutuhkan saya sadar kemana saya harus pergi tapi kenapa setiap saya pergi selalu dicari apakah saya hanya diperlukan pada saat dibutuhkan saja,sad,2
lewat tengah hari semoga harimu menyenangkan ya yuk semangat,happy,4
dear username kenapa statusnya begitu ya padahal selama ini pesan dari marketplace tersebut alamat lengkap banget selalu sampai ini salah dimana ya url,fear,1
oh begini rasanya dipepet dan dikejar orang tengah malam begini lumayan bikin senam jantung kejar kejaran ngebut banget mendadak aku pelan pas di bangjo dia menunggu dong sambil melihati ke belakang mulu akunya menunggu lampu ijo dia lurus aku mendadak sein kanan amaaaaan senang,fear,1
sebuah match hal tapi emyu ini lawak bisa bisanya klub divisi pinalti full skuad,neutral,3
gue kenal orang yang lulus lama kenal yang lulus cepat lulus b saja mereka punya waktu dan permasalahan sendiri jadi gue enggak perlu buru buru ketika semua yang ada di dalam diri dan di rumah masih messed up wol kusut saja masih bisa diusut kalem we atuh,happy,4
aku ya standar sih sesuai harga ya 4 jam sudah mulai luntur tapi enak ini teksturnya gampang diblendd coverage ajib,happy,4
sip kak kalo begitu bisa mengikuti semua si ke giveaway yang ada di caption postingannya ya semangat terus senang mc,happy,4
auto belit apa memang ah dia orang marah bila kena kencing oleh gov india indira gandhi gunakan perkara ini sebagai peluang untuk politikus dia itu yang menyebabkan ltte bunuh indira gandhi kok pergi baca sejarah kenapa ltte itu diwujudkan tak sama langsung macam taliban,anger,0
lindungilah rakyat ind dari penguasa yang dzalim ya allah penguasa semesta kami yakin engkau pasti akan menghancurkan orang-orang yang dzalim url,fear,1
salam semoga di pagi yang cerah ini kita semua selalu di beri kesehatan,happy,4
di ajarkan bermulut dan bermuka katakan tunjukkan buktikan kebhongan,neutral,3
langsung aku unfoll loh ternyata alasan orang-orang pada enggak suka sama dia sekarang jelas banget orgnya bikin ngerian,fear,1
loh aku saja bisa menangis lagi pas scene ini sampai banget selama ada irvan sakit sampai meninggoy dan full jessy menangis supaya sampai sedihnya ke pononton tapj aku kok enggak bisa ikutan sedih cuma pas andin sesengukan di makam itu aku sempat ikutan sedih,sad,2
pantas saja semalem pas pulang deh banyak tni dengan muka geram gue jadi takut2 begitu pas jalan jalan cepat sampai kosan langsung parno nutup semua pintu,fear,1
ah takut,fear,1
kita bisa sesuatu namun kehendak kan dan intinya sesuatu kita inginkan akan adalah suatu kita tetplah mengalir,neutral,3
ku juga sudi koh aku disable instagram karena terlalu menyampah di explore segala anak balita diajari buat tiktok juga url,sad,2
kalo main tiktok bikin lu jadi orang tolol enggak beradab enggak tau toleransi better lu stop main tiktok hanya karena konten jadi kehilangan attitude,anger,0
ini denise ya sedih vine ent ngelepas anak se multitalenta ini tapi ya bagaimana lagi sepertinya ini jalan terbaiknya,sad,2
iya swndirian banget soalnya ada beberapa anak yang positif kopit jumat kemarin asli panik dan takut,fear,1
concern pertama 1 uang bp jamsostek diaudit segala dilaporkan enggak semudah gue klaim uang taksi seringnya relain ajalah,neutral,3
kaum kampret tetap mikirnya kebalik seperti kampret dipohon mana ada wtp buat 2018 yang ada wtp 2017 goblog kok ditunjukin,anger,0
pagi suka dah ada uwu uwu bangsat malas ini,anger,0
benalu negeri ke adilan dan lah alat mereka dan adalah sehari hari negeri demi uang untuk haram anak-anak nya dan istri,neutral,3
mimpinya kayak nyata diakhir akhir dia pergi menangis aku sedih benaran anjir rasanya sedih pakai banget,sad,2
lucu banget noona kolaborasi twibbon ya terima kasih banyak ya noona have a nice day semangat event,happy,4
gara gara kapan hari ngopi terus mendengarkan lagu lagu jadul jaman sd kayak tangga ello andien audy terus sekarang bikin playlist lagu lagi yang seangkatan 2004 2005,happy,4
kalo aku sih siapapun presidennya kalo kualitas dirinya cuma bergantung sama kelompok atau orang tertentu ya pasti setiap saat akan buat event aksi aksi begitu deh hehe url,sad,2
tki dengan germerlap lumpur,neutral,3
bu username pak username ini tidak ada no seri kelihatan photo copyan dipotongi nilainya sih kcl tapi potensi pendapatan daerah hilang url,fear,1
selamat ulang tahun bosque sepurane telat semoga2 sehat selalu dilancarkan karir jodohnya,happy,4
bagaimana mungkin perbuatan dan kata kata kotor menjadikan hatimu bersih dan bagaimana mungkin kata kata kotor keluar dari hati yang jernih allamah thabathabai,sad,2
campuran telurnya pakai telur,neutral,3
memang benci banget sih kalo lihat komen di tiktok kalo main tiktok jarang buka komen biar enggak emosi sendiri wkwk,anger,0
kecoak dan tikus curut setiap sarapan dengan melakukan onani imajinasi mereka but iya dengan cara mereka bisa merasakan dan,neutral,3
mengganti handukku kalian ingin merek handukku hahaha ini bisa dijadikan konten haha untuk hari ini,neutral,3
biji lu dia nolak imam mata duitan kok lu percaya dia nolak sudah mata duitan mesum pula yang gigit jari pendukungnya yang tolol,anger,0
ws ra emosi tapi weruh koe reply hawane pengin ngamok,anger,0
orang yaka ye mmgla dengan ones tapi orang gather with families especially aunts uncles sengeh jee pastu bang memory sok okayla nak,neutral,3
hari terakhir di bali suwepi belum aktivitas sejak,neutral,3
username iya sayang banget sumpah di eps pertama dia bawain lagu yang gacocok sama dia sedih pasti dia bisa nampilin lebih dari itu hidden gem banget,sad,2
ya allah di timeline berderet twit dari bmkg gempa susulannya berlanjut sampai sekarang dan hanya berselang beberapa menit stay safe,sad,2
assalamualaikum semangat,happy,4
halo gue makin kesini makin gangerti kenapa se kepo itu sama masalalu doi gue kayak senang saja lihat masalalu doi gue itu enggak bahagia kayak tolol banget lu nyia ini doi gue yang memang superduper baik gue bertrimakasih sih sama lo karena lo deh buang doi gue,anger,0
tapi hari ini berbeda ketemu berpapasan tapi tanpa sapa sampai pulang dan orang-orang bilang kita berantem padahal enggak malemnya terima chat yang isinya sih geblek haha,happy,4
sumpah kalo ingat kayak kok gua bego deh cuma muah doang sekian detik sekarang gua menyesli itu karena mantan gua makin cakep anjing,sad,2
and hujung 2020 deh cakap dengan diri i i try tinder for one month je jumpa 4 orang 1 laki orang 1 and another two last choice bila i nak delete tinder sebab deh kecewa teruk dengan dua orang itu tadi sok yang last nih i got their number at the very last minute before i delete,sad,2
beliau menimbang2 beberapa hal sempat membuka traveloka cek harga tiket mahal banget kan paakkk lalu pada akhirnya beliau tanya besok ada uas jam berapa beliau memberi harapan terharu,happy,4
kamu tapi masih ke sini segala macam apapun joki bisa dm wa di link bio bisa di thread soshumpendidikan,neutral,3
bisa kontrol tepat waktu keras,neutral,3
nder masih 17 tahun enggak pernah menembak cowok juga enggak pernah sejombloa nya teman gue mereka masih atau pernah disukai orang enggak pure gue sih atau enggak finea,neutral,3
masa pagi deh menangis benci banget sama hati ku ini lemah,sad,2
oh seperti itu a seru dong ya semoga terus sukses a walaupun tak lagi mendengarkan suaramu dibalik radio tapi mungkin akan membaca karyamu,happy,4
kaget banget tbtb mas crush mengucapkan aaosjskajskansnsj sygnya dia pcr orang bagaimana dong gue gabole bawa perasaan,fear,1
pagi ku cerah,happy,4
sesuatu yang benar akan tetap benar meski sedikit yang mengamalkannya sesuatu yang salah akan tetap salah meski berbondong bondong orang mengamalkannya ya muqollibal qulub tsabbit qolbi alaa diinik,happy,4
kabar gembira untuk kita semua kulit manggis kini ada ekstraknya mastin hadir dan rawat tubuh kita jadikan hari ini hari mastin tampil bersinar membuatku bahagia badan sehat rahasia mastin herbal rahasia alam dari indonesia penuh pesona pesona mastin mastiinn good,happy,4
gue sama kakak gue adalah orang yang jago makan pedas lagi musim ayam geprek atau gepuk pastimintanya yang paling pedas jadi kemarin siang gofood ok cis ayam geprek ria ricis ternyata enak malamnya beli lagi dan makan di tempat,happy,4
username username hai rakyat geruduglah kantor media dan pukullah wartawannya silakan itu tidak melanggar hukum kok username,anger,0
sadarlah kita bahwa kita bukan siapa siapa dari sekian banyak manusia yang telah sedang dan akan diciptakan oleh allaah swt aku berlindung kepada allaah swt dari godaan setan yang terkutuk url,fear,1
malu banget kalo ingat moment jaman main rp,fear,1
haha serius sih pertama lihat itu tulisan tukang kedai mie tiaw tersebut langsung mengakak macam selingkuhan disayang tapi tidak diakui eeaaaa haha tapi gimanapun begitu juga persaingan mereka sehat sih hehe,happy,4
jika hari ini masih semoga,neutral,3
cc ini ke cebong2 dungu maksud hati pengin cari kesalahan username username lwat pohon plastik malah terbongkar semua skandalnya sekali lagi kasihan ahok url,anger,0
entah suka banget kalo dengar musiknya wagakki band,happy,4
satu sisi teriak teriak darurat pandemi di sisi lain melakukan hal-hal bodoh macam ini kasihan sekali nasibmu rakyat,anger,0
gue yang memutuskan memang tapi yang pamit rest memang siapa tau2nya gue dapat kabar begitu disuruh keep itu private dikira gue enggak tau apa kalo dia juga menyindir gue mulu diam diam asu apanya yang diam kalo ada main qrt begitu jadi ajang buat jelek2in gue,anger,0
last seen sih kalo wa tuh last seennya tapi begitu enggak kenapa kalo biru nyalain ngechat tuh enggak dan hal,neutral,3
katanya sekolahku enggak bakal online tapi at least semuanya di swab dong ngeri,fear,1
wow melihat masalah mino di sini jadi awalnya gegara mistranslate dan yang bikin translate nya dari fandom sono wkwk not surprised sih got7 juga kena mistranslate juga gegara tuh fandom heran ikut campur bae masalah fandom orang,anger,0
woi ternyata karena akun aku di privat makanya hilang hhahaahahahah maapfin aku twitter akunya bego,happy,4
tapi lebi goblo lagi pas egi meninggal pas masuk kelas mau pamit tementemen taunya yang enggak ada mbak sisil sudah pada syok kayaknya ku yang mimbik mimbik tapi pengin mengekek juga ini aku yang goblo sih,fear,1
i ain t lockey but i feel bad for that buat para lockey jangan sedih terus ya i wish all the best for denise secret number and lockey semangat terus lockey buat dukung denise sn,sad,2
pembimbing itu rupa rupa macamnya ini pembimbingku 1 bikin grup wa bimbingan 2 enggak pernah mengadakan bimbingan 3 h 2 bulan baru menanyakan progress 4 tidak pernah membaca mencoret hanya mendengar dan menyimpulkan kita harus bagaimana 5 tiba tiba bilang dateline skripsi minggu ini,sad,2
netijen yang merasa bahwa dirinya maha benar ditambah dengan lingkungan sosial di negara ini membuat melawan sexual harassment menjadi sangat sulit they normalize that time tapi speak up jangan mau diam saja jadi korban,anger,0
di canpur sambal cikur sangrai,neutral,3
i ship both tho tapi kalo gatekeeping itu tolol,anger,0
iya peran di about ada 3pengirim cerita konselor penonton tapi di form cuma ada konselor dan penonton kudu ottokhe seriuus wkwk aku enggak tau ih mengira deh ganti jadi foto mijoo unnie aduh jadi enggak enak terima kasih kak rowun,happy,4
bila semangat mau pergi church tiba-tiba bersin kali tentu pasal umm xdapat pergi,happy,4
wilayah apapun belum sekalipun kita didalamnya,neutral,3
sama kita saling sayang dan aku sudah coba nyatain kekamu tapi kamu tetap enggak peduli aku disini masih suka menunggu kamu enggak tau sampai kapan lagi senang,sad,2
bunga mawar pun memiliki duri jikalau memang kita menginginkannya mungkin akan terkena sedikit goresan pada kulit begitu juga hidup ini kadang kita harus merasakan perih ataupun luka untuk menikmati kebahagian didalamnya jar,sad,2
yang dari kota sebelah kena penjara 8 bulan denda nya 20 juta gegara kerumunan lah yang ini kok bisa ya maaf saya orang biasa yang bodoh enggak mengerti atau jangan-jangan saya ini yang dibodoh2in sama yang beginian ya,anger,0
semangat buat hari ini ya lu deserve tapi be happy anw jangan lupa sarapan ola,happy,4
versi selesai anjir sedih banget,sad,2
masih semangat gais,happy,4
makanya orang tuh kok ya aneh banget suka overthinking enggak jelas terus ngajak2 orang lain jadi heboh sendiri,anger,0
sayang wkwk aku mau mengakak kamu jahat banget astaga masa anak kamu sendiri kamu katain tetap cakep tau dia tuh alis kamu juga malah bisa buat jalan kutu waktu itu p akhirnya ternyata ada yang berpandapat dia mirip almarhum jonghyun juga ya,happy,4
username sampai kapan ya terus apa kompensasi buat pelanggan dengan kondisi ini layanan speed sama saja malah jaringan sering lemot padahal kewajiban tagihan dibayar tepat waktu username,anger,0
gue menangis banget dah ah malu senang kaget jadi satu amat,fear,1
kok banyak ya di kabupaten gue anak muda yang mendaftar caleg apa mereka bisa mewakili aspirasi rakyat padahal tempat nongkrongnya di cafe restoran mewah bukan warung di tengah kampung,fear,1
astaghfirullah sepanjang jalur manggarai jatinegara ternyata masih saja ada petjun2 berkeliaran di bulan puasa sing sabar say sing tahan subhanallah deh aku saja setop dulu capek di gembyor terus huft,fear,1
gue yang pagi2 mau naroh baju ke cucian dan lihat kepala bayi nongol dari pintu gudang ini kayaknya gue ngelantur abisnya gue takut banget waktu itu,fear,1
jangan sekalikali deh negosiasi sama sagitarius kolo moody lagi berantakan tolong jangan diganggu dulu ucapannya lebih menyakitkan manusia,sad,2
kadang rezeki kalo diitung2 bakal selalu ada saja yang kurang apalagi kalo mau investasi sosial pasti panjang daftar pertimbangan rasional nya tapi kembali lagi semua berawal dari niat lagipula memberi sesuatu kepada sesama juga dianjurkan sama rasulullah,happy,4
maha dahsyah allah yang menciptakan mimpi dengan begitu detailnya hinggal waktu dan tanggal terlihat detak jantung terasa hingga terbangun lalu merasa ketakutan yang berasal dari mimpi tersebut,fear,1
seng semangat ah,happy,4
ngeri banget semoga enggak kenapa kenapa,fear,1
username mulai ada benihbenih cinta pas mereka mengomong pakai bahasa indonesia mulai dari itu jadi suka dan menunggu mereka coba jadi ahgase pas never ever dan merasa telat banget sih enggak ngestan bobrok7 ini wkwkwk menonton variety shownya makin tau bobroknya ya mak,happy,4
happy birthday valee bahagia selalu 33,happy,4
username dikasih minyak tawon begitu perhari nya nanti dibiarkan sampai mateng nah kalo sudah baru tuh diletusin biar darah kotor nya keluar semua begitu ngeri,fear,1
hai kak ria aku baru selesai baca reksa arisa dan ceritanya bagus banget kak ria keren banget sudah buat cerita sebagus ini terima kasih banyak kak dan maaf ya aku sebenarnya bingung mau mengetik nya takut ada salah kata semoga kak ria bahagia dan sehat sehat terus ya kak ria,happy,4
hal dicintai oleh yaitu lembut dan hari,neutral,3
belum pernah foto berdua cuma ada foto ini happy blessed day pak guru bonar sihombing panjang umur sehat selalu dan senantiasa diberkati,happy,4
ikrr haha takut betul baca semua replies dekat post itu,fear,1
btw perayangan ini lama lama bikin jengkel ya hmm,anger,0
semangat noona,happy,4
hahah yaallah trimakasi telah menghindarkan saya dari rasa malu perbadutan,happy,4
itu seram banget lho sampai berdarah takutnya extention kamu banyak bakteri tapi asli deh aku pakai extention tuh memang gatel banget jadinya mata,fear,1
selamat pagi generasi tik tok yang kadang kepalanya suka meminta digetok bukan pengin cekcok tapi username mau mengajak kamu seru seru an yang berfaedah di url,happy,4
punya utang sudah 2thn ditagih ngilang2an tapi kalo ada hp keluaran terbaru enggak pernah ketinggalan punya otak enggak sih dikira sininya gabutuh duit apa iya kalo utangnya dikit lah ini,anger,0
kalau bagimu kata sayang tak ada artinya dan boleh diterima siapa saja sepertinya bukan dengan manusia kau berinteraksi,sad,2
iya kecapean tapi pengin begitu,neutral,3
satu satu aku suka kamu dua dua aku sayang kamu tiga tiga aku cinta kamu satu dua tiga kamu kena modus,sad,2
sebenarnya awal gua menaksir yang coklat tapi waktu itu stock kosong t t karena gue kepo parah sama sound ini headphone dan keinginan untuk memiliki sudah terlalu kuat jadinya beli yang ada stocknya saja akhirnya gue berjodoh dengan steel,happy,4
baik pakai kata tolong dan bersedia menunggu sedih banget,sad,2
yang ingin aku sampaikan ini adalah jangan pernah membiarkan seseorang menggunakan karyamu tanpa izin apalagi dalam bentuk bisnis komersil karena apapun bentuk karyamu adalah kamu sih pemilik hak cipta tersebut siapapun yang melanggarnya bisa dipidanakan berdasarkan uu ite,anger,0
happy birthday maknae on top nya dreamis adek kesayangan abang jeno sehat selalu ya adek terima kasih sudah lahir ke dunia bahagia selalu,happy,4
biyen sampai sama paling senang olahraga dadi ora khawatir juga sih nek dikokon roll depan belakang,fear,1
empat tahun lalu ketika orang orang hepi karena keterima kerja sekolah lagi gue hepi karena nama gue nongol di daftar ini terharu foto username url,happy,4
username pernah dikirimin kue sama teman pakai jne seminggu enggak sampai terus diganti sama pihak jne nya dikirim lagi seminggu lagi sampai tapi basi kuenya sampai nyusut sedih setelahnya kapok enggak mau lagi pakai jne,sad,2
pagii enggak nih cerah disinii,happy,4
ada yang lebih menggelikan ketimbang kasus sexual harassment yang menimpa via vallen para politisi amp partai politik memanfaatkannya sebagai panggung pertunjukan dengan dalih pembelaan korban,anger,0
seram banget ego tuh ditambah lagi gue merasa bego parah karena enggak mudeng kalo the tag kan merekanya masih ada ketawa2 haha hihi tapi kalo ego tuh full kayak begitu seram bbuanget b nya lima,fear,1
tokoh n capres abadi orang yang gagal di masa laluny berarti orang itu paling di benci allah itu hanya prabocor karena otakny juga bocor bocor bocor pengikutny apa lagi otakny moter2 username username username,anger,0
bismillah masih semangat masih optimis yakin bentar lagi bigwin,happy,4
aku yang meninggalkannya namun dia yang lebih dulu bahagia,sad,2
aduh bangsat ganteng banget lagi nih orang,anger,0
dan pada akhrnya suaminya mmng bertobat kembali sama dia dan berani bersaksi tntng masa kelamnya luar biasa mmng kesabaran istrnya bisa saja dia lngsng main cerai atau mmbalas prbuatan suaminya,happy,4
nenek sama mak ku nih tapi kalo ada orang lagi mengomong kadang suka ikut njawab heran banget,anger,0
ku di antara pikiran mengutuki tak bisa kembali untuk mengubah kisah ketika mereka tawaternyata tak semudah tak ku untuk pura pura namun bolehkah si kali ku,neutral,3
serius takut salah info,fear,1
belum 3 bulan aing pusing gegara skripsi lah ini sudah kudu mikir proposal lagi ingin liburan tapi barusan saja balik dari liburan enggak boleh sambat tapi gapapa kalau di twitter,sad,2
untukku hari nih,neutral,3
ragu untuk bisa beli barang itu karn harganya bisa buat cicilan bulanan,fear,1
padahal akun ini first acc ku tapi betah disini,neutral,3
wkwkwk mana uah mau end kan memang sih adnan suka banget bikin kita kepikiran wkwkkw,happy,4
biasala mask pon punca deh nak merembat mask walhal untuk pegi,neutral,3
bertemu dengan orang orang yang mau mbabat alas yang enggak malas baca dan berusaha mencoba sendiri dulu dengan panduan yang ada kalo mentok baru bertanya itu suatu keberuntungan ya jarang banget saestu,happy,4
dan ffvii juga saya suka banget dengan konsep sekolah magic soldier di game ini dan battle antar sekolah pertama kalinya cutscene battle squall vs seifer memikat jutaan player i hate rinoa jauh sebelum harry potter rilis,happy,4
emak dan anak ya beliau adalah wanita hebat pembimbing kita semua di departemen gawat darurat terima kasih emak ibunya psc 119 dinkes kab tegal yang sesungguhnya proud meski sedang mempunyai 1 anak usia sekolah dan satunya toodler beliau tetap stay 24 jam untuk konsulan url,happy,4
aku senang jangan ganggu mood bahagiaku,happy,4
no 3 kagak benar banget menurut gua mah woii mencegah perzinahan ya lu tahan napsu bego jangan meminta poligami sekate kata banget meminta poligami cuma buat muasin nafsu sendiri jerk dan no 4 menurut gua penyampaiannya salah distu seolah olah istri nih cuma alat pemenuh kepuasan,anger,0
i rasa sedih kalau bf i pegi kerja pepagi haha dia macam bff pergi sebab dia busy sangat kerja,sad,2
entah kebetulan atau enggak setiap gua sudah capek banget ada yang datang ke mimpi buat nannyain kabar haha terima kasih loh kak wooya sudah mampir ke mimpi dan jadi tempat curhat haha,happy,4
100 70 fix darah rendah terus gue tanya ke mas perawat mas badan gue kan gede masa iya darahnya segitu mas perawat nyaut itu badan kebanyakan lemak darahnya sedikit sih anyiiiiing,anger,0
teman gue yang lockey sudah bilang begini sebelumnya kalau sampai coba group dia enggak ikut ada kemungkinan bias gue enggak akan lanjut lagi disana yaallah sedih sedih,sad,2
pagi selalu mengajarkan kita bahwa ada harapan di setiap langkah kehidupan,happy,4
kalo menaksir ada sih nder cuma setiap mau dideketin aku selalu mengasih lampu merah jadi pada mundur sendiri sendiri aku disuruh sekolah dulu sama orang tua aku benci penolakan maka dari itu aku kasih lampu merah saja daripada pas menembak aku tolak aku takut mereka sakit hati,anger,0
kalo aku marah mengambek kalo aku balas jwbnya singkat2 akhirnya cuekin kamu itu artinya aku pengin kamu peka perhatian perduli,anger,0
kamu yang tolol kayak tytyd ngejawab tapi enggak rinci pakar apaan kayak begitu iq 69 memang saya mengomong kalo saya ateis saya kan nebak skrip kamu pasti kamu bakal mengatai saya bukan ateis gegaran enggak follow akun ateis dan benar tebakan saya,anger,0
habis manis sepah dibuang mengomongnya manis ujung ujungnya cuma drama saja,sad,2
kenapa chat sama pembina deg deg an takut begitu ya,fear,1
hbd username all the best,happy,4
kalo indonesia aku lebih suka per artist sih kayak kunto aji tulus sama yura yunita soalnya liriknya bagus bagus banget,happy,4
dan bilang kamis itu dihadapan teman-teman kerja tadi pagi pas lagi apel ketegangan jadi mengakak gara-gara ngengeblengan seorang pegawai yang mau mimpin yelyel diajak intermezo dulu padahal malunya itu lho,sad,2
selamat pagi tetap semangat tetap optimis biar bisa bigwin amin amin,happy,4
pe yang kau benci sangat siel ngan aku,anger,0
hahahaa takut anaknya galak,fear,1
ingin kesal tapi benar,anger,0
wkwk kaget tbtb tur adooh,fear,1
lah partner shohib ku this is sabtu,neutral,3
menikmati kesal saya ada 2 yang asli jarang ada kabar yang 1 lagi malah kadang jadi teman jadi musuh jadi teman mabuck dll kesal kesel,anger,0
dan saat itu yang mengurus cuma aku jujur deg-degan takut panik karena harus berhubungan sama biro keuangan yang galaknya naujubile cuma bisa ngandelin modal nekatbuat mengomong saja ke birokrasi sama dikit2 telfon beberapa senior yang aku anggap dia tau segalanya tentang hal ini waktu,fear,1
ikutan sedih,sad,2
senang banget jimin sudah sembuhh,happy,4
benar sering banget mikir kayak begini terus kalo lihat muka emak pas tidur langsung banjir banget kayak pasti capek ya mah suka tiba-tiba menangis saja lihat mamah diem2 begitu sampai aku bilang selagi senyum mamah masih ada semua masih baik baik saja tiap kalo aku mau nyerah,sad,2
ada saja yang memancing emosi pagi,anger,0
aku suka banget menonton idol sumpah mantap sampai jam segini mantengin tv username username,happy,4
akan menyelesaikan kita dan kita kepada dos kelapan fasa klinikal dos kesembilan akan bahawa antibodi akan selepas dos kesepuluh dos kesebelas akan bahawa mutasi baru akan terhasil dan untuk kita,neutral,3
username huhu iya ini mikir keras banget dan ku juga enggak dapat hasil yang sreg di bab 4 tuh mana jum at tuh uprak studi islam dari pagi bisa bisa,fear,1
saat sakit gigi dan sakit hati datang berbarengan rasanya kayak mau bilang terima kasih loh tuhan aku dikasih kesempatan langka begini terharu,sad,2
aku sedih nder sedih,sad,2
gue takut banget kaoru ngentott,fear,1
deh tetiba kaitkn malaysia sih bodoh libertard nih takde lagi genocide di malaysia seperti berlaku di papua sekarang lol,anger,0
hm kadang kalau analisis takut kebablasan halu karena aku lelah menduga duga soal soonhoon padahal mah aslinya bisa saja hanya imajinasiku,fear,1
dari pada update kesel kesel mending update resep makanan buat buka dan sahur tapi entar takut jadi ada yang kesel sedih negatifthinking astaghfirullah,sad,2
username eh seriusan dia enggak dijepang lagi sudah habis kontrak atau bagaimana halah dia mah memang begitu semua artis kpop disosor sama dia gila ya enggak sayang apa dia duitnya dihambur2 ini buat hal-hal enggak jelas bukannya mengatur cuma dia itu kelihatan banget pamernya,anger,0
mencintai kamu itu tidak sulit yang sulit itu adalah bertahan mencintai kamu yang sudah jelas masih mencintai orang lain yang sulit mengikhlaskan cinta sejati agar bisa berbahagia tanpa harus membebani diri dan keluarganya,sad,2
masih galau juga sih tapi solusi utama ku sih bikin target rencana mau mengapai saja di umur sekian terus fokus pada usaha untuk mencapai itu biar enggak terus kepikiran problem quarter life crisis,sad,2
tipe orang slowrespon alias jawabin orang tapi paling kalo bikin,neutral,3
capek banget bacain opini orang tolol,anger,0
agak sedih tapi saya lega bye,sad,2
masih bisa dipastikan masih,neutral,3
acara nya seru bange apalagi pas kak abdul nyanyi suara nya bikin hati adem senang the best deh username username,happy,4
di ngaruh pakai besoknya agak,neutral,3
di sd sampai gue dulu kalau ada yang ketahuan bawa artikel terkait pornografi dijejerin depan kelas ditendangin tulang keringnya satu satu oleh wali kelas gue enggak pernah ketahuan url,happy,4
asli kusut hahahaa,sad,2
masih tingginya kasus omicron di indonesia pelaku industri pariwisata di bali mengaku dengan kondisi saat ini pemerintah telah mencabut pembatasan wna ingin ke indonesia namun kunjungan wisatawan asing ke bali masih,neutral,3
apakah mereka tidak pernah belajar akan dampak negatif omongan besar dan kata-kata kasar dulu pernah ada politisi menyebut jokowi sinting karena mengemukakan gagasan hari santri ucapan bodoh ini ternyata menyumbang besar bagi kemenangan presiden username dalam pilpres 2014,anger,0
gue enggak deng cuman belum move on makanya dibikin perasaan enggak perasaan perasaan awalnya ditinggikan terus sekarang dijatuhkanpun enggak juga,neutral,3
sama sekali enggak arab lokal enggak peduli kok dengan cara berbusana orang lain banyak arab pendatang dan enggak semua berhijab orang asia dan bule bahkan bisa pakai tanktop dan celana pendek ke mall,anger,0
ra terima kasih banyak aku senang dengarnya wah sama sama suka jennie keren banget soalnya dia,happy,4
gue alasan kenapa enggak matcha hmm,neutral,3
lemes maszehh namanya juga emyu kadang bikin bahagia kadang juga kecewa bukan begitu,sad,2
bahaha dia ke kasir after me sambil ngangkat keresek belanjaanku masih sempat lihat mas nya nyodorin barang belanjaannya,happy,4
tetap semangat ya kak hani semoga papamu dapat karmanya secepatnya tetap rajin solat mengaji dan juga berdoa mumpung bulan ramadhan orang seperti kakak pasti doanya bakal secepatnya di kabulin sama allah amin yaallah username,sad,2
selamat pagi semangat olahraga,happy,4
bismillah hari ini aku sehat aku bahagia aku berkelimpahan aku menarik rezeki dengan mudah segala urusanku dilancarkan aku disadarkan dalam setiap ucapan serta tindakan dan aku dipertemukan dengan jodoh dan orang orang yang baik amin yaallah,happy,4
wehh enggak bisa begitu juga dong kalo pergantian begitu kan memang ada transisinya tapi hak nya kan tetap ssuai jobdes dong kamu puasa2 di dzalim begitu pukpukk senior junioritas itu,anger,0
pertama kali lihat secara langsung penampakan di tempat ini enggak akan pernah lupa seumur hidup ternyata sejarahnya memang mengerikan enggak heran orang yang enggak pernah lihat sebelumnya kayak akupun bisa lihat mencoba deh kesana gih,fear,1
plis ya gua tuh benci banget kalo sudah rapi tapi tiba tiba kebelet berak,fear,1
walah aku bantu pakai semangat,happy,4
karena yang komen julid begichu 1 juga pengin di dm sama sih pelaku 2 sudah pernah di dm dan hayuk hayuk saja diajak enak enak 3 otaknya kagak dipakai bayangkan saja anak ente yang kena begitu udalaah susah menanggapi otak isinya dengkul cebong,anger,0
username bersyukurlah pacar kamu masih cerita ke kamu itu artinya dia sayang sama kamu bikin pacar kamu senyaman mungkin sama kamu dengan cara kamu sendiri jangan cemburu buta,happy,4
oalah roomnya pakai mengira kenapa tbtb end,neutral,3
semangat terus ya kakkpastiin sudah sesuai si ke yang berlakuu good luck va,happy,4
iya tur iya jangan sombong lagi ya di lah mav kalau sudah sombong sama kamu tur bingung dari kemaren2,sad,2
kapooook enggak bakal gue mau ketemu kumpul sama sepupu bangsaaat anjrit penipu korup saja belagu sirik dengki anjiiing lo enggak lama lagi mampus lo lihat saja rumah cicil hasil nipu sampai kapan perlihatkan saja hahaha god never sleep,anger,0
sini ku tmnin mm enggak kalo,neutral,3
alhamdulillah jim kamu sudah sehat jangan lupa kasih kabar ke army ya,happy,4
bagiku juara posisi dimna mndtngkan untuk mkhlk sekitar juga smpai2 akan lahirnya cnth semut mmbrinya sbutir gula i,neutral,3
untuk manaa investment verification,neutral,3
username esbuah 5rb bolak balik gojek 20rb beli 4 es buah 20rb jadi 40rb worth itu lah asli daripada dikota yang jual ceban 1 saja sudah jarang parah wkwkwk,happy,4
selamat pagi sakit apa kak saya juga kurang enak badan nih,sad,2
username asli sih kemarin saingannya sama dota saja sudah puyeng capernya lah ini dese menambah pubg tiba tiba ngechat mengirim gambar peringkat doang keselnya diubun ubun,anger,0
seharusnya dan membuatmu tapi adalah bahwa kamu perbaiki,neutral,3
masih cs juga preloved buku dan pertanyaan mereka agak sih tapi kesini juga zaman sekarang barang palsu dengan penjual,neutral,3
yth dp bpip username sangat berat menyandang gelar pancasilais kalo saya berusaha jadi pancasilais itu baru oyeeee seseorang bisa disebut pancasilais bila dapat melaksanakan 36 butir nilai pancasila dengan benar dan mendekati sempurna,anger,0
mau aku dari kemarin mau mcflurry banget nder t t tapi mau yang biasa saja yang oreo t t aku enggak terlalu suka yang varian barunya kemanisan t t,happy,4
kabar baik banget ya hari ini jimin sudah negatif cvd terus keluar dari rumah sakit cuma tinggal masa pemulihan habis operasi doang habis itu jimin sudah bisa beraktivitas lagi kayak biasanya,happy,4
via dm kalo kamu follow akunku masalahnya enggak orang follow,neutral,3
1 gue tapi judulnya,neutral,3
dulu wa buat pacaran isinya foto-foto selfie dan aktivitas pacar penunjang ldr sekarang pacarnya hilang foto foto diganti sama foto pencitraan orang kerja di lapangan dan preview desain,sad,2
jangan bodoh enggak boleh kena umpan,anger,0
pengin dirumaah saja kak lagi sedih kucing aku barusan banget meninggal,sad,2
sempat ketika lo lulus dan gue masih di kelas 3 iya gue coba banget buat terpaksa suka sama orang sampai akhirnya jadian disakitin saat itu gue sudah lupa sama lo jujur fokus gue sudah ke mantan gue ini karena ya sudah sayang juga wkwk jadi gue galauin nih orang lumayan lama lah,sad,2
enggak ok saya dulu pengagum username sekarang enggak respek,anger,0
apa darenya kalo ada salah satu yang pergi yang satunya harus bisa bikin dia enggak pergi kalo nanti sudah enggak sayang lagi ya enggak mau tau harus bisa makin sayang sudah ya habis ini enggak usah main true sama dare lagi bahaya senang,fear,1
kalo benci sama,anger,0
ya sukurin saja biar enggak nyinyir nyebar fitnah biasa saja kali,anger,0
bissmillahirohmanirrohim sih ina padahal ina,neutral,3
bagaimana sih caranya biar bigwin cpk banget astaga enggak pernah menang sedih banget sebernya rada iri sama yang bisa bigwin,sad,2
anjir gue sakit tenggorokan enggak enak badan tulang linu jadi mikir kena cvd ngeri,fear,1
kok sedih banget,sad,2
pernah pacaran diputuskan karena doi mau istikamah konon katanya hijrah aku takut nereka kita pisah besoknya pasang foto gandengan sama cewek semoga tempatnya memang di neraka,anger,0
username kalo memang enggak sanggup lambaikan tangan ke camera saja bro nanti ada yang jemput pleaselah stop komen aneh-aneh tentang negara ini anda kan salah satu petugas pemerintah juga tho url,anger,0
saat sedang berbenah di situlah saat kamu koreksi sapa untuk hidupmu,neutral,3
lucu banget tetangga ngira aku punya baby karena tiap pagi suka gendongin kucing cium cium dia kira baby sampai dia bertanya babynya umur berapa mbak aku malah ketawa,happy,4
drama kemarin sore seharian puasa terus pas lagi mandi kaget bcz kedatangan tamu tak diundang pas banget woi pas lagi adzan maghrib terus jadi galau dong seharian itu dianggap sah puasa apa enggak kesal,fear,1
tapi paham kok saat delta teman2ku orang mereka di dibilang hoaks kita bersuara buktinya temanku rasakan kipi vaksin berubah pikiran kok merasakan dulu,neutral,3
jika hari ini hatimu tercabik2 dengan perbuatan oranglain maka bisa jadi itu cara allah meninggikanmu setelah dirimu melepas semua sombong dan akui khilafmu tak perlu memaafkan mereka tapi maafkan dulu diri sendiri,sad,2
gue pernah nih dapat cerita soal begini dari mulut anak cowok langsung yang dibeginikan tuh anak cewek yang kebetulan memang enggak terlalu di sukain sama anak kelas walau gue juga enggak suka sama nih cewek karena kelakuannya yang begitu tapi keterlaluan banget gue dengar ceritanya juga,anger,0
menonton film ini di cendana bareng pak harto sama bu tien dulu sih gue ya enggak kepikiran apa apa masih piyik apa yang dipikirkan cing atau pas menonton film ini sambil ya banyak cemilan tapi wqq url,happy,4
sakit memang melepas orang yang kita sayang namun jangan salah jauh lebih sakit kalau kita bertahan dengan orang yang salah ouw 3,sad,2
username mari kita marakkan ramadhan adalah bulannya milad al quran karena kita tidak tahu pasti kapan mulai turunnya wahyu yang dibawa oleh malaikat nya untuk disampaikan kepada nabi muhammad saw,happy,4
username username katanya bapak reformasi dan demokrasi di negeri kita ini tapi kenyataannya sebaliknya tidak mau mengakui kelebihan seseorang pemimpin macam apa itu tidak ada yang bisa diambil contoh dari nya kami sebagai generasi muda menolak,anger,0
thanks sudah speak up bang gua ngeri akun lu tiba-tiba kena petrus sedih,fear,1
terakhir dan mungkin bakal ada cerita unik lainnya kita provide pesan antar kita kasih special service yang dekat sama kita enggak usah bayar ongkir giliran ongkir gratis pesennya semena mena bolak balik nganter around 3 4 kali padahal yang pesan orgnya juga di divisi yang sama,anger,0
adoh mending belajar baca dolo deh sebelum komentar stat orang biar enggak salah arti tuh haha malu loh asal komentar tapi salah wkawka,anger,0
username min pengajuan reksa dana saya di setujui tanggal 28 05 kok enggak dapat voucher gift card cek email pun tidak ada url,anger,0
sore kak rica sudah makan kan di semangat terus ya kak senang,happy,4
partai merah ini kan ideologi dasarnya tidak mengakui adanya akherat masih sejalan dengan pancasila kah ya apa pak prof username mnjelaskannya sila pertama jelas tidak menyambung dengan partai merah url,anger,0
terbawa mimpinya aku sedih sama cewenya aku pengin lihat dia bahagia,sad,2
berita bangkai dan mereka makin exis dan deh kgk punya malu sama sekali keheed keheed jangan sampai anak cucu ane kayak begini najiiss,anger,0
malu maluin punya teman kayak lo idiot,anger,0
diluar sana nona nona lagi sibuk menyeleksi calon pendamping hidupnya dan lo masih berharap sama yang enggak pasti goblo kok sampai ke dna sih yagimanayak,sad,2
nak nih bodoh,neutral,3
username username ditunggu drama selanjutnya kalo perlu pakai jasa bocah yang masih polos orang lanjut usia fakir miskin plus adegan peluk dan tangisan,sad,2
malu bingitttsssss,fear,1
username jujur ya gue juga takut banci yang ngamen begitu sih pernah kejadian soalnya banci ngebegal seram banget kalo lahi marah marah sambil nodong piso,fear,1
memang benar ya orang baik pasti sama yang baik jahat ya sama yang jahat tukang selingkuh ya sama yang tukang selingkuh juga terus nikah sama-sama di selingkuhin jodoh itu cerminan diri makanya membanyaki mengaca,anger,0
kurg juga yedamtpi kok yedam masked nya begitu kalo jwoo entar dong,neutral,3
wkwkkw malu banget anjg bilang kangen kangen tapi enggak ada yang peduli,fear,1
kalo macet menyalahkan gubernur kak kim jong un gubernur begitu salahkan kenapa masih di jakarta salahkan kenapa menciptakan,neutral,3
jika kamu apalagi saat berbenah tak mengapa mereka tetapi dirimulah sedang memfilter siapakah orang orang,neutral,3
itu tolong onlen shop yang barangnya sudah soldout tapi masih dipajang tenggelamkan saja deh mengapai dagang kalo barang soldout ditanya kapan ready bilang kagak tau kzl saja gue kesal,anger,0
arghh emosi lihat bang ziel,anger,0
username oh begitu takut ada masalah soalnya takut didenda yang dikarenakan rasa ketidak tauan hahahaha satu lagi untuk pph cabang tetap dilapor dengan npwp cabang ya kan hanya ppn yang dipusatkan benar kan ya pph nya tetap lapor dengan npwp cab,fear,1
ngimpiin dira sama almarhum bapaknya kita mengobrol bareng ketawa tawa bertiga sambil minum susu jahe di sebuah angkringan senengnya terasa sampai sekarang damai banget,happy,4
lah ustad enggak teringat terus kami mendukung total masih dipenjara hari ini,neutral,3
hal yang paling gue benci dari sebuah proses adalah menunggu dan lebih menyakitkan adalah menunggu hasil di kala badan masih belum membaik capek banget tiap hari harus bergantung sama ibuprofen dan obat obat lainnya biar sakitnya berkurang,anger,0
sedih belum dapatin wl prio tapi sudah mau rest saja sedih,sad,2
takut banget kena polusi mau isoman dulu,fear,1
aku sangat sedih karena membayangkan nasib anak cucu kita kelak mengalami kesengsaraan yang amat karena kekayaan alamnya habis sementara dampak bekas kerusakan eko system harus diperbaiki plus hutang yang melangit,sad,2
askmf jadi aku ini punya ganglion ditangan dekat banget urat nadi sedih awalnya aku kira tulang kegeser eh pas cari tau digugel itu tumor ganglion aku jadi takut ada yang pernah kayak begini enggak mau tanya dong sedih,fear,1
ada sedikit penyesalan kenapa enggak dari awal saja gue suka mereka padahal gue sudah tau mereka tahun itu mereka booming banget tapi belum tertarik untuk suka suka exo 2021 nih itu pun ya gara-gara teman karena dia juga baru suka exo di 2020 dia selalu nunjukin gue ttng exo jadi gue cari tau juga,sad,2
abang gue takut tetiba ditelp sama pihak rs atau apa kali ya secara doctag gue cantumin nama no telp dia jadi kalo kenapa2 sama gue dia yang bakal di telp,fear,1
malu banget jatuh di parkiran,fear,1
bahagia melihat tanda2 kehidupan,happy,4
malu aku enggak lagi deh komen-komen di postingan yang war,fear,1
takut di photo tuh mak,fear,1
selain permen jahe yang kenyal2 itu aku juga suka permen sugus selalu nyetock permen sugus di kulkas paling suka sugus purple grape dari zaman masih tak sampai sekarang rasanya enggak berubah ngangenin,happy,4
semangat kali ya,happy,4
jadi bos tapi enggak punya problem solving kok jadi bagaimana begitu ya enggak tau akar masalahnya bagaimana jadi ya instan semua entar rusak lagi rusak lagi begitu saja teroos,anger,0
gm zamm congrats banyak betul lah tembak tak kena smlm hahaa badape wkwkwk,happy,4
aku yaqin pentagon shine bakal jadi lagu seribu umat juga wkwkwk tapi untuk saat ini ikon love scenario masih debessss sih hhhh dimana2 lagu itu anjerrr,happy,4
ibuku bilang kita menyisakan 1 butir akan kita genta kojima,neutral,3
jangan begitu nder gua juga suka keluar tengah malam terus foto kembang itu bagus banget soalnya pas lihat wkwk,happy,4
penyakit andalan dari jaman sama sampai sekarang pinggang encok antara salah tidur kurang minum air putih atau sudah tanggal hitung kalender saja,sad,2
memanjakan mata biar puas,happy,4
sarapan hari ini dengan seporsi mie instan untuk menemani setelah kepergian tanpa,neutral,3
kaget benar suka tetiba logout tapi enggak limit,fear,1
terus kalo bikin status itu menyindir orang enggak juga salah lu merasa kesindir biasanya aku mengomong dulu ke orangnya barulah bikin status biar tambah mengerti orangnya aku mah enggak suka menyindir orang yang enggak perlu dah misal kayak begini url,anger,0
memulai pagi dengan bismillah mari kita memulai ikhtiar kembali semangat pagi eeeaa,happy,4
dunia itu mirip bayangan badan jika kau kejar pasti ia menjauh namun jika kau menjauh maka ia tidak ada pilihan lain selain mengikutimu ibnu qayyim,sad,2
akhir akhir ini banyak orang pergi tanpa mengucap salam pergi ditinggalkan dan meninggalkan itu hal wajar karena hidup ini bukan seperti simpul yang sekali terikat maka akan terikat selamanya keabadian tidak ada di dunia yang sekarang mungkin di dunia selanjutnya,sad,2
kami takut pada yang tidak berwujud,fear,1
setelah semaleman enggak bisa tidur terus jam 3 minum obat lagi baru bisa tidur terus sekarang bangun tidur sudah cenghar lagi saja alhamdulillah demamnya cuma sehari,happy,4
tapi dari sartre banyak hal yang membuat saya harus sadar itu sih dan hal tersebut menjadi pr besar dalam hidup saya dan tidak dapat dipungkiri sartre sedikit banyaknya juga mempengaruhi pikiran saya tapi saya masih percaya tuhan kok,fear,1
seram juga nih kalo sering mati lampu begini ngeri saja pas lagi ditinggal keluarga ke jogja besok sendirian di rumah terus mati lampu jadi apa aku,fear,1
mau marah sayang update gua sudah tidur,anger,0
username lihat langsung sit gue sampai teriak mana gue lagi dikamar mandi kalo diinget2 seram banget memang waktu terus pas gue tidur juga pernah malem2 ada genderuw di depan kasur gue tuh gue sampai menangis karena dia enggak mau pergi2,fear,1
tapi bahaya juga sih cal kalau begitu amit-amit karena kepolosan sih ibu sieun kan disuruh motong hayam malah motong sapi goreng bala bala ge teu bisa,anger,0
kita nih janganlah especially nenek dulu masa bandingkan dan lebihkan makcik dan adik beradik teruk ayah tak sekaya dorg masa arwah atuk,neutral,3
scorpio sekalinya atau orang enggak teman berlaku bakal tapi sekalinya orang ngecewain bakal terus dan,neutral,3
kecewa ditambah malu-malui bisa ketahan sampai adu penalti dari team championship padahal 3 4 pemain inti yang main,sad,2
ya memang selangkangan sama otak situ saja yang ngeress ada juga yang katanya habib imam dsb juga melakukan chat sex dsb identitas agama tidak menjamin kamu tidak menyukai sex catcalling dsb meski sudah menikah yang melakukan penyimpangan sex juga banyak selingkuh,anger,0
makanya enggak fanatik politisi bro hingga obyektif rakyat bro politisi atau politisi mentingin pribadi golongannya,neutral,3
baru mengirim jayapura indonesia,neutral,3
enggak siapa-siapa sih adanya tl sih agency wkwk,neutral,3
keren ya jalan kemana mana sendiri mandiri banget keren ndasmu memang lagi enggak ada temannya saja kalo ada yang mau mah sekelurahan juga ayo saja,anger,0
happy birthday sarii username all the best sehat selalu sukses cita cinta semoga sari dan keluarga selalu dilindungi tuhan amin,happy,4
bukan lebih ke sangar sih kalo menurutku goblokk bin tolol di mengingatkan untuk kebaikan malah acuh,anger,0
berita baik hari ini alhamdulillah kim buka instagram lagi karena dulu belum sempat jadi soel pas dia punya akun amteun welcome back mr atau username also goodnite wangjanim username,happy,4
sabar sabar enggak boleh marah,anger,0
username gue iri sama lu yang bisa menunjukkan rasa sayang dengan tindakan apalah gue yang cuma bisa diam tapi enggak tahu mau mengapai untuk nunjukin rasa sayang gue ke mereke hehe senang,sad,2
meskipun raganya telah tiada tapi jujur salah satu orang yang bikin penasaran dalam hidup mas tyoo why karena enggak pernah lihat bung besar ini di televisi beda sama pak soeharto namun bendera merah putih yang selalu berkibar adalah salah satu bukti nyata perjuangan bung besar,happy,4
username kalau untuk barang elektronik begitu bagaimana kadang takut mau buang headset dan baterai ke tempat sampah soalnnya kan bahaya terus sama botol spray katanya bisa meledak di suhu yang tinggi,fear,1
astagah sifat humoris scorpio adalah sebuah topeng untuk menutupi semua luka hidupnya,sad,2
ramadhan udan masuk ke hari yang ke 20 tapi saya masih begini begini saja enggak ada perubahan padahal enggak tau tahun depan saya masih ada apa enggak buat ketemu sama ramadhan lagi,sad,2
bahkan ada dari tweet yang maksudnya supportive parahnya tuh enggak dibarengi dengan bertanya baik baik atau diskusi tapi langsung ngegas benar benar jadi ruang marah marah saja,anger,0
ini yang dicari bood mah jangan marah marah tapi healing hehe,anger,0
wkwk lul dasar dinda aku tadi lihat chatnya astaghfirullah kalo aku pas mau buka sudah degdegan waswas mengapai pagi2 kirim chat sebanyak itu,fear,1
sedih bny penulisan resep yang tidak baku sdm sdt ruas sejumput secukupnya even biji buah termasuk tidak baku sedih,sad,2
terlampau taksub pun susah ended up menampak macam orang bodoh,anger,0
sedih nya statement nih,sad,2
dia dulu suka gue ghosting karena sibuk fds sama belajar soalnya kelas 9 gue pelor banget alias jam 10 sudah tidur jam tidur gue dulu enggak seberantakkan itu jadi cepat tidurnya tapi nih anak sabaar anjir apa kena karma ya gue gagal move on banget sama yang sesabar dia sedih,sad,2
sedih banget denise leave,sad,2
centi banget bangsat,anger,0
enak ya yang punya kapel hfft kesal chrissy kapan coba punya kapel sedih,sad,2
bisa enggak sih situ sekali saja mikir sendiri kalo mau ngerjain tugas enggak usah sok bertanya lihat dong punyamu buat acuan saja aku mau ngerjain nih nanti tapi bingung tolong ya karena situ sudah keseringan kayak begitu jadi ku pasti tau dari awal itu cuman alibi,anger,0
tepuk semangat se sama ngat se sama ngat yeayy,happy,4
luar kelihatan tapi pikiran ku overthingking terus,neutral,3
kagaa kayaknya sedih banget,sad,2
semangat pagi bang salam dari madiun,happy,4
7 juli 2018 selamat datang di palembang antho morgante afs belgia dan lucia montini afs italia senang akhirnya bertemu kalian welcome tapi palembang,happy,4
somplak ya kak hahaha pengin tak unjukin sama orang kantor yang berusaha yakinkan aku soal flat earth ini baca alon alon ya mas,anger,0
mau merem bentar 30 menit malah jadi terbawa mimpi enggak enak sedih pol belum ikhlas banget ternyata,sad,2
gubernur cumut soale keledai bodoh malah akan memalukan diamkan entar juga jabatannya,neutral,3
memang emosi,anger,0
subsidi kak 300k tempatku steril,neutral,3
kali ini ku merasa cinta memaksaku untuk bicara haruskah ku menerima jika kenyataannya berbeda atau ku biarkan saja semua yang terjadi tetap seperti ini mungkinkah ku yang akan memilikinya,sad,2
nah kan banyak homophobic menyampah di lapak itu foto mana kebanyakan dari indonesia lagi mancing sih pakai aplod segala ujung2nya kan ada yang bawa-bawa gue dan dia kena hate bangsat memang yang nyuruh fanservice,anger,0
ge mriyang tapi kudu tetap kerja demi bisa bahagia dapat duit miris sedih,sad,2
kanye nih kenapa suka banget nyenggol yang lagi naik deh toxic anjing,anger,0
habis sahur sembahyang subuh balek tidur lagi bangun jam 6 30 dan sampai ruangan jam 7 kurang 5 menit sptinya saya harus mengapresiasi diri sendiri karena dpet mandi seragaman pakai bedak sama gincu dan berjalan dalam waktu 50 menit,happy,4
bila takde kerja sangat nih yang aku takut nih takut tktau nak update apa dsu esok,fear,1
2024 selama rezim kebal koruptor berbaju bansos,neutral,3
cowok yang berpenghasilan kecil tapi usaha sendiri itu jauh lebih patut di sukai di hargai dari yang berpenghasilan besar tapi lewat belakang,anger,0
kayaknya ini sudah lama banget gue enggak marah marah habis baca ff,anger,0
salah sangka yang menghasilkan sebuah kekecawaan kekecewaan yang pada dasarnya tak mempunyai alasan yang kuat namun saat semua situasi sudah kembali clear itu menjadi sesuatu yang lucu untuk diingat,sad,2
setuju pak username sama antisipasi kegiatan sotr juga pak yang belum lama terjadi justru berujung tawuran disertai aksi vandalisme demi terciptanya keamanan dan kenyamanan warga kasihan yang pulang kerja larut malam terlebih mendekati hari raya,fear,1
eummmm apa ya ketemu sama kamu kayanya enak,happy,4
tiba setiap orang begitulah kelihatannya mnjd ahl tentang islam dari presiden perdana menteri sastrawan picisan seolah semua siap memberikan kuliah tentang apa sbenarnya islam itu jika pengetahuan tersebut begitu mudh untuk diperoleh mjd sangat aneh bahwasanya opini yang sngat salah meluas,sad,2
gue punya facebook coba buka bem ternyata sama saja banyak virus adm wabahnya nyebar ini manusia bodoh perlu banyak didikan sampai urat malu putus kurang didikan,anger,0
kok suaranya aneh dan bikin merinding ya,fear,1
username no no no jangan begitu dongss tiap orang itu punya pesonanya masing-masing mungkin kamu menganggap dirimu tydack cantik tapi orang mengganggap kamu cantik dari sudut perspektif mereka cantik itu enggak mesti dari luar uwu,happy,4
budayakan mencari dan membaca sebelum bertanya ya sudah dijelaskan berkali2 kok selama enggak diatur enggak ada ketentuan khusus pakai saja,anger,0
sini bestie kak app prem pengin juga nih fast on pinned dm t netflix spotify wetv all of us are dead,neutral,3
punya trauma minum air galon mungkin gara-gara itu air galon kepapr sinar matahari secara langsung sebelum kebeli sama ibu mangkanya berubah rasa dan pas gue minum guenya langsung muntah,fear,1
ke spook di banner weapon hiks tapi paling entar 10x pull di engulf,neutral,3
hshshhs aku terharu aa terima kasih kak cinn sayang banget deh sama kak cin pokoknya sure tata enggak akan berubahhhhhh be happy juga kak cinn ku tersayangg jaga kesehatan selalu ya jangan terlalu sedih get well soon ya kak cin masih sakit tenggorokan,happy,4
suka banget dan suka telat memang wkkw yang tau lagu ini notabenenya pas di konser maaf ku karbitan otw bucin huhuhu menangis dompet saya url,happy,4
takut enggak bisa memerankan bapak min yoongi dengan baique karena yoongi itu kayak diam diam begitu kan nah gue rada petakilan sama takut kalo disuruh show off ke savage an nya tuh gue enggak sampai begitu,fear,1
semangat dungs pc merchku belum datang jadi harus tetap semangat,happy,4
berani untuk nyuru jokowi atau kesuatu kerumunan mereka padahal orang,neutral,3
semoga baikpun ke kamu akutuh pengin apply fs kok bakor ku belum fasih dan bakal kalo hadapan nana tapi kalo untuk konser masih bisa diusahakan,neutral,3
jadi malu terima kasih,fear,1
congratulation selamat ya adik cewek ke2 atas kelahiran putrinya yang ke3 gue sebagai kakak turut suka cita bersyukur senang sudah diberikan keselamatan allah swt dalam prosesing persalinan putri ke3 nya semalam kakak berdoa semoga putri ke3 nya menjadi putri yang shalihah url,happy,4
mau tidur tapi takut kebablasan,fear,1
protes warga yang tak terima anaknya diterima masuk ke sama negeri bukan karena kualitas sekolah negeri lebih baik atau bisa membuat anak-anaknya sukses tapi karena biayanya yang lebih murah ini benar-benar zaman sulit,sad,2
our time deh best banget sih gue rewatch berapa kali tetap saja menangis menangis mana ost nya juga enak lagi,happy,4
enggak kok ini harusnya,neutral,3
senin 31 januari sejak ia perawatan dan tes negatif sebelum jimin gejala luar selama di tenggorokan saat ke,neutral,3
iya kalo begitu win makanya dibiasain deh,neutral,3
gue bilang juga apa kebaca benerrr kelakuan lo,anger,0
takut tergoda membeli pc lain,fear,1
mbesuk yen kowe uwis krungu kabarku ngapuranen wis ngarepke kowe,neutral,3
jika seseorang meledekmu bilang padanya kamu,neutral,3
kasihan nih orang istilah anak kolong saja enggak tau bisanya main medsos tapi malas membaca bego banget,anger,0
kalo lauren layne samantha chase ngobrol2,neutral,3
mengistirhatkan badan itu penting tapi saat hendak istirahat teringat akan tugas yang tak kunjung kelar akhirnya bangun duduk depan laptop mendengarkan radio tinggal menulis nya saja mikir kemana mana ya begitulah,fear,1
120 150 nder nya,neutral,3
semangat bebebkuu,happy,4
sebel banget sama pak sekdes ribuuuut meminta dikirimi foto batik pas sudah dikirim malah enggak dibuka 3 2 1 malas banget mau buka 47 chat yang lain terlalu banyak url,anger,0
pc ternyata 113 otw ke ina maybe untuk ukuran kolektor paling ini digabung pc cuman paling sekitar 20 pc sih,neutral,3
a trivia im being deadass gue enggak pernah dugem wkwk takut ngebungkus laki orang,fear,1
baru kali ini merasa sukarela nyebarin kegiatan yang disukai dan bermanfaat juga tanpa diminta nyebarin pun pasti bakal disebar mulai dari sekarang mari bersepeda url,happy,4
dari awal gasuka karakternya nu kenapa dia bisa seserakah itu dan bodoh banget segitu butanya this is why i called him a jerk,anger,0
tak payah untuk setiap adalah pembalasan,neutral,3
tambah ngeri saja nih,fear,1
kamu kalau jadi cewek jangan kepo kenapa ah dweilah apansi ha apan o cukup,anger,0
apalagi edukasi seks orang orang paham bagaimana memperlakukan seks dan akibat2nya selama ini orang orang ke bayak seks dst si not even the point,neutral,3
gua naik angkot isinya cowok semua anjir malu banget,fear,1
kita hadapi akan memberikan dan terus menerus adalah bagaimana kita menghadapinya dengan menggunakan pikiran dan emosional emosional dan akan merusak kita,neutral,3
pelan pelan bisa,neutral,3
ppp baru opress app prem nih masih prosesnya bisa start 500p mengadakan event juga intip pl rep,neutral,3
jengkel banget sama call centernya buru2 banget closing nya padahal masalah belum kelar parah oia kan sicepat namanya,anger,0
begini kalo negara yang ngelola amatiran usulan siapa yang nanggung siapa gue rasa surabaya bukan daerah miskin hanya saja walikota nya berpikir rasional url,sad,2
jadi ingat waktu kecil pas awal belajar sepeda awalnya dipegangin dari belakang eh perlahan akhirnya dilepas dan bisa mengayuh sepeda sendiri bisa sendiri sampai detik ini hehe,happy,4
32 setibanya jerman di studio syuting berjalan aconh zema jerman insting beres syuting tiba-tiba a ze gue break dulu nih syuting gue ke balia jerman saida,neutral,3
jadi rayyan positif guys sebagai tante yang lemah ini enggak bisa banget dengar berita keponakannya sakit hh sedih banget enggak bisa bantu nemenin anaknya belum bangun jadi belum dikasi tau aa gatega,sad,2
kan masih ini tapi pasar deh nya,neutral,3
sedih tangan ayang buntung,sad,2
hahaha memang benar sih kamu maksiat terus p,happy,4
pagi dunia hari ini aku enggak boleh sedih harus semangats,happy,4
waktu kecil suka banget ngomongi masa depan ke teman teman eh sudah gede malah suka mengomongkan teman ngakaakk,happy,4
lagi pusing tapi kalo dapat dana kaget 100 hilang nih pusingnya,fear,1
dari subuh sudah enggak mood pas main ml pun jadi emosi an,anger,0
kalo lagi sering banget interaksi sama orang rasanya pengin banget ngurung diri sendirian di kamar terus hanyut dalam khayalan tapi kalo sudah kelamaan sendirian di kamar kok jadi merasa sendirian dan enggak punya teman,sad,2
berani kok kalo gue lagi stres banyak masalah mesti rewatch biar merasai juga sedih dan capenya mereka enggak cuma gue doang yang menderita wkwk,sad,2
gemini plin plan banget suka banget ngerubah rencana seenaknya mana orgnya enggak jls,anger,0
bagus tindakan yang sangat hebat sebentar lagi tunjangan hakim jaksa dan pensiunan naik 300 yang wiraswasta silakan gigit jari hambur2kan utang duit tapi mencari dukungan jokowi tunjangan kinerja tni polri naik 70 persen cair juli url,anger,0
debut 20 tahun boa sebut pertama kali lakukan hal ini member the beat bikin karina aespa dan taeyeon snsd,neutral,3
mau marah banget anjingg ini dari kemarin mau mengeluarkan kecoa 1 susah banget kabur mulu,anger,0
banguna livescore manu,neutral,3
sampai gapaham apa salah aespa ke bts sampai fan bts alias army suka banget ngehate aespa kayak yaampun fandom idol umur 7 tahun lebih hobi banget ngrusuh fandom idol yang baru umur setahun kenapa ya army2 ini toxic banget terutama western non asian army asli sih rese banget,anger,0
hahaha lucu sih diunfoll mantan yang acc nya sudah enggak pernah aktif 2thn yang lalu pas aktif lagi gue diunfol amp makin terdengar suara untuk kebenaran semakin bagus kalau benar tapi kalah keras sama yang salah itu yang harus diatasi url,happy,4
takut banget sama kecoa amit amit tuh makhluk harus musnah dari bumi woi satu sva pun tau saya takut kecoa heran 3 saya gen 19 moroi pernah jadi press moroi orang bilang saya nista orang bilang saya bullyable sampai pas kas hov di lempar ke atas,fear,1
bila akhirnya bahagiaku bukan bersamamu aku selalu berharap bahagia kamu adalah ssat bersamaku,happy,4
lagi mengoceh soal artis xx yang di follow masku ya mengoceh dikit teman kerja gue komentar haha kasihan ya lu beli tiket mahal cuma salaman kagak di folbek i was like pfftt malas mengobrol sama orang gblk memang,anger,0
enggak sesusah tapi m1p1 kok benaran bacaannya juga pendek2 tapi begitu tka ac enggak kerasa mana kendaraan luar klik2 mouse kresek2 kebelet,neutral,3
petai cina ampuh turunkan gula nah kali ini mintani petai cina ngacung mintani dengan ini sih petai cina ini kita infografis berikut,neutral,3
lorenzo sudah cukup puas bisa melakukan sesuatu yang rossi enggak bisa yaitu juara bersama ducati tahun depan ke honda untuk bisa juara di 3 pabrikan syukur2 bisa juara dunia lagi,happy,4
alhamdulillah happy makin aktif nak,happy,4
username malam pak tadi di sekitaran flyover tanjung barat arah ragunan ada segerombolan anak muda sepertinya mau sotr pak mohon di tindak pak terimakasih,fear,1
ini enak semriwing,happy,4
turut berdukacita atas korban gempa bumi di lombok semoga tuhan senantiasa berikan yang terbaik cc username url,sad,2
orang yang gagal di masa laluny berarti orang itu paling di benci allah itu hanya prabocor karena otakny juga bocor bocor bocor pengikutny apa lagi otakny moter2 username username username,anger,0
begitu tersadar bahwa kita menceritakan mereka bagaikan mantan pacar kita tertawa menggerutu bersama sebab mereka hanyalah sebatas mantan calon pacar,sad,2
jarta sama ael pagi pagi sudah bikin emosi anjing,anger,0
username selamat pagi min kan saya sudah test terus ada tulisan selesai tapi ada lingkaran loading terus di kiri atas itu bagaimana ya min apa sudah tersimpan hasil test saya terima kasih sebelumnya url,fear,1
gue buat story di ig ada tulisan stay with me sambil pegangan tangan baaahhhh enggak lama kemudian cocot netizen berbondong menyerbu diriku dan mengata mengatai seakan tau segalanya,anger,0
sial haha daripada kamu galau we hehe kamu memang sudah dari sananya stres div,sad,2
kak kendalanya telah menggunakan anteraja kak apabila kendala untuk kami kak wh,neutral,3
bangsat gue kayak orang gila ngegalauin cowok orang,anger,0
betul orang cakap kalau tak bodoh bukan bn namanya,anger,0
asli asli tolol banget gue yaampun,anger,0
genius kang taehyun happy birthday anak lanang sehat terus jangan sakit kalo sakit aku marah kangen tyunn sulap juga pengin tyunn ada konten masak terus upload di yt begitu,anger,0
bisa enggak sih ego lu di kurangi dikit gue enggak bisa kalo begini terus minimal sampai pekerjaan ini kelar saja habis itu lu slamanya enggak mau ketemu gue juga gapapa,anger,0
brother of the year,neutral,3
iya kamu laki laki sang pengambil keputusan tapi kan aku juga ingin dianggap diajak berdiskusi dimintai pendapat diajak mencari jalan keluar atau sekadar ditenangkan kecemasannya aku ini ada jangan hidup sendiri username,sad,2
hapy weding sri rori menjadi keluarga kecil di dalam tuhan god bles us,happy,4
tlku moots baru,neutral,3
apabila kita memiliki maka kita akan dan,neutral,3
morning ninyan awak juga,neutral,3
kok sih drummer ini lucu sih mukanya kayak tengil tapi menggemaskan terus mulai dibiasin sereceh itu gue punya bias,happy,4
sumpah sih makin marah dan kecewa sama daddy,anger,0
suka heran sama ukhti yang hobi menyindir dan mengurusi hidup orang lain apalagi mengomentari hidup orang bawa bawa visi misi bersama tolong profesyenel dong urusan pribadi sama urusan forum tyda usah dicampur adukkan,anger,0
apakabar ku apakah baik baik saja tidak aku sedang tidak baik fikiranku sedang tak menentu,sad,2
apa suhada cy cleaning yard di pt duduk manis digenggamnya teh pucuk dia bilang begini tuhan juga tau pekerjaan gua bagaimana ya allah mengakak banget,happy,4
masih pretest praktikum maka ipsemester ipk target2 kantor kalo piinis iku skp kalo dusen bkd masih lainnya,neutral,3
semangatnya cuman beberapa jam saja wkwkkw happy taehyun day 21,happy,4
bahagia adalah kecewa yang sudah lewat senang,sad,2
tidur gua kenapa enggak bisa tenang sih ya gua tau setiap hari harus bangun pagi tapi setidaknya kasih waktu buat ngumpulin nyawa dulu kayak kepala gua suka tbtb pusing harus langsung gerak bantuin ini dan itu ya tapi enggak apa-apa sih sudah biasa juga mana kalo lagi tidur kadang suka diajak mengobrol,fear,1
semangat tetap sehatt,happy,4
pengennya menangis tapi enggak bisa mengeluarkan air mata entah dari pagi pengennya senyum jadi sampai terbawa ke hati siang siang di begitukan tetap rasanya enteng,happy,4
pinjem duit di leasing giliran ditagih marah ke penagih bayar listrik nunggak giliran petugas pln cabut fasilitas listrik eh petugas pln malah dikeroyok pesan barang cod enggak sesuai ekspektasi malah kurir yang disuruh bayar wow luar biasa,anger,0
username username username sengaja dibuat polemik hanya untuk kepentingan politik semata dijadikan bahan lelucon padahal ini masalah agama stop polemik islam nusantara,anger,0
kita kedepannya hp ku masih,neutral,3
ia namun kita juga label sekedar permainan namun fakta-fakta kit sadari saat ini arahnya kemana,neutral,3
spotify famplan famplan 1 8k 2 12k 3 16k ppj 1k famplan antibackfree 1 18k 2 23k all e wallet wa orang dm kak,neutral,3
alhamdulillah bahagia rasanya ramadhan ini bisa menjembatani syeh2 dari palestina untuk hadir di beberapa masjid di pelalawan pada hari waktu dan tempat yang berbeda url,happy,4
demi ya begitu saja sudah enak bangeets,happy,4
sehat selalu panjang umur amin,happy,4
brasil kandidat kuat juara 2014 tapi dihajar jerman 1 7 selain neymar yang absen sehingga daya serang turun thiago silva juga absen sisanya david luiz dimana dia enggak dibawa cuma 4 orang pemain yang main di 2014 masih dibawa ke rusia kunci di neymar yang haus gelar,anger,0
ustad radikal ya radikal tambah lagi disuap itu maunya dia terbukti 1t rizik cabul dapat setelah kerahkan 212 yang tolol sekarang pendukungnya cuma bisa gigit jari dibodohi imam cabul kabur ke arab makan tuh janji sorga url,anger,0
makanya tutup aurat mu kalo enggak mau di lecehkan anda memakai wangi wangian saja bila tercium laki laki sekitar saja anda sudah menanggung dosa,anger,0
yuk bagi sobat pandai yang lagi jomblo ldr atau jauh dari yang terkasih jangan khawatir bisa banget ikut coaching clinic yang membahas informasi terkait dengan tugas belajar dan izin belajar ini ehe untuk mendaftar sobat pandai bisa cek di ideas ya,happy,4
takut kelewat magrib jam 5 nyiapin buka masak beli atau cari tempat buka pasca buka leyeh leyeh atau ngopi sc1 punya vietnam kopi terenak imho pulang jam 11 sudah ngantukk banget goler tapi tak tidur sosmed muter yt twitter 9gag pubg sampai jam 02 sampai bangun set 4,fear,1
pastinya dong semangat ya feminis muda belajar ict nya olvyt,happy,4
ngeri ekspedisi apa yang aman sekarang,fear,1
be mine iphone 12 my dream shopee jangan ragu untuk pilih aku sebagai pemenang nya ya aku akan menjaga nya dengan sangat baik,happy,4
semangat ngantornyaa,happy,4
pulang kerja jalan ke gi makan jalan mengobrol ketawa tawa pulang malam tapi memilih buat nongkrong lagi di parkiran pom bensin samping sency lanjut mengobrol ketawa tawa staring at each other lalu dicium kening lalu pamit pulang sungguh kebahagiaan itu sangat sederhana,happy,4
lo yang menganggap poligami adalah solusi dari perzinaan oiya dan enggak semua laki-laki mau poligami juga poligami enggak gampang banyak orang yang benci poligami karena manusia2 kayak lo ingat ya tanggung jawab poligami itu berat,anger,0
dan satu sih yang pentiiiing banget bukan gue sok beragama baik ya tapi kalo modal bisnis sudah dari riba mening jangan coba2 yakin dan pasti bakal habis bis tak bersisa gue sudah ngalamin sendiri benar-benar plek allah kasih bukti sesuai firman dan sunnah rasul,fear,1
happy birthday tapi us username and happy 6th anniv wkwkwk bentar lagi kita putus huhu aku harus cari pacar baru 3 url,happy,4
waa enak tuh semoga libur mu bahagia ya,happy,4
ngeri euy,fear,1
dan ketika kamu enggak akan dan berlebihan semangatttsss,neutral,3
aku tau didepan mungkin akan ada badai besar bhkan bisa melenyapkan apa saja tapi seperti yang ku yakini salama ini yaitu ketidakmungkinan yang selalu aku semogakan,sad,2
ada saat kita akan kembali pulang lalu meninggalkan semuanya kemudian melupakan segalanya dan hawa hawanya sepertinya sudah mulai terasa freet freet kamfreett nada pesan berbunyi ada sms masuk,sad,2
username username dari klarifikasi ustadz zulkifli sama ali memang hadits2 tentang hari akhir kebanyakan dhaif terutama yang tentang umur umat islam tapi jangan dianggap remeh kalo saya lebih baik kita bersiap dari sekarang perbanyak amal sholeh smkn ke depan smkn sulit berda,fear,1
semangat ya banyak penyesalan yang sudah terjadi harusnya pada saat ini gaperlu disesali yuk bisa yuk buat nata lagi hal hal yang lebih baik,happy,4
username namanya juga kerja a kesal harus profesional kalo enggak profesional mau makan apa neng cinta enggak kenyang neng lebih suka makan daging apalagi yang bakarnya aa,anger,0
begitu juga enggak kah didiamkan dan dibawa untuk aktifitas bisa akhir pekan ayuning,neutral,3
enggak jadi include kemang karena yang dp enggak jelas php doang tapi besok fix include blokm masih ada 2slot kosong username username username username,sad,2
salam melv semangat skripsiannya lu sekarang skripsiannya buat diri lu sendiri saja cukup kalau orang tua enggak nganggep apa apa mah tapi masih dikasih uang jajan kan,happy,4
btw ya benaran ngeri sih olx sekarang ladang penipu barusan pajang barang dan lgsng ada 2 orang tanya yang 1 meminta cod tapi maksa banget yang 1 meminta mandiri e cash,fear,1
username username mending ngusut masalah teroris demi pertahanan dan perdamaian nkri etdah pak enggak usah bawa-bawa aparat hukum buat kepentingan politik situ kenapa btw sesekali nunjukin komentar yang pantas sebagai alumni ui pak biar enggak dipertanyakan khalayak,anger,0
tapi walopun doi buka sekolah isi video ignya tuh pengetahuan buat modelling semua wonder hasn t she think about all the pro model that could look into her profile instead and stole all the knowledge memang beda lah ya kalo orang humble,happy,4
aku suka begitu nder kalo habis pakai makeup dan aku kecewa kalo sampai putus kotorannya sensasi gelinya gadapet,sad,2
full cream cashew enak banget marie oke lah pengin mencoba matcha,happy,4
sengaja dibiarkan soalnya takut melanggar ham,fear,1
ada yang salah besar di klub kalo tiap musim tidak mampu jadi penantang gelar di tiap kompetisi kecewa setelah kecewa karena klub ini sekarang klub pnh drama bukan soal prestasi lagi musim ini semua kejadian enggak enak terjadi di kandang jadi bahan olok2 bahkan untuk pihak yang enggak bahasa bola,sad,2
sebelum dengan homebase dll mas daripada terlihat bodoh contoh persija jakarta sleman yogjakarta apakah keduanya pernah bermain di rumahnya,neutral,3
sumpahya melihat blekping jadi pengin punya rambut panjang lagi hikz sedih tapi sampai kapanpun rambut panjang gue enggak bakalan kayak mereka heeeft url,sad,2
username username username tidak disemua tempat kita boleh melaksanakan sholat salah satunya di bangunan yang didirikan untuk kekafiran salah satunya gereja aku berlindung kepada allaah swt dari godaan setan yang terkutuk https,fear,1
sih tolol lupa membawa seperangkat alat mandi senang,anger,0
bloon mana ada yang mau kalah memang bego anjing kntl,anger,0
5f orang mbak jika lak berhenti atau,neutral,3
anda ingin merasakan cinta terindah ketahuilah tiada cinta lebih indah dari cinta pada kekasih sayyidina muhammad saw saat bibir anda bershalawat pada beliau lalu hatipun bergetar terpapar cinta tak bertepi sang nabi pada kita tulus suci tak lekang sampai kiamat,fear,1
mudik kali ini bawaan lumayan banyak karena banyak baju yang dulu beli di cirebon harus dibawa pulang karena sekarang sudah enggak muat di badan lol,sad,2
tapi gaperlu pura-pura kalo kita pura-pura apalagi kalo berlebihan kalo enggak bisa nanya2 kesukaan mereka mereka juga sih ditanya begitu,neutral,3
tapi lu juga atau orang loh lu sadarin juga enggak orang lu dan orang kehidupan lu juga enggak selalu lu bagaimana orgnya setiap individu memiliki karakter,neutral,3
cerita horor ku malam ini huehehe jadi aku ingin bobo jadi aku mandi biar dingin selimutan langsung bobo deh begitu sudah mandi nih aku semprot muka kan pakai air mawar,fear,1
enggak mau emosi tahan tahan,anger,0
kita dipertemukan oleh dan dipisahkan,neutral,3
kalo toh akan di bela nya,neutral,3
username username username ya kalau ada bukti kuat percobaan untuk makar atau menggulingkan pemerintahan yang sah maka siapapun bisa di proses hukum,fear,1
username username ini baru yang katanya heboh bagaimana gaberner n wklnya bagaimana tuh kok enggak dibenerin memangnya zaman kolonial rusaklah negara eson,anger,0
semangat cari duitnya,happy,4
iyo rebahan cuy mbi ndelok udan,neutral,3
dulu nisanya masih cimit cimit enggak mengerti arti effort tapi sekarang klean semuah membuatkuh bangga apalagi yang baru baru pada lulus sekarang pengin banget disembur satu satu pakai jampe jampe buat selalu terjaga semangat berjuang ditengah badai2 kehidupan nantinya,happy,4
infp di hal sih,neutral,3
username semoga jasa beliau yang sangat besar bagi indonesia masih tetap dikenang dan mengalir untuk generasi penerus bangsa amin,happy,4
yanng laki mokondo,neutral,3
semangat mas,happy,4
kali enggak gess padahal niatku belikin mereka ikan udang dll lauk mereka tapi di begitu masih belum disitu,neutral,3
haha enggak sih kalo ditanya kapan nikah sih aku bakal jawab ya nanti dulu om tante bude pakde mas mbak baru kerja juga kok ya mau nabung dulu nyiapin bekal buat berkeluarga dulu hehe,happy,4
barusan diejek anak anak ig katanya twitter sudah ketinggalan zaman jokes nya banyak copas di instagram lebih orisinal katanya lah enggak tau dia kalau di twitter kebanyakan user nya lebih dewasa dan kontennya lebih bagus daripada di instagram,anger,0
oh mengira begitu sih tapi amis,neutral,3
keresahan yang terus mencari pelabuhan dan pemuas keresahan yang terdalam akan seniman agung semoga segera mendapat pencerahan yang sejati,sad,2
eh tiba tiba sih a ini masuk jadi kelompok aku aku yang memang agak punya dendam maaf ya allah kayak dih apasih sudah mah dia bawa kating tanpa mengasih tau ke aku dan teman aku t lagi,anger,0
syi ah pekai maka nya kenapa mereka begitu dan,neutral,3
laptopnya kaget itu,fear,1
sudah thr an kan coba sekali-kali kalo lagi makin warung biasa not resto yang biasa tip ketemu pelayan nya tua n kelihatan kasihan kamu selipin 100rb kamu lihat reaksinya akan luarbiasa dan perasaanmu pun bahagia super sekali 100rb enggak akan bikij kita miskin tapi berarti banyak untuk mereka,happy,4
sudah enggak sabar menunggu perhelatan solo sedang bersiap menerima kedatangan lebih dari 50 kelompok gamelan dari dalam luar negeri dalam pergelaran igf 2018 yang diadakan 9 16 agustus 2018,happy,4
kemarin sedih sedihan hariini bahagia ya,happy,4
takut ditabok,fear,1
semangat akakk,happy,4
lo mau mengatai gue bencong apa lah terserah lo yang pasti gue enggak merasa gue bencong lo lupa yang sudah ngewe sama gue giliran gue enggak ngeladenin lo lagi lo bilang bencong ehmmmm kasihan banget hidup lo,anger,0
bahkan gue pernah suatu hari memakai gamis panjang kerudung panjang dan di dalem krl gerbong campuran masih saja ditatap lama diliatin bahkan ada cowok yang bertanya mau pulang kemana neng rumah dimana sendirian saja enggak cuma satu cowoknya plus teman-temannya juga ngeledek2in,anger,0
enggak punya ayang sedih jadi fan man utd sedih sedih,sad,2
bisa dibungkus plastik begitu dijaga suhunya kalo halamannya memakai ziplock pakai plastik kalo bisa dikurangin kuningnya dengan cara diamplas pelan plan,neutral,3
sedih banget banget ah bias gue denise,sad,2
alhamdulillah hari ini masih diberikan kesehatan dan kesempatan untuk mengukir sebuah kenangan agar kisah hidup kita semakin hari bijak bersedia sosial dengan dukungan koneksi internet yang lancar url,happy,4
pagi saya sudah di sambut tangis bunda,sad,2
orang sulit mengontrol akhirnya sekarang sulit,neutral,3
the whole local thingy discussion ini kepikiran kalo seungmin tuh smandel nak ips ketos lomba atau olim selalu 5s tiap dispen perwakilan di menteng kawasan perumahan atau apartemen,neutral,3
smile and sayang alhamdulillah terima kasihlah pada mereka yang telah membantu transformasi untuk menjadi the best of you dengan semangat membara amarahnya,happy,4
namun untukku itu hal tabu dan enggak baik untuk di lakukan apalagi dada itu aurat nya cewek hal sensitif nya cewek meskipun masih kecil itu enggak bisa di lakukan kalo dilakukan terus menerus lama-lama jadi biasa bagi yang melakukan dan bakal di bawa sampai dewasa sumpah itu ngeri,fear,1
selalu bahagia dikelilingi orang-orang baik orangtua yang baik keluarga yang baik pasangan yang baik teman yang baik ternyata ada nikmat lain yang lebih indah dibandingkan materi yaitu dikelilingi oleh orang baik terimakasih banyak yang maha baik,happy,4
pasti mereka terdidik punya budaya malu tapi kalau perkara kelahi di kandang lawan atau di kandang macan itu sudah naluri sudah dari nenek moyang n,anger,0
rangorang sibuk memikirkan nastar saya masih memikirkan bagaimana ini needle automatic microneedlingnya belum datang apparently im sok behind at kultur lebaran as if eating nastar is religous moment,sad,2
ghost doctor all of us are dead our beloved summer aouad bikin serunya,neutral,3
nape nk dengar cakap orang commitment you diorang settle kan ke i tanye je kalau nk puas hati manusia memang tak you sebab manusia sifat dia tak pernah puas,happy,4
lagi mengobrol sama kita dek doain mamah ya dek supaya bisa blablabla dek kita bantu doa ya manggut manggut senyum tulus banget mukanya meski enggak mengerti apa yang dimaksud tapi tiap bilang doain ya dek dia pasti senyum smbl peluk,happy,4
masih pagi makannya begini padahal baru beres sikat gigi perut jadi kembung karena minum air hampr 500ml kalo diingat ingat kemarin enggak makin berat samsek pagi makin roti diskul makin kue sama puding pulsek enggak ada cuma tidur stres banget menguras emosi tidur tapi kayak tidak tidur,anger,0
honestly penumpang2 kapal manapun selalu menakutkan buat aku bahkan penumpang kapal yang di dp ku paling takut sama penumpang kapal itu sih makanya aku ogah main ke tag sana ehe horror,fear,1
hh benci banget sama akgae akun yang suka bahas 1 member saja terus suka berantem sama akun lain sudah aku bub berantem begitu lama lama bakal saling menjelekkan member lain terus berubah jadi akgae aku maless mutualan sama ornag kayak begitu,anger,0
buka puasa makan mujigae porsi berat alias segambreng balik dari mujigae makan ayam geprek nasi barusan saja makan mie rebus woiii semenjak puasa porsi makanqu tidaq terkontrol dengan baiq,sad,2
untuk comeback kemarin dan adanya hiatus hiatus untuk mempersiapkan hati lockey biar tidak luka iya tidak ada luka tapi sakitnya tetap ada thanks buat member yang lain telah melewati ini pasti mereka sedih dan sakit juga sudah sampi di sini saja aku mau lanjut menangis,sad,2
sampai kadang berpikir tuhan enggak adil aku seharusnya yang berada disana pemikiran seperti ini yang membuat kita sulit mengikhlaskan sesuatu namun aku sadar bahwa pemikiran seperti ini keliru apakah orang yang berada ditempat itu tidak berjuang dengan keras,sad,2
kadrun pintar pengikut kalangan publik bodoh,neutral,3
orang pikirannya negatif doanh tapi,neutral,3
username sudah mau lewat pejaten villagenya saja eh mobil mobil masuk mall nya itu ternyata ribet dan mengantri mengular sampai macetnya numpuk sialan,anger,0
mereka mereka kerjaannya nongkrong tiap hari buka diluar tiap hari sekalinya di kasih acar buat semuanya termasuk mereka mereka di kasih yang worth itu dengan budget segitu malah enggak mau dengan beribu alesan mereka dan akhirnya gajadi puki,anger,0
karena saya kesal di detik2 terakhir masih ada saja yang jadi,anger,0
gampang nanti ta pancing pakai tambang timba tapi jangan dalam dalam takut enggak sampai,fear,1
besoknya mamak telpon kemarin bapakmu bandel kali sudah hujan lebat maksa diri buat ke kota katanya ada rapat penting yang enggak boleh tinggal sudah demam kayak begini baru tau rasa dia aaah ya allah,sad,2
alhamdulillah kagak jadi malu,happy,4
otak koruptor jelas tidak mungkin berpikir seperti itu karena koruptor itu adalah orang yang sudah gila harta mana ada orang gila bisa berpikir positif,anger,0
enggak enak body,sad,2
malu woiiiiiiiii,fear,1
gue lagi nangisin cowok fiksi tiba tiba abang gue datang deh sholat belum lu gue antara takut di marahin karena belum sholat dan malu karena menangis buat mata gue sembab,fear,1
aku masih pakai se kamu mah ah sudahlah aku malu,fear,1
aku menyadari bahwa kadang kita sulit ikhlas ketika kita benar benar yakin kita seharusnya yang mendapatkannya kita benar benar sudah berusaha maksimal dan merasa lebih baik dari orang lain yang berhasil mendapatkannya,sad,2
enggak gi rasanya enggak tapi juga enggak,neutral,3
username iya lagi banyak film action nih kemarin setelah pengabdi setan banyak tuh film horror kesel tiap kali lihat trailernya sebelum film mulai bikin takut kan ku kalo menonton sering malam jadi suka parno wkwkwkwkwk,fear,1
seakan akan apa apanya tuh nikah nikah nikah nikah nikah nikah nikah nikah nikah hmmmmm di kepala kalian isinya cuma nikah ngapa ya dikira nikah gampang apa,anger,0
nah ini dia aku dari awal melihat step 424 juga sudah heran gelas saja kalo dicelup ke air panas sama air dingin bergantian bisa pecah bagaimana kulit wajah sudah ngeri duluan jadi aku enggak pernah mencoba 424 ini,fear,1
2x suka seseorang dan orang itu suka orang lain berturut turut sedih amat hidup saya sedih,sad,2
om gabung ke densus88 dong daftar saja sebagai penjinak bom daripada mabok lem kan mendingan kerja nyata buat keamanan bangsa url,happy,4
bukan gue yang enggak mau ikut bukber tapi dompet yang protes bukber mulu lu gue enggak di isi isi dompet gendutin badan lu kurusin jangan kebalik oke sip besok ku lembur baghai qhuda,sad,2
kawan on time budaya kita begitu kalo enggak ontime ontime,neutral,3
liga bangkai memang ini liga indonesia alesan banyak orang dibalik layar banyak yang mementingkan kepentingan pribadi yaudah nikmati saja toh paling enggak ada imbasnya ke timnas kalau liga begini begini terus,anger,0
memang dasar nya pada tolol semua yang komen begitu,anger,0
nih nhapa sepi amat deh ngeri,fear,1
username username username ganti presiden tapi enggak punya presiden cuma preseden sadar bro kalo sebut ganti presiden pks mungkin nanti fahri yang ganti,anger,0
takut banget kamu suka orang lain huhu sedih,fear,1
souma sudah habis yowamushi sudah habis sekarang nontonin anime yang sudah lama didonlot tapi belum ditonton sama sekali dek mega bosan sama drama korea,sad,2
gue sering banget typo ya allah mana kalo typo suka enggak sadar lagi kayaknya typo adalah jalan ninjaku,fear,1
janlup sarapan semangat buat hari ini,happy,4
jangan di cepuin takut di cakar sama mix,fear,1
terima kasih yang sudah kasih info buat ini lemah teles gusti allah sing mbales kayanya mau ke musium bi atau prj saja sesuai info username url,happy,4
pakai popsocket enggak sih belum pernah wkwk,neutral,3
mandi sore soalnya mau les sedih malam minggu malah les,sad,2
nah ini yang gue ksl gue sih b saja lah lihat sih bright sama itu soalnya kayak phinong banget tapi yang gue benci kalo kayak begitu suka ngelunjak anjr fan nya mana menjelekkan ini iwin lagi terus pasti sudah kayak berasa real banget padahal cuman fanservice,anger,0
jujur saja cukup ya kegoblokan kegilaan gue harus sadar gue pengin segera keluar dari lingkaran setan hidup disini banyak sodara dengki n jahat sama gue enggak kuat gue n terutama sepupu sialan cln penghuni neraka sih lina n lakinya n sih lita juga najiiiis lo sialan,anger,0
setiap masuk lingkungan baru selalu serba salah takut enggak punya teman tapi takut juga kalau punya teman takut mengecewakan,fear,1
tetua2 kampung ketika orang kuburan penuh hmpr setiap hari rakyat dengan jml orang di kampung2 masih normal2 lonjakan status ini bung,neutral,3
enggak wa btw kak ian kenapa,neutral,3
gawajib nder apalagi maaih bisa jangkau materi sekolahnya,neutral,3
sedih banget masih pagi,sad,2
i feel you username seringnya sih bukan karena enggak kepake tapi lebih karena enggak sesuai begitu bisa mencak2 seharian aku dan mulai menyingkirkannya soalnya kalo masih kelihatan kaya yang pengin marah sendiri sakit,anger,0
indahnya terbang terlalu tinggi walau jujur ku takut jatuh terlalu jauh,fear,1
jadi malu 3 tapi seru wkwkwkwk,happy,4
username woy kafir kalo bicara mending dari surabaya soeharto juga lebih mending dari surabaya sudah kafir dungu lagi jaman surabaya enggak ada tuh gerakn ganti presiden kalo memang yang ini lebih bagus dari surabaya,anger,0
kelemahan seorang lelaki yang apabila suami yang enggak bisa sabar dengan kondisi perempuan jika mandul nikah lagi cari yang lain jika di pukul atau di diskriminasi diam tutup aib jika nafsu muncul penuhi jangan sampai berkata tidak sedih banget jadi perempuan,sad,2
ini lagi bapak kos pelitnya setengah meninggal meja enggak pernah dipakai nongkrong saja diminta lagi yaelah pak mengerti dikit ngapah kita duit pas pasan,anger,0
betooll bodoh banget yang suka mengomong matiin rejeki orang karena sinetron tamat sok tau banget tapi ya begitu ngeyel,anger,0
samasama ya terima kasih terima kasih fan selamat jadi anak rumahan di,happy,4
salah sih bang gua lihat retweet lu pagi2 begini auto kesel baca twit mutajir jadinya kan gua memulai weekend yang cerah ini dengan kekesalan memang benar kata emak kalo bangun tidur jangan langsung buka twitter,anger,0
bangsat ini siapa yang setel lagu galau pagi pagi,anger,0
gm ayu berkobar2 semangat,happy,4
tiba-tiba mimisan gaktau kenapa penyebabnya dahal baik-baik saja kaget juga sudah lama enggak kejadian kayak beginian,fear,1
amin semangat jelly,happy,4
di jababeka kak di cengkareng paling krl kontra flow,neutral,3
siap tolol,anger,0
eh kok papa kenal namira perlihatkan bokapnya penasaran ini alex anaknya pak adin yang kecilnya suka kelai itu kan alex ngangguk sampai sekarang juga masih suka kelai om cuma enggak ada lawannya berani banget memang ini anak bikin malu campur kesellll,anger,0
cemburu melihat dia tengah bahagia dan membahagiakan kekasihnya itu rasa yang salah kamu cukup paham beberapa perasaan terpaksa harus kau sudahi sendiri,sad,2
mesti lah bwak gi mkan2 boleh sembng2 n makan sekali deh kenyang baru senang nak shopping,happy,4
ako malu sekali,fear,1
kok orang orang pada takut kecoa padahal seru loh lihat dia terbang wkkwkwkwkwk,happy,4
gue takut,fear,1
selamat ulang tahun himasifo aku mendoakan yang terbaik untuk mu dalam segala hal semoga bisa memberi manfaat bagi jurusan almamater dan bangsa terimakasih mas hilman yang dulu mengajak ku untuk ikut dan menjadi bagian dari team mu,happy,4
betuul sama takut balesannya,fear,1
biasanya yang pink sekarang yang ungu ternyata enggak suka wanginya plis ini kayak bau orang yang aku enggak suka banget sialan ternyata dia pakai ini,anger,0
moots gue pada ghaib ya takut deh,fear,1
heheh tapi aku takut dimaininn aduh,fear,1
bisa bisanya ada orang yang enggak suka lihat orang lain bahagia,anger,0
ingat ingat jangan dekati zina dan jangan melakukan zina mudah-mudahan para supir truk dan laki-laki yang suka jajan sadar truk juga tahu taubat,fear,1
efek efeknya itu lo yang merah merah bikin takut,fear,1
malam malam masih makan juga efek perut kunyel kunyel kepengen diisi ya kayak begini dinikmati wae ya,happy,4
mantap ah sedih kucing mati pun aku kerja lagi hamba sistem nampaknya,sad,2
menonton 1episod belum,neutral,3
benaran dia fix keluar aa sedih,sad,2
langkah kaki datang dan pergi kini tak ada lagi sisa air mineral dalam botol tak tersentuh lagi bangku antrian yang kosong tak berpenghuni melihatmu datang dari ujung koridor berjalan tegap dan cepat mata mu bersinar senyummu berpendar aku tahu kamu rindu begitu pun aku,sad,2
setelah mual2 karena telat bukaaa puasaa akhirnya sampai rumah juga setelah ampir 2 jam keliling2 sama abang grab keliling kampung karena dia enggak mau lewat tol,sad,2
baru menyadar kalo tak selalu dan tak selalu,neutral,3
bukan karena soalnya susah tapi karena soalnya sama persis kayak quiz p e r si i si akhirnya ngerjain enggak sampai 30menit selesai setelah selesai mikir begitu baiknya allah sama wanda tapi wanda masih sering nglanggar,happy,4
username username username username ayo viralkan adu mengaji jokowi yang katanya tukang kriminal kan ulama vs prabowo calon dari rizieq dkk calon yang didukung partai allah ngakunya buat prabowo jangan pura-pura tuli ya dengar tuh tantangan jika,anger,0
habis sahur sembahyang subuh balek tidur lagi bangun jam 6 30 dan sampai ruangan jam 7 kurang 5 menit sptinya saya harus mengapresiasi diri sendiri karena dpet mandi seragaman pakai bedak sama gincu dan berjalan dalam waktu 25 menit,happy,4
lah bego itu all of us are dead kali gwinam,anger,0
rehat dulu kok kalo deh full gaskeun,neutral,3
gabole marah nanti cepett tua,anger,0
mati lampu dirumah sudah kaya kuat2an enggak keluar kamar buat nyalain saklar wq sumuk tapi aseli demi liga lah familia yang enggak betah panas kudu turun nyalain saklar gelap2an,sad,2
mungkin ada peneliti yang mau riset kenapa di partai tertentu banyak yang terlibat korupsi kalau moral sih kurang lebih 11 12 apa jumlah yang harus disetor ke partai terlalu besar,sad,2
istri trik ferry irawan ke masih,neutral,3
deg deg an enggak bisa mikir kalo sudah gugup tingkat tinggi biasanya tremor,fear,1
maybe sedih tapi ya mau bagaimana lagi kalau dipikir pikir itu bukan hak kita lagi mau pc nya di gimanain pun tetap bukan hak kita lagi cuz kita kan sudah jual barang tersebut ke dia dan dia sudah bayar barangnya sok barang tersebut sudah sepenuhnya jadi milik dia,sad,2
kalo bodoh jangan ngajak2 orang lain deh stres,anger,0
yaelah cuma beb2an saja lagi kalau cowok saya beb2an tapi saya tahu itu cuma berteman saya coba mengerti kenapa sih kamu dendam sangat sama saya,anger,0
entar semoga takdir dialam,neutral,3
dulu kesannya waktu early 2020 nih cowok 3 4 acc isinya screencaps mark,neutral,3
uns universitas negeri surakarta yang mendaftar 92 000 kampusnya cuma butuh 8200 kamu yang keterima selamat sudah mengalahkan sekian ribu orang,happy,4
gua memang orangnya suka becanda tapi bukan berarti enggak bisa serius please be smart enggak semuanya bisa lo candain jangan biasain bikin orang risih dengan sikap lo jadi sekarang gua meminta tolong please lo semua uncrush gua tolong banget gua enggak nyaman sori,anger,0
bapakku arsitek dan kalo bikin selalu terbukanya enggak alias ac dan terbukanya tapi enggak kalo selalu ketampon alian angin ke tumah atap,neutral,3
mantap tidak bisa tolak itu sih maruk,anger,0
innalillahi wa inna ilaihi roji un turut berduka cita atas meninggalnya ibunda tercinta sohib gua memendurehmen56 semoga almarhumah husnul khotimah serta amal ibadahnya diterima disisinya,sad,2
aku takut nanti malam,fear,1
semangat kementerian bumn pak mentri bumn erick thohir bumn hadir untuk negeri demi pemerataan pembangunan dan kesejahteraan masyarakat indonesia semangat pak,happy,4
pak erick thohir,neutral,3
congratulations mengucapkan selamat untuk ibu dini mildawati yang meraih new silver leader semoga semakin lancar sukses bersama paytren,happy,4
kamu ah aku benci semuanya menangis,sad,2
non nanti jerawatnya diolesi pakai obat adek ya biar cepat hilang aduh dok bagaimana bisa hilang obatnya cuma ketemu doi dok hlah kok begitu namanya juga jerawat rindu di,sad,2
selamat ulangtahun bo semoga sehat terus dan bahagia selalu ya,happy,4
mereka ini enggak pernah lihat orang negro apa ya rasis banget bangsat,anger,0
siapa yang salah disini bang ngeri aku lihatnya bah,fear,1
kadang suka emosi baca beginian tapi orang goblog memang susah kalo diajak mengobrol,anger,0
mengakak ane lihatnya wkwk,happy,4
yaudah kalo memang belum berani potong rambut pendek ya nanti saja kalo memang sudah yakin dan bisa nyaman selamat beristirahat jangan lupa berdoa tidur yang nyenyak mimpi yang indah good night cit,fear,1
yang bikin makin sedih itu denise masih mengetik for my lockeys and member gue sudah berenti menangis malah makin menangis,sad,2
hamdallah panik banget hari ini banyak lagi ya,fear,1
paniknya jika benda ini dibagikan guru pas dikelas rela enggak kekantin atau ke wc demi jaga benda ini bukan karena malu nilainya tapi karena takut ketahuan nama orang tua,fear,1
kalian semua boleh berasumsi tapi tolong bijaksana jangan mengomong sana sini cari pembuktian tapi berujung fitnah thanks for you guys yang sudah mengerti banget dan enggak mengomong yang enggak enggak,anger,0
di akan mana kalo masyarakt bisa berdo a bila kecurangan dan semoga di hari akhir nya diksh sepediha nya dan dimasukkin ke walaupn kelak taubat,neutral,3
enggak kalo nurutin ini wanita,neutral,3
waktu itu kami bertiga puluh dipilih dari sekitar 300 orang yang mendaftar ya bagaimana enggak berasa bangga workshop kami diajar oleh fajar arcana agus noor dan semo gumira ajidarma foto masih username url,happy,4
kata mama harus baik sama orang lain tapi kalo orang itu ngelunjak yaudah diamkan saja tapi gue orangnya enggak tega an jadi ya begitu jatohnya malah tolol ngebantuin orang yang enggak bisa usaha sendiri,anger,0
pengin tidurr tapi takut kebablasan soalnya bentar lagi mau bimbel,fear,1
dulu ustadzah serapan arab aslinya sebutan ini khusus tulis qur an dan juga sebutan ini poluler kalangan pesantren,neutral,3
enggak suka jeruk tapi nggapapa deh menyiksa banget sariawan,sad,2
kak vil cepat sembuh semangat recoverynya biar bisa menyusul jimin sembuh juga,happy,4
sekarang begitu lihat teman teman pada lulus malah menangis terharu senang saja lihat orang orang bisa lewatin fase tersulit hidup lengkap pakai rintangan dengan cara yang uniq banget maaf ya buat teman-teman yang dulu pas sidang ditangisin terus bilangnya gue sedih karena ditinggal klean,happy,4
bingung menonton skz apa treasure beda bulan tapi takut menyesal karena enggak ada waktu,fear,1
iya sering terus suka mikir ada berapa bayi yang lahir hari ini ya random banget anjir gue,fear,1
di transj gue berdiri dan mau berbaik hati kasih tempat duduk untuk bapak tua tapi sih bapak tua enggak mau eehh malah ada cowok enggak sopan yang dudukin tempat duduk itu hadeehhh,anger,0
pasti kuatt semangat semangat,happy,4
meski engkau yang pergi meski engkau yang meninggalkan meski engkau hilang tapi engkau tetap bagiku masih ada sih sampingku seperti biasanya maaf saat ini aku cuman bisa mendoakan semoga engkau baik-baik saja dmnpun brda selamanya engkau tetap ada dihati walau tak bisa kumiliki lagi,sad,2
melakukan pengelolaan pertambangan di indonesia,neutral,3
streaming child pagi pagi enak banget selingannya ssfw sama we go up,happy,4
username dan dibilang kok gendutan dan ditanya kapan menyusul mas mbak ini nikah dan ditodong mana angpaonya dan dimaki umur sudah enggak kecil lagi masih saja sendiri asem memang menangis,sad,2
aaksks tapi gue takut entar mendadak si massal,fear,1
janji dapat dedak bodoh pun bodoh lah,anger,0
maaciw kak sudah ikutan giveaway nya admin terus semangat semoga kamu beruntung yachh fighting kalau,happy,4
ih enak banget aa mau juga,happy,4
suka indak habis pikir sama orang yang mengatai musibah ketika menimpa orang lain dianggap azab tapi ktk menimpa golongannya disebut cobaan ingin ku misuh matane,anger,0
kayanya sih enggak akan ada selca hari ini xixi penonton kecewa,sad,2
enggak panggilan atau ayang tapi kalo kamu manggil kok,neutral,3
juga bagaimana dipagi ini semoga memberikan kesehatan dan dilimpahkan rejeqi nya,neutral,3
thae pkn susah banget,anger,0
gue baik banget apa ya sampai orang suka minjem duit meminta jawaban maksa,anger,0
atau pot nya sekalian kali cewek nya,neutral,3
kenapa sih dapat yang tulus maunya yang brengsek bodoh,anger,0
sekali dua kali tiga kali lama-lama bosan juga ya karena berulang dilubang yang sama lubang yang sengaja dibuat sendiri supaya terkesan orang lain yang membuatnya,anger,0
ini karena deket2 masa pengenalan kampus kan rame grup gue terus gue jadi takut sendiri dengar notif grup atau geter masuk pesan enggak tau kenapa huhu,fear,1
ukuran kita atau tuker xl orang l sabii jersey home timnas indonesia 2020 sz 2xl lok cibinong pakansari 320k bnwt freeong se pulau jawa pemanis masih terbungkus plastik,neutral,3
mengalir dftr snm asal eh dibarengi dan,neutral,3
semut saja semangat masa kamu tidak semangatttt,happy,4
sedih mat 5 season takda cup,sad,2
benar lily malu banget deh minim literasi mengira tuh paling muda ternyata muda dari kakak terus mengira tuh ada n nya taunya dia menulis kurang huruf n bukan ada n nya malu banget,fear,1
username menyerang fansite suruh take down semua foto pas konser sampai nyuruh fansite tutup saja kalo fansite tutup ya sumber atm mereka tutup juga lah hahaha,anger,0
capek mencari kerja mencari judul ta masalah di rumah ditambah diputuskan pacar wkwk murung beberapa hari di kostan tapi ada my bestie yang selalu bilang begini alhamdulillah sekarang sudah dapat pekerjaan yang benar benar aku pengin dan lupa sama kesedihan2 sebelumnya,happy,4
username username kayak begini mau nyaleg sudah dapat korupsi berapa sama masih kurang jadi ingat sama yang mencolong ampli mushola sebanding enggak harga ampli sama yang di korupsi taufik kalau mencuri ampli yang harganya enggak seberapa di bakar hid,anger,0
cape lagi puasa ada saja yang dibikin marah nya itu,anger,0
sebuah jalan seorang pria membawa sepiring memperhatikan isinya ia meletakkannya begitu di rumahnya tiba tiba menghampiri 5 6 kalian pakai jaket,neutral,3
pak gubernur username dan username di sini di depan username selalu macet setiap sore tolong pak di evaluasi url,anger,0
selamaat terus semangat ya sender,happy,4
malu maluin anjrit sinyal begini katanya doang kencang tae,anger,0
tbl tbl takut banget loh iri kan lo enggak bisa begitu makanya jangan gatel,anger,0
sedih bggt,sad,2
dulu di sekolah memang banyak banget yang enggak suka sama aku sih ditambah aku juga enggak cantik,sad,2
username sehat tiap hidupin data seluler selalu muncul notif yang kanan terus data seluler otomatis mati begitu terus berulang padal kuotanya masih 1 gb lebih akhirnya enggak bisa dipakai respon respon ya url,anger,0
suka kesel sama fan yang sok sokan mengatur sok sokan yang paling tahu segala galanya hey kamu ibu negara bukan cenayang bukan sudah lebih baik diam biarkan dunia ini bersih dari segala macam bacotmu,anger,0
dulu pernah install tiktok gara-gara pandemic iseng di rumah nganggur mau mengapai tapi begitu lihat komen2ny gue kayak terbawa ikutan downgrade gue miskin gue mungkin bego tapi enggak sehina itu menghujat orang pakai komentar-komentar yang kalo lo baca heh serius ini orang indonesia yang komen,anger,0
bego memang enggak bisa apa apa lu zar cuman beban doang,anger,0
fuck lu lol lo mau jatuhin agnezmo kan ha ha,anger,0
bulan puasa 2017 di jepang ku diminta masak untuk bukaan makanan indonesia hasilnya imam dari pakistan beberapa jamaah meminta menambah untuk sahurrrr url,happy,4
tiba-tiba sedih terus menangis,sad,2
pengin poca date sama moots tapi takut awkward,fear,1
manusia manis manusia baik manusia cantikku jimin sudah negatif covid dan keluar dari rs bagaimana rasanya menggambarkan rasa bahagia ku jimin finally sayangg tinggal pemulihan pasca operasi lagi ya sayang ku jimiinn,happy,4
sender jangan sedih bisa jadi nanti sender langsung diketemuin sama jodoh sender,sad,2
jangan bodoh merasa baik baik saja seakan tak perduli dasar bego,anger,0
ih takut banget loch wkwk makasyii,happy,4
iya dulu bacain cerbung coboy cast nya iqbaal,neutral,3
username kok banyak yang protes ye ini pemain bagus buat sundulan bayangkan kalo oezil sama xhaka kasih umpan lambung terus yang nyamber ini bocah lumayan kagak,happy,4
regina ingin dm regina sakiti kamu belum permasalahan kamu tapi jika kamu enggak semoga kamu selalu diberi regina kamu tapi kamu dan hadapi sgalanya disini regina,neutral,3
kertas hiyo cakep banget baru lihat sekarang itu sudah dari tanggal 23 jangan sedih ini hiyo benaran cantik,sad,2
yuk kak tamatin semangat,happy,4
sudah banyak masyarakat yang tau gerak gerik pembohong penjual dalil sih bangsat provokator hh pemecah belah anak bangsa memang polisi harusnya sgr menjebloskan bui bajingan jnj,anger,0
username kasihan tuh pks sudah ngemis ngemis sodorin nama nama cawapres kalau enggak di pilih apalagi kalau menit menit terakhir pilih cawapresnya tamat cawapres pks pilihannye,anger,0
makan nasi goreng pagi pagi memang sudah paling enak,happy,4
wa sudah setua ini masih ada saja teman sama yang suka nyinyir kamu kok kuliah ambil soshum sih sayang banget ilmu ipa selama sama pengin wa jitakin,anger,0
sorot matanya tidak bersinar seperti yang dulu ini terlihat sedih ya,sad,2
kamu baru avail sekitar maret ini hourly rent hubungi jika ingin kamu tanyakan i wish you a day sender,neutral,3
username username username ada ya wartawan seperti itu kangen adam malik walau masih kecil saat beliau ada jurnalisme itu ilmu yang wajib dipahami dulu oleh pelaku industri press ada banyak kaidah jurnalistik yang tidak longgar ketat dan baku dilu,sad,2
imunitas mereka prof kekebalan terhadap segala dengan kah sehingga dpr berbuat menghina rakyat semoga rakyat bisa mengambil kedepan berhatia dan cerdas memilih wakila nya,neutral,3
tahun ini kayanya pada nya young suka mengasih kado ultah paling special karena series njtw bakal lanjut di season ke 5 dan kalo gue enggak salah ini bakal jadi comeback nya kyuhyun habis wamil chukae,happy,4
sumpah no comment brcnd teman gue lumayan lama paling lama itungane sudah mau tiga tahun apa sok far sok good galak banget tapi sumpah keren banget anaknya kreatip dan suportip suka minum kopi sehari habis dua liter habis itu bilang enggak bisa tidur tertawa,happy,4
betul prof suteki kalo memang perlu bpip itu didirikan masa orangnya yang enggak paham pancasila akhirat itu ramalan masa depan ck ck politik balas budi nih,anger,0
gue enggak sakit atau sedih gara foto itu sih gue percaya sama bawa siapa pun kapal mereka di series mereka bakalan always together cuma gue sedih gara komen yang ngedrag gue sama ngebandingin momen bawa sama kapal sebelah yang jelas bedahnya tuh jau banget dan enggak sama,sad,2
terima kasih buat sejauh ini terima kasih sudah baik banget sudah selalu kasih support ke aku juga sudah peduli banget sehat bahagia selalu kalian,happy,4
saya terenyuh sekaligus kagum kalau ada kesempatan untuk melakukan hal yang sama pasti saya akan lakukan saya yakin dia pun juga tidak ragu untuk melakukan penyelamatan tersebut rest ini peace razzan url,sad,2
ini loh kayak begini tiap baca ceritanya aku suka ketawa karena kelakuannya aku banget,happy,4
logika nya ketika rumahmu diminta untuk menampung orang yang belum kamu kenal selama 40 hari apa enggak takut dan tidak nyaman kalo saya sih takut dan tidak nyaman walaupun ada surat rekomendasi,fear,1
username gue bersodara 5 2 sudah nikah dan keluar berasa sepi padahal masih ada 3 anak di rumah cucu itu yang jadi peramai di rumah makanya mak gue demen banget kalo cucu datang,happy,4
induksi enggak untuk asia indonesia contohnya bikin enggak bakal pakai induksi sedangkan induksi persebaran nya,neutral,3
saya suka kucing tapi sedih saya tidak boleh pegang atau pelihara kucing karena punya alergi kalau tidak salah suga rl punya alergi sama bulu meong kan,sad,2
mu third last nike xl excellent beberapa bobles 500k untuk wa 08225892827,neutral,3
bikin status di sosmed cuma ngejelekin pacarna cewek macam apaan itu giliran di beri hadiah di ajak jalan kga di bikin status muntahin ajan,anger,0
username mau bertanya nih maaf kenapa ya nomor telkomsel saya panggilan darurat saja enggak ada jaringan mulu padahal telkomsel punya teman mah ada jaringan nya sudah di coba ganti pakai kartu yang lain mah ada jaringan giliran pakai kartu telkomsel saya yang ujungn,anger,0
sudah ah tetap ariel tatum idolaquh betapa banyak kata-kata tidak pantas dari para netijen lelaki tapi doi stay calmdown namanya public figure mah kudu setrong ya mbak ariel,happy,4
mung piala ciki ucl,neutral,3
pas buka pengem banget makan yang beda sudah niat mau makan mie aceh orang nasi bebek pas jalan enggak tau nya malah ke bbs makan nasi sama pindang n urab kadang nafsu mengalahkan ekonomi,sad,2
kalo cewek dan cowok sahabatan tanpa melibatkan perasaan terkesan padahal sahabatan dengan jenis kalo saling apalagi pasangan masing masing walaupun dicemburuin kita,neutral,3
nah ini yang menunggu anak anteng dengan kesabaran seluas samudra terus bapaknya dateng2 bikin anak menangis hmmm kuingin marah melampiaskan,anger,0
masih kepikiran ji ung kenapa rela suka sama yeon su lama banget ya padahal deh dari jaman kapan tau memang yeon su cuma buat choi ung sepaket pemeran utama enggak akan yang tiba-tiba moveon enggak sih orang kayak yeon su eman waktunya mas,fear,1
nyenye enggak takut wleekk wkowkowko,happy,4
sumpah ya gue komplen masalah duit yang kedebet di baca cepat dikembaliin daripada di b pn di baca cuma sehari di b pn sudah berminggu minggu belum dibalikin padahal nominal yang kedebet gedean baca kemana mana that si why i cinta baca your service satisfies me always,anger,0
nya akun juga dibokir,neutral,3
percaya tapi benci gua kalo suka diam doang kagak mengomong langsung kayak gua kagak gigit elah dan lu cowok yang gentle dong masa kalah sama gentle jen,anger,0
dilihat progress nya stuck bagaimana kamu bisa orang berubah jika pandangan mu masih,neutral,3
next ke kehidupan keluarga ario bayu aka komandan tim alpha yang ganteng berkacamata hitam dan viral di medsos itu ya keluarga yang cukup bahagia with a little daddy girl,happy,4
inisial orang lu dan,neutral,3
gegara tadi malam treak treak gemash ngliat indonesia kalah 2 1 sama thailand di kandang sendiri kini tenggorokan meminta digaruk yang menonton tadi malam ngacung coba kalean tim mana nih,sad,2
adalah apapun membuatmu dan apapun membuatmu,neutral,3
selalu sungkem bapak ibu,neutral,3
koyok e dendam deh nih kocheng gara-gara mau subuh tak kancing i lawang,fear,1
kos gue oadahal 7,neutral,3
pagi bang jon bukan ini kangen sama ocehan bang jon sepi banget deh tl cuma admin saja yang kelihatan,sad,2
bingung souvenir untuk acara kantor pakai tas ransel batik kami rp 30 00 pcs dan 100 indonesia call me 085643325959,neutral,3
aku enggak suka yang bertele tele phi enaknya terima kasih nya phi jangan bosan bosan kasih aku makanan dan kawan kawannya,happy,4
username pilih pemimpin yang happy menerima kritikan jujur terbuka selalu bermusyawarah tidak hobby menyerang serta berjiwa besar maka proses mbangun peradaban guna pencapaian terbaik sebuah negara akan mdptkan hasil maksimal ini shaa allah,happy,4
kaget terus,fear,1
kabur kok bangga itu pengecut katanya imam besar kok mesum kok kabur terus masih banyak orang goblog termasuk lu yang membela karena takut enggak masuk surga ajaib url,anger,0
saya selalu kurang sepakat sama cara orang orang mereduksi kapitalisme sebatas penciptaan lagu cinta kapitalisme di dunia musik bukan cuma itu tapi masih banyak yang jauh lebih luas seperti eksploitasi ketidaksetaraan gender kesenjangan produksi dll,sad,2
askmf hidung gue habis kena bola kencang banget terus langsung muncul lecet merah begitu di tulang hidung perlu di cek ke dokter enggak sih takut tulang hidung gue geser soalnya tadi benar-benar kencang banget terus sakit nyeri begitu tapi sekarang sudah enggak sih,fear,1
benci juga karakternya cheol kayak itu sudah kelihatan han sakit hati kenapa harus ditegesin dulu baru peka enggak mempermasalahkan his feeling towards nu tapi the way he treated han that i hate the most dipermainkan banget haha jerk,anger,0
when sexual harrassment jadi hot topoc di semua medsos diawali sama yucub opini mbak gitasav skandal gitasav yang rame sampai accoun twitter doi dideactive dan diakhiri mbak via vallen yang blow up chat doi sama sama bule masih enggak sold out thinking sama orang yang mengomong,anger,0
menikmatia weekendku tbtb di weekend bikin full jadwal letas this,neutral,3
terus lawan siapa tambah suwe tambah koyok wkwk lanjutkan lawakannya nawak nawak enggak emosi blass kok malah lucu lak nyawang,anger,0
kalo anggaran tiap bulan ya bangkrut ya kalo lagi butuh saja dong masa teroris pakai musim kadang muncul nanti sepi nanti muncul lagi kalo teroris ada ya terus dong aksinya sekalian sekarang lagi ada covid 19 pas pemerintah sibuk ternyata terorisnya libur kalo pemerintah sibuk,sad,2
ok fix selesai 100 persen bye bye bye harapan indah thks all team semoga cepat dapat proyek baru amin,happy,4
mbir sudah dibilangin kan enggak ada orang lain yang akan memperjuangkan hidupmu selain dirimu sendiri jadi enggak usah berharap ya biar enggak kecewa sedih,sad,2
harus sub unit foto lebih dari 3 member biar agak rame wkwk sih o cbx me sc me kalo solo sepi banget berdua doang tapi sudah bersyukur bisa sama salah satu member seng penting exo xixiixizi,happy,4
anaknya jadikan model saja bunda biar bisa balas dendam,anger,0
macam lah xtvt,neutral,3
username kalo aku sih bukber karena aku cuma di indonesia sampai akhir bulan dan baru balik ke indonesia after 14months jadi aku harus bukber malah maksa kalo kamu punya teman yang kayak aku apa kamu tetap enggak mau ikut senang teman dekat enggak ketemu 14bulan,sad,2
paling senang kalo berobat di bandung sama konsulen bisa sharing becanda lah kalo di bali melihat konsulen cuma bisa menunduk sambil senyum kecut,happy,4
turut berdukacita kak semangat big hug for lu,happy,4
happy birthday moa dan taehyun semoga panjang umur sehat selalu bahagia selalu,happy,4
morning moots semangat besok kembali nganggur,happy,4
pernah ngomel karena dibeginikan terus bang ojolnya malah menyolot bilang kalau ikutan macet jalan normal saya yang rugi neng bensinnya jauh mbak muter baliknya rugi saya wth,anger,0
takut sama sembi,fear,1
ku takut nanti di banding2ngin antara satu dengan yang lain cz ku tau bagaimana sifat masing-masing orang di sana kalau sampai itu terjadi jangan salahkan ku kalau tak bawa pergi,fear,1
terkadang apa yang kau dapati dan miliki saat ini ada orang lain yang menginginkanya juga apapun itu karena enggak semua beban bisa di tanggung oleh seorang gantleman dialog dini hari,sad,2
baru bentar ramadhan grafik global kuwalik,neutral,3
senang saja rasanya digodain anak sambil ngebayangin dia qasidahan dengan syair yang dia tweet kayak iklan yang lagi viral itu hahaha url,happy,4
gemas kalau lihat kamu malu malu mau saya kekepin seharian,happy,4
ya allah sedih turut sedih juga soalnya dia teman monday,sad,2
akwjajshwhw gue baru bilang emak eren eh baru beliau di istri pertama,neutral,3
enggak disangka tersinggung aku langsung di wa hello tapi enggak komen di status dengan keadaan dia sudah lihat status ku yaampun girang dong karena sebenarnya aku selalu caper kalo bikin status di wa dengan harapan di komen puji tuhan kali ini peka,happy,4
bingung masih bisa menyalahkan perempuannya mau dia bule kayak mau dia apa kayak kalau attitudenya baik enggak akan begitu mana enggak kenal pula perempuan menyalahkan perempuan lelaki brengsek hanya tertawa lalu mengulanginya kembali orang-orang yang menyalahkan via vallen ini fix yang brengseknya,anger,0
dul era jokowi jauh lebih baik dari pada rezim surabaya 10 tahu menteri korup semua enggak percaya adakan pembuktian terbalik surabaya juga korupsi,anger,0
di ekon ekon berpolowers,neutral,3
kenapa sih rhia kok temenya cowok semua biar apa biar enggak di tikung biar enggak di omongkan di belakang biar ada yang menjaga biar enggak di nyinyir biar ada yang antar jemput kalau lagi mau main hahaha,happy,4
ada badutan enggak semalem chingu butuh badutan 2 ayang biar semangat menjalani hari,happy,4
terkadang rasa kecewa yang mendalam itu disebabkan oleh harapan kita yang terlalu tinggi terhadap sesuatu,sad,2
ini kayak gue kapan hari itu seharian mantengin asian food channel ngliatin makan sodap2 eh sendirinya makan indomie sama ngemil krupuk gegara malas keluar kos,sad,2
happy birthday minju noona semoga makin sukses dan makin bahagia ya gbu,happy,4
ujan2 mcam ini enak ngezoo ah,happy,4
makin gede makin gampang filter teman kalo yang tiap diajak jalan selalu ribet bertanya ini itu tapi akhirnya dia yang enggak ikut dengan berbagai alasan ya enggak usah diajak lagi,anger,0
kurasa kita akan secara menonton video sorotannya jam 5 sore ini adalah harinya ini hari dengan 2 konten sekaligus,neutral,3
yay menonton sendiri lebih enak,happy,4
username kamu mending seperti username saja kampanye nya 4 masalah saja intoleran anti kebhinekaan ormas radikal dan saya pancasila wes ojok kakean macam macam sebab tambah kelihatan goblok mu bro url,anger,0
kemarin mencoba wedang ronde jago salatiga memang beda dengan wedang ronde biasa selain isian bolaa rondenya yang padat ada semacam manisan jahe di dalamnya renyah dan tentu saja nampah pedas jahe perlahana mantap,happy,4
fahri aktivis 0 nol isinya mana reformasi mu enggak merubah apapun kecuali koar koar bebas di negeriku mustinya golkar lo bubarin harto diturunkan golkar melenggang jaya kata amien raisa bodoh,anger,0
lah adek gue sudah lulus kuliah juga masih gue panggil adek adek adek saja lu ya pagi pagi bikin emosi nih maaf,anger,0
sambil duduk di dekat jendela dengan pemandangan pasar yang ramai di depan dan suasana sejuk dengan suhu 23c menambah kenikmatan pagi ini di kampung halaman alhamdulillah url,happy,4
brengski gue benci banget sama matek,anger,0
sini berobat sama saya ini mengantri dokter saja sudah kayak mau mengantri sembako panjang benar,anger,0
sih tunggal apa-apa keinginannya diturutin dan terpenuhi kalo enggak diturutin dan terpenuhi auto dan nggondok,neutral,3
ajuin saja kenapa takut untuk mencoba ragu mundur saja,anger,0
dulu suka banget ke pasar apalagi dijajanin dawet cenil pecel jamu dan banyak lagi jajanan pasar kangen banget kangeeeenn sekarang sudah enggak punya mbah putri swargi langgeng mbah,sad,2
anda memang bodoh,anger,0
beda sama gue yang ada tugas dikit ngeluh malas malesan kuliah ujan dikit enggak masuk kalau lihat mereka bawaannya pengin menangis bisa ya mereka tinggal di lingkungan yang maaf kumuh bisa sekolah saja sudah senang banget,sad,2
ada yang bisa hack ig enggak tolongin banget hati gua sudah enggak enak dari seminggu yang lalu,fear,1
wozniacki out daria kasatkina ini loh mainnya gendeng super kencang nampar2 hebattt goodluck url,happy,4
aku sangat bodoh saat aku tahu aku jatuh cinta denganmu dan terluka karena aku tahu bahwa itu akan sia sia saja,sad,2
wts acc rp y13 f1k v email email vall 1k go green mt jarang ke 72h sus di upfoll 65k t wts tawarin need murce ijo,neutral,3
gue mau cerita kalo dia ini bisa akrab juga sama susin yang cuma 2 bulanan saja kerja kayaknya itu sudah akrab banget kayak teman sekolah saja dan saat itu gue tahu bagaimana kpribadian susin sbnernya sih di ini kalo gue perhtiin ngeri juga ya kalo diajak mengobrol,fear,1
moots bagaimana kalian,neutral,3
mesti cara muram durja birthday dia harini,sad,2
tetap semangat walau punkada rencana kita tidak sepenuhnya berjalan lancar tapi tetap yakin tuhan selalu bersama kita dalam setia langkah kita menuju keberhasilan url,happy,4
tapi percayalah bismilah bisa,neutral,3
iya barusan aku cek ternyata kakinya ada yang ngiket pakai karet tapi kira-kira biaya ke dokter berapa ya takut mahal misqueen aku nothing money,fear,1
jangan sedih itu keren karena kemarin juga ada diksh temenku sekotak crosang hahaha kan biar keceeh,happy,4
takut enggak lulus kpi kah,fear,1
sekarang sliwar sliwer di wag mas teman sodara enggak berkabar ealaah ngene lho isih belum,neutral,3
semangat mbull,happy,4
work hari ini last day aku resign sedih banget pisah sama teman tapi satu sisi bebas dari bos toxic nekat sebenarnya resign duluan belum dapat pengganti tapi sudah enggak kuat sama bos toxic,sad,2
jika masa lalumu masih tertanam diingatanmu dan kamu terus menurus mengingatnya lalu untuk apa aku disampingmu apa aku hanya untuk tempat bersandarmu sementara,sad,2
gue bingung dong ini sebenarnya gue enggak cocok atau cara memakai gue salah mau lanjut memakai takut muka gue menambah enggak karuan nanti mau berhenti sayang bok masih banyak banget,fear,1
sorry tapi sayang enggak dulu deh opini nya kak gamasuk di akal dan hati nurani soalnya ya kalo sekali dua kali mah enggak apa-apa kalo tiap pagi hmm mending aku rusak hubungan daripada terus trusan menahan emosi jiwa nglawan rekanan enggak tau diri,anger,0
buset ke inimah berapa jam perjalanan pulang om,neutral,3
ending sebuah orang ujung2nya,neutral,3
walaupun gue kalo kelewat tapi sekarang gue enggak negatif orang sopan lah,neutral,3
min mending pc nya dibanyakin deh supaya kejadian yang merugikan enggak terjadi lagi kontrak dengan dreamies nya setahun kan nah membanyaki pc nct dream nya selama setahun ini supaya kita2 kebagian semua sedih sih enggak dpt2 photocardnya,sad,2
morning bang disini lagi sedih bang lihat anakku menangis terus karena kucing kesayanganya ketabrak mobil,sad,2
ngehunter bosan juga perasaan dulu sekarang ngehunter tuh dulu nenggebu 45 ngert tapi sekarang enggak enggak semangat2 nya,neutral,3
cab olahraga baru di username pencak silat akan jadi salah 1 cabang andalan utama kita untuk meraup beberapa medali selalu happy olahraga beladiri beberapa tahun belakangan mulai belajar silat dikit2 sebelumnya sejak usia 5 tahun tekuni karate taekwondo,happy,4
kaget kan lo,fear,1
username cuma mau nunjukkin ini kak kalo linimasa aku yang begini kamu samain sama mereka yang tergugah isu isu busuk politik dah aku bisa bilang apa lagi url,anger,0
jadi semacam motivasi begitu pengin mengawasi pemilu benar-benar dengan jadi pengawas tps mengawal suara jangan sampai ada kecurangan apalagi pilkada di tmarahang ini rawan banget secara ya calon tunggal begitu,fear,1
benar juga sih di tempat gue ada 3 gereja belum pernah gue lihat mengadakan imunisasi untuk anak anak mereka dan di kelenteng pun juga sama kagak ada juga ngeri banget depopulasi url,fear,1
terima kasih banyak kak derza amin amin terima kasih atas semua ucapan dan doa baiknya semoga semua doa baiknya berbalik ke kamu ya terima kasih sudah menyempatkan mengucapkan selamat ulang tahun ke aku hehe terima kasih juga atas hadiah kue dan bunganya aku suka banget,happy,4
electro batman memang bangsat sih,anger,0
aw malu,fear,1
amin semoga hari ada yang nyantol ya semangat,happy,4
username username username username waduh mencari panggungmu terlalu jauh bung junjunganmu saja tidak ada yang langsung kayak anda eh btw anda punya junjungan siapa ya,anger,0
wehh banget sedih banget anjing gue campur kesel gegara muka lo kayak orang bego,anger,0
seumur hidup untuk pertama kalinya menyampaikan keluhan pada call center mendapatkan respon hanya dengan kata kata berdoa saja pak terima kasih banyak username,anger,0
alhamdulillah wa syukurillah puji syukur ke hadirat allah swt atas limpahan rahmat dan hidayah nya kita masih diberikan waktu dan kesempatan untuk berbagi bersama teman-teman yatim piatu di bulan ramadhan dalam acara yang berlangsung pada hari minggu kemarin url,happy,4
ini pada bege apa enggak paham sih dikasih peluang kok malah di bagi-bagi ya persentasenya buat lu berkurang lah intinya begini saja sih lu dapat informasi karena lu rajin dan ini hak lu yang enggak rajin biarkan saja dia enggak ada usaha mau cari tau,anger,0
tolol bersama,anger,0
indonesia baik baik saja kok brisik amat ya di kampung2 orang-orang yang kalian jual susah miskin dan sejenisnya nyatanya biasa saja masih pada merokok tak berubah tagarmu makan sendiri ya hahahaaha,anger,0
sumpah shara bangsat anjeng bajingan,anger,0
adek kosan pinjem tupperware gue yang sebenarnya akan gue bawa pulang kamis ini sama dese diisi rendang terus dimasuki freezer she just sent me tapi hell,anger,0
semangat cii,happy,4
suka banget sama dialog ini simple tapi ngena buat gue pribadi harus diabadikan ckrek,happy,4
untuk cegah radikalisme mohon deskripsikan dulu batasan radikalisme kalau batasannya berupa kriminalisasi ajaran islam itu namanya radikalisme sekuler url,anger,0
nah kalo ini bukan pick me girl lagi lebih ke tolol banget anjing girl,anger,0
username username username lah itu bang haji yang saya heran kok semuanya di tumpahkan salahnya ke pak president penyakitnya apa segitu akutnya ya,anger,0
selamatkan bangsa kumpulan berantas tppu pt bang,neutral,3
sedih banget ya jadi wanita,sad,2
ustad hanan attaki juga googling juga bible kalo dikata enggak enggak anggap pertanyaan pikiran ini,neutral,3
kok pada berani ya sama stranger apa enggak takut h word tetap safe sex ya nder,fear,1
gatauu lagi sedih kalo lihat foto-foto cowok ganteng,sad,2
iya ini mah enggak apa-apa kak menunda dulu karena ada alasan tertentu stdkny kdpn juga bakal pengin punya beda cerita kalo yang benaran menolak rezeki alias kehadiran anak itu yang jadi topik diskusi sedih sih tapi ya itu hak mereka secara agama jelas tidak diperbolehkan,sad,2
baru bangun kena marah tiba tiba but we should keep kiyowo,anger,0
gapaham tiap ditempat umum terus sendirian kayak takut saja tiap ada cowok cowok yang dekati padahal cuma bertanya basa basi atau menyapa atau bilang assalamualaikum aing degdegan setengah mati ya allah,fear,1
ini yang namanya ide keberpihakan ala username username melalui program unggulan okeh ngoce melibatkan banyak warga untuk mengisi tong sampah biar sampah jakarta berasa sampah jerman,anger,0
gue kalo pms sakit bel tapi enggak mau minum obat takut ketergantungan sedih sudah mencoba dikompres pakai air anget enggak tadii,fear,1
the best of dongeng sebelum tidur terima kasih teh me purple you gbu terima kasih deh bikin kobam n bawa perasaan malem2 terima kasih sudah bikin aku cinta lagi sama couple ini disaat aku deh mau move on terima kasih dah bikin keinginan punya pacarku muncul lagi terima kasih mau allah always bless you amin username url,happy,4
gila g1 saja begini rakan dkk diborong mungkin kalo masuk 5 momon zeratu pun ngikut kali triple si pula aaaaak droolin url,happy,4
ya allah tuhan ku saya tidak kuat baca komentar tentang via vallen di akun doi sama gosip2 ig rasanya mau menangis saja rasanya lihat akun2 cowok pada enteng banget nganggep masalahnya yang cewek bisa setega itu julidnya,sad,2
warga pak jalan di daerah kami rusak parah tolong diperbaiki pemerintah sudah ada yang kecelakaan belum gara gara jalannya rusak warga belum ada pemerintah kalau begitu tunggu saja dulu sampai ada yang kecelakaan,anger,0
bagus untuk menampol sisi patriaki warga sokor yang sangat super duper kuat paling suka adegan mereka makan malam bareng kantor terus sih ketuanya yang mana cowok bisa seenak jidat makan dimeja karyawan cewek jiwoo terus berantakan banget lagi makannya sumpah itu adegan,anger,0
semangat om,happy,4
seram karena tentang sikopet begitu nder aku menonton itu lebih eneg sama takut gegara mainnya bunuh2an tapi tetap menonton sampai habis karena penasaran,fear,1
gapapa reyon lah lary ke dapur,neutral,3
percuma balik jakarta bilang juga tidak ada yang mengajak main pas di jogja saja banyak yang ajak main pas saya disini mana bacot kamu doang,anger,0
ayo emosi jangan sabar,anger,0
ngeri banget gelombang dengan ketinggian hingga mencapai 7 meter menghantam wilayah pesisir pantai selatan pulau jawa,fear,1
potong pepaya leci blueberry bikin overnight oatmeal dan madu seketika saya merasa sehat padahal dimakan saja belum semua hanya fatamorganaaaaaaa,happy,4
pagi2 sudah dibikin jengkel heran,anger,0
namanya plot hilangnya maksa entah mereka mau akhiri dengan seolah2 ketemu saja atau dibuat hilang tbw sampai yang punya raga balik cuma kemarin saja ku menonton sudah kesel bawaannya enggak suka banget sama plot hilang ini,anger,0
buat kamu fan emyu tetap sedih dan jangan semangat ya aing sering kok ngalamin kayak begini di football manager wkwk,sad,2
username ya allah apa-apa kok yang disalahin pres username kayak presiden kurang pekerjaan ya gaes urus sebuah foto hadweehhh tapi apa penting tapi foto itu bukan jimat tapi,anger,0
benar sekali terutama menyebrang di jalan margonda dari kelapa dua pertigaan juanda mungkin hanya ada 3 5 zebra cross motor mobil semuanya ngebut sehingga jadi takut kalau nyebrang sekalinya nyebrang malah jadi khawatir kendaraan ngerem mendadak,fear,1
banget sepi dan seram,fear,1
bung username ini saya aku i jago sebagai komentator dan analis bal balan salah satu yang terbaik di sini tapi nalar dan logikanya soal harrasment ke via vallen dangkal picik dan memalukan betul,anger,0
mana struknya sudah dibuang lagi bego banget gueh,sad,2
cukup macam nih pun tak rasa nk marah ke kecil hati ke hmm,anger,0
gue yeen semoga dan bantink stir yeen pobic teman kamu,neutral,3
tiati bego benaran,anger,0
negara juga enggak bodoh enggak sok an nama kebebasan tujuannya bikin propaganda framing,neutral,3
jarina hasebe hobi ngomel dan marah marah,anger,0
hahah bangsat,anger,0
malu malu takut salah langkah,fear,1
weh takut limit,fear,1
enggak sih kak tapi baru sampai rumah jam 8 pagi kyinya fix ngantuk banget enggak kuat melek tadi mengira 10 malam begitu wkwk mino kamu benci aku ya,fear,1
apapun asal enggak makan harapan palsu dan ketidakpastian makji btw disini ujan deres makan seger2 asyik kayaknya,happy,4
gue takut deh jeongwoo merah,fear,1
lagi stuck nih enggak tau sampai kapan nih ceritaku takut enggak bisa ngelanjutin ada yang pernah diposisi ini enggak guys dan apa yang kalian melakukan biar survive lagi,fear,1
kak wkwkkw aku juga bingung takut akun sopi di report atau gmn2 huhu,fear,1
masih belum move on dari poto poto ini ceritanya lagi mencoba face filter hengpong syanggih punya diajeng astri eka pertiwi enggak ada orangnya enggak usah dicari,happy,4
amin semoga lancar nder semangat,happy,4
dopinge jo lali massee semangat mugo lancar berkah,happy,4
deg degan enggak itu ditanya habis menonton apa karena panik gue jawab habis menonton coboy junior addaffafsf,fear,1
kalo yang hockey summer masih bisa dilihat lah ini kayak pas oper oper pucknya tuh bisa ngepas begitu mana kan mereka lari sana sini lihatnya takut pada kepleset,fear,1
username username yang di bahas itu penting tidak bpip ada lah kok malah nyasar2 ke hti ya jangan-jangan bpip ada buat bubarin ormas yang enggak sejalan ame rombongan nye kali ya yang lebih faham coba jelasin,anger,0
ini sih tapi 1 line au kamu paling memorable structure spesifiknya bagaimana tapi seinget tapi enggak tell me anytime amd i ll still listen,neutral,3
belum menonton saja deh sedih sedih enggak bisa baca judulnya kampret,sad,2
namanya fani orang paling enggak cara orang kalo kok menasihati enggak bakal di bakal selalu dipercaya enggak bakal di sapa kalo terobsesi dikejar dan terakhir boring,neutral,3
yang ngehoax itu kalian dan media kok menyalahkan ridwan kamil lawak banget yang jadi permasalahan itu patung garuda yang 2t bukan keseluruhan istana negara baca baca makanya biar enggak termakan hoax terus sama saja kayak kaum sebelah kalian suka hoax idiot amat jadi manusia,anger,0
sudah ikhlas kok tapi masih sedih saja kalau di ingat ingat lagi,sad,2
jam 9 malam sebioskop cuma berdua doang pas lampu lampu mulai dimatiin eee ujuk ujuk teaser coming soon nya film horor ketika iblis menjemput laaahhh ya jadi deg deg serrr,fear,1
berasa lagi baca fanfict soal chaebol heolll ini di indonesia benaran ada loh orang yang hidupnya kayak kita menonton cerita di drama korea simak di mari username url,happy,4
tapi jus oreo enggak bakalan kalo enggak pakai filling,neutral,3
cewek itu enggak mau ngecewain cowoknya karena dia tau kalo dikecewain orang yang disayang itu rasanya enggak enak dan sakit banget,sad,2
enggak tau kenapa tadi menangis cuma gara-gara solat maghrib nya telat hampir mau isya baru solat gara-gara partner kerja yang istirahat duluan lama banget istirahatt nya yaampun sedih banget hati,sad,2
pemimpin mendidik rt jadi tukang minta2x alias ngemis ya pak kalau meminta ke warganya sendiri enggak apa2x karena warga memang punya tukang sampah begitu lho apa kewajiban uang dikumpulkan warga untuk bayar thr petugas keamanan,anger,0
hlt guys aku punya kebiasaan ngopi enggak tiap hari sih cuma kadang nah pagi ini habis ngopi tb2 bagian atas selangkangan sebelah kanan sakit kira-kira ada hubungannya enggak ya tapi aku buang air enggak kenapa2 normal,fear,1
benci banget soalnya kepikiran bagian sih kawan mninggoy abjingkkkk,anger,0
bused sampai dua kali kirim kata saya mah mending sender muncul deh dm saya coba biar saya tahu enggak usah malu dm saya terbuka luas se luas semesta jangan buat saya penasaran tolong,fear,1
aku bisa merasai kok ekspresi kamu waktu aku mau beli toner kamu takut wajah aku tambah parah ya padahal aku sudah merasa mendingan banget sejak pakai skincare,fear,1
gue selalu berlemah lembut di bilang enggak deh gue lo,neutral,3
disini rian enak banget kalo buat lanjut tidur,happy,4
semangat diah yuk bisa yuk buat hari ini bismillah,happy,4
sender tolol bikin emosi saja pagi2 begini,anger,0
kelihatannya bodoh kalo dipikir pakai logika,neutral,3
bangun tidur lihat fan mu pada marah marah taunya hadehh,anger,0
username sudah jauh mendingan setidaknya ketua dpr berani ditangkap dibandingkan dulu anggota dpr gubernur sampai rt berani korupsi tanpa ada yang berani tangkap,anger,0
lu yang tolol anjir,anger,0
sudah buru2 pulang biar bisa menonton the clash of titan eehh serena memutuskan retired karena cedera otot lengan ya bagaimana lagi kesehatan adalah yang utama kan setelah ini sudah jelas i sama rooting for maria sharapova url,sad,2
pak rektor tweeter tanpa mu bagaikan sayur tanpa ikan asin,neutral,3
malu kali,fear,1
kaget banget pas menonton yang bagian ini tapi habis itu mengakak karena ekspresi dia gemas lo,happy,4
sedih suffer kecewa,sad,2
sudah hampir seminggu tiap sahur harus dibanguninnya sama mamah alarm cuma matiin doang kalo telpon mamah dimatiin sekali ditelpon terus sampai bangun untung dia sabar,sad,2
sedih foto sopinya diapus,sad,2
ih kaget tiba-tiba ada comback lagi ih ya ampun sampai hiatus,fear,1
username bukaaan tapi aku punya kayak semacam trust issue begitu takut diomongin sama teman dekat takut kalo mengomong a nanti malah salah dan aku bukan tipe orang yang gampang ceritain semua masalahku ke orang lain alias susah terbuka,fear,1
kuat tidaknya iman seseorang itu bisa dilihat saat doi mulai jatuh cinta cinta tuh ngeri sampai sampai bisa bikin seseorang mengorbankan imannya demi cintaaa,fear,1
akhir2 ini merasa sendiri terus iya sih enggak ada yang bisa diharapin masing-masing punya kehidupan dan kesibukannya masing-masing sekedar untuk cerita saja susah sahabat memang susah nyarinya jadi bersyukurlah yang punya sahabat dikalan happy dan susah namun mereka selalu ada disisi kita,sad,2
waktu atau atau atau maupun akan begitu,neutral,3
jijik kamu menjadi pembohong untuk menutupi fakta bahwa kamu ini selain baperan juga bodoh ini adalah perbuatan paling menjijikkan yang dapat dilakukan manusia mengaku panteis bohong mengaku ngikuti astronomi bohong pembohong huek mengaku anak ugm ui,anger,0
semangat pemulihanya sayankk,happy,4
gue enggak suka banget dichat terus ya kalo pembahasan lo bagus dan menarik bakal gue tanggepin masalahnya pembahasan lo tuh itu saja dan hal yang lo bahas tuh hal yang menurut gue sensitif jadi ya gue malas balas chat lo,anger,0
jilbaber baju natal norak anjing2 kalian sudah mnyambut di hotel wahai intel setan username username apep ahmad tardiyana urbane anjing ini saja pola ulah intel busuk lo mengikuti orang kemnpun taekkkk alat teror bngsat lagi2 kalian pasang di kamar kerjasama dengan hotel tahi,anger,0
kriteria titit versi rina tebal atau ke keluarnya periode refraktori bisa beberapa rounde,neutral,3
ke dokter kandungan saja beb kalau takut kenapa sebelum terlambat saja soalnya tiap orang beda penyebab nya ada yang karena hormon ada yang lain,fear,1
username username terima kasih banget pak presidenku n kabinet dengan hsl kinerja yang mulia nkri tidak dipandang enteng semoga tetap kita jaga n terjaga warsan tersebut,happy,4
sudah puas banget itu mam seblak,happy,4
belum sih mau zoom dulu sedih karena sabtu enggak libur,sad,2
gicafe kopi ginseng pin bb d68681f0 wa 085252552807,neutral,3
enggak juga enggak tapi tiba tiba padahal feeling haha gilss,neutral,3
tapi macam kali berhenti macam citizens weh,neutral,3
buka di chrome langsung muncul logonya wkwk username url,happy,4
ah jimin sudah sembuh senang banget,happy,4
daripada keseel saja memikirkan omongan nyokap gue kemarin entar mau nyantai saja tenangin otak ngadem lama nongki di bk balkot saja deh sampai sore url,anger,0
emosi bung,anger,0
orang berkata mendapatkan tiga hal dan hormat,neutral,3
tapi sedih juga karena yang aku pikir selama ini dia baik-baik saja ternyata mikir kayak begitu sedih,sad,2
tbh pengin marah karena dia yang mendadak pakai ikut masuk mobil cuman yang ditakutin bukan diri sendiri sakit tapi takutnya bawa penyakit ke orang rumah,anger,0
mau tau rayuan cowok kadal wkwkw kamu cantik kok enggak belum ada pacar sih kamu suka lagu apa nanti di menyanyikan nanti lagunya aku mainin di spty kamu tuh manis deh bibirnya aku suka bibir kamu begitu lah sudah basii habis tau,anger,0
woii bodok kalo semua komplain beropini berargumen berpendapat dkk mngenai kbijakan pemerintah buat apa pileg dlakukn goblok di pelihara lu lakukan itu malah buat anggota legislatif terhormat itu makan gaji buta tolol pendapatan aggota dewan itu 10x gaji umr tiap bulan,anger,0
menjadikan seseorang kedua setelah pertamamu menjadi ternyaman untukmu pulang adalah terbesar seseorang kau jadikan keduamu bisa kapan tanpa kau,neutral,3
terkadang aku bisa marah bingung sedih dan ceria tak kenal hari dan waktu aku sadar itu dan aku menyesuaikan mungkin yang paling sering terlihat ketika aku berada di kerumunan banyak orang adalah warna warni ceria tapi sebenarnya aku memupuk warna hitam putih dan abu,sad,2
dibilang baik baik nyepelein dimarahi malah marah balik sekiranya hidup enggak butuh masukan dari orang lain hidup di goa saja biar bisa mengekspresikan diri semau maunya jadi enggak menambah masalah begitu lho,anger,0
askmf aku maba aku termasuk orang yang susah cari teman baru kemarin aku gabung sama grup fakultas padahal grup itu sudah ada sejak lama aku bingung enggak bisa ikut nimbrung mengobrol karena belum tau apa-apa aku jadi takut besok enggak punya teman aku harus bagaimana,fear,1
zus tak je kopi branch nih paling cbtl,neutral,3
sedih melas tur kecewa sama diri sendiri ngedumel wae nanging raono perubahan e kudu pie nek wes ngene,sad,2
tuh orang memakai maskernya,neutral,3
heran sih orang stres begitu masih berkeliarab di salemba 2minggu yang lalu juga habis pukul anak cowok juga kayak begitu mana ada yang mau betah di salemba tapi memang sih rt rw lebih cepat menanggapi keluhan warganya,fear,1
huhu memang pendek banget ya kalo enggak buka ig kadang tuh notif live gamasuk suka sedih sedih,sad,2
nya nu jiga kieu mah penjahat nya jaka sembung,neutral,3
hmm takut tapi tetap usahakan percaya diri lah pokoknya sedih,fear,1
baru denise andwee,neutral,3
self titled bin idris 2016 ku tau mas haikal cs jago banget bikin ambience jadi nada di sigmun di album ini gue kaget soalnya lagu-lagunya sama ambience di mv nya benar-benar persis sama apa yang gue bayangkan pas dengar lagunya keren gue suka lagu dalam wangi calm water rebahan,happy,4
dengan akan berakhir dengan benjamin franklin,neutral,3
kirimlah bangsa 10 kg perbulan perjenisnya,neutral,3
sudah enggak mood mau unboxing paket shopee keburu sedih deluan hehe,sad,2
gue terlalu kepo seharusnya gue enggak tau jadi tau tapi mau bagaimana lagi pas tau rasanya benci banget sama dia tapi di satu sisi gue kasihan harus bagaimana juga enggak tau jadi ini hanya rasa kasihan saja,sad,2
terus pasti langsung diomongin selak tua cari uang ya bareng bareng sama suami itu bapak mama mu sudah pengin gendong cucu belajar itu nanti pas sudah berkeluarga pasti tau itu sih anu una unu sudah pada nikah itu sih bla beli blu anaknya sudah 2 hmm ya mlipir,sad,2
bodoh setujuuuuh kecerdasan siritual ahlaq,neutral,3
aslik suka banget sama natrep masih ada produknya yang under 20k cocok di muka pun enggak bukan break out,happy,4
baik kalau soal ham mau tanya koruptor waktu maling mikirkan hak orang lain enggak koruptor itu sendiri adalah pelanggar ham cuma koruptor yang bela koruptor politisi bebal,anger,0
username username tolong dijelaskan maksud dari hal ini dibuktikan dengan penggunaan resi pada transaksi anda yang telah digunakan pada transaksi lain transaksi anda dengan supplier anda saya rasa tidak mungkin ada double resi,anger,0
semangat buat hari ini ya lu deserve tapi be happy anw jangan lupa sarapan sebb,happy,4
jangan pergi anda kata ustadnya ya suka suka dialah stad wkwk,happy,4
i ran around 8pm kat kj area parked my car jalan and deh finished 2 3 loop masa then one uncle you tak ke nih i said je uncle deh lah round ke 3 from afar i saw a guy usha2 i sok i stopped 100m apart,neutral,3
enggak tapi enggak disini,neutral,3
berkoar koar sajalah yang kayak begini sudah di sumpal pakai duit lah diam lah termasuk yang ngamuk ngamuk di sebut jin buang anak jin nya saja enggak marah kok yang manusianya ngamuk ngamuk sadarkah kalian itu sudah di provokasi woii di kampung saya juga ada tempat yang disebut begitu,anger,0
lo harus semangat nan yuk semangat yuk,happy,4
mengeluhkan hidupmu kamu merasakan untuk mensyukuri,neutral,3
nyenyak semangat juga,happy,4
pernah seseorang kamu untuk seseorang kamu kamu,neutral,3
relate banget sampai suka dikatai sombong,sad,2
guru gue campur campur aksennya anjir suka kudu teliti banget liattin gerak bibirnya t t,anger,0
selama mereka di dlem kmr aku suruh pacarku bwa tmennya yang bisa berurusan dengan hal ghaib juga tuh selama di dlem kamar yang aku dengar itu cinta teriak2 ketawa2 kunti dan mengerang keras begitu itu berlangsung hampir sejaman,fear,1
manajer kayanya suka bikin planning sbnrnya walaupun sering banget dipatahkan sama keadaan stay strong,happy,4
semoga orang dzolim ke gue oleh swt,neutral,3
alhamdulillah pagi ini dapat kabar baik,happy,4
username min jangan mati hidup terus mati lagi begini dong listriknya bisa ngerusak alat elektronik kalo belum benar tuh jangan di nyalain dulu terus di matiin lagi rusak elektronik entar,anger,0
siang sender kebetulan avail sekarang dan senggang cause i don t have anything tapi di now bisa kuta mengobrol mengobrol dan jika kamu akan bersenang memberikannya bisa apapun tanpa akan,neutral,3
aku yang selalu mudah kepikiran berpikir kalau keluarga lama lama muak membantu keluargaku terus walau padahal mereka terlihat ikhlas ikhlas saja aku merasa bersalah karena di umurku yang menuju dewasa aku enggak bisa membantu keuangan keluarga aku jadi merasa lemah dan useless,sad,2
takut lah case naik nih erm,fear,1
enggak tapi enggak pernah,neutral,3
paling sedih waktu orang tua sudah kehilangan masa jaya wkwkw dulu bisa kali tiap hari order makanann entah mcd phd kfc dll sekarang kalo mau order menunggu menang giveaway itu pun ada batasan belinya karena harus hemat sedih banget sih tapi ya yang namanya dunia pasti muter,sad,2
wkwk juga keliling liyue dulu ternyata menyaru npc entar besok di wanwen book store mengobrol,neutral,3
yang kemarin mengomongkan sexual harassment siapa ya ternyata semalem bintang dangdut pujaan tanah air kena juga sama pemain bola luar negeri terkenal yang main di indonesia nah kalo ini yakin semua bakal membela mbaknya,anger,0
pagi nder semangat nder,happy,4
semangat kakak,happy,4
umm aku gapapa aku takut oversharing tapi terima kasih sudah menawari,fear,1
untung saja benar jadi enggak malu maluin,happy,4
ayahku mau ke bali dan tadi aku kabarin tentang ini terus ayah bilang kalo ayah wafat doain ya blabla sumpah aku jadi takut banget sama yang namanya meninggal,fear,1
kartosoewiryo itu beragama dan mau bunuh soekarno yang bunuh sayyidina ali ketika solat subuh itu seorang hafidz quran ibnu muljam sampai disini sudah jelas belum bro url,anger,0
daritadi notifikasi twitter saya tidak berhenti berbunyi padahal saya mau tidur saya cek dan ternyata semua notifikasi dari bmkg yang mengabarkan gempa gempa susulan yang terjadi di lombok saya benar benar sedih dan saya berdoa semoga kita mendapat perlindungan tuhan amin,sad,2
kaget mengira bakal zonk eh ayang pulang,fear,1
treasure island cup bonek tak dengan dan tak untuk kulit wajah dan saat juga gan enggak bisa bisanya bisa dinikmatin,neutral,3
euphoria bakal season 3,neutral,3
malu japp sshh berapa haribulan itu btw,fear,1
mengeluh bukan berarti menyerah kok semangat,happy,4
mau menangis yedam sunu i did itu benar-benar enggak menyangka sama sekali dapat hasil segini karena memang uas kemarin hopeless banget takut enggak sesuai harapan dan bikin orangtua kecewa,sad,2
heizou b5 padahal sudah bgarep bangey dia b4 sedih bnaegt,sad,2
pulsa bapak kok cepat habis ya enggak tau pak sambil senyum dalam hati karena berhasil download banyak game di waptrick,happy,4
berasa bego kalau sudah tinggal dikit lagi yang enggak bisa jawab termasuk kitanya wkwk,happy,4
nasi di godong jati enak banget mbak,happy,4
lagi sedih jadi terhibur aku,happy,4
kok sepi rep nya enggak kayak pas masa masa penjilat,sad,2
enggak sih dibegitukan,neutral,3
rlt meminta saran dong akukan pesan sepatu po begitu nah biasanya datengnya seminggu 2minggu tapi ini sudah lebih dari sebulan sepatunya enggak dateng22 ya belum bayar sih cumakan sepatunya mau aku pakai enaknya tanya bagaimana sama penjual mau pesan ke yang lain takut sepatunya datang,fear,1
banyak sekali mualaf yang baru belajar islam 1 3 tahun tapi ilmu agamanya sudah luar biasa tapi saya yang dari kecil muslim ilmu agamanya jauuh banget ya ini namanya malu banget,sad,2
belajar bilang alhamdulillah kalo dikasih masa masa yang sulit alhamdulillah allah masih sayang makanya diuji alhamdulillah diingetinnya di dunia biar di akhirat enggak masuk neraka sedap betul,happy,4
pas masuk sudah bilang iya soalnya saya bingung ke sana di mana2 macet duh kenapa juga ambil orderan saya pak ini belum jam kantor pulang lo macet juga lampu merah doang jalan belum tauk cikampek sama jorr nih,anger,0
username min mau bertanya misal ada kesalahan buku pajak harusnya ppn tapi ternyata pph minyak bumi seperti gmbr brikut solusinya bagaimana url,fear,1
username kalo saya pun akan keluar dari demokrat kalo hanya dijadikan pemandu sorak hanya orang yang tidak punya harga diri yang mau manut pada surabaya yang dengan tidak tau diri mencalonkan anaknya yang tidak tau apa-apa menjadi capres padahal pasti kalah,anger,0
ya bagaimana diajak jalan saja enggak tau kenapa suka ada rasa takut seringnya nolak mungkin itu yang membuatku enggak pernah bertahan lama hubungannya bingung enggak pernah sampai sebulan eee e e kalo di imvu sih paling lama berapa ya ya sama agun itu 3 bulan sama 2 bulan hmmm,fear,1
iya makanya gue takut banget,fear,1
username username menanti balasan dari tuhan begitu ya ya sih doa orang yang tersakiti itu mujarab asli intinya terlalu cinta disakitin apapun itu ia tetap cinta kasihan gue jadinya sedih,sad,2
jangan melihat masa lalu lebih baik dari saat ini karena hanya buatmu sulit temukan bahagia untuk dirimu sendiri just be happy,happy,4
entah harus bersyukur karena dikasi tips atau emosi karena secara tidak langsung tertampar kenyataan,anger,0
pagi2 pasti emosi,anger,0
ha tuh lu doang tau definisi adek enggak sih lu ilah bikin emosi,anger,0
wahaha syukur ye gajadi malu,happy,4
remember the day pura-pura bego nan di mengobrol ao3 teman padahal tab ku,neutral,3
username selamat ultah kak renoo wkwkw semoga kita bisa dipertemukan lagi di satu kelompok kalo sama reno gppa deh semoga bahagia dan sejahtera selalu bersama dek oza hehehe,happy,4
aku butuh kepastian bukan harapan palsu,anger,0
walaupun tidak terlalu banyak berinteraksi di kampus selain di kelas dan praktikum tapi pengalaman paling berharga dengan beliau adalah ketika beliau menjadi penguji saat sidang skripsi hamba ridha ya rabb di tanya ini itu oleh beliau,sad,2
tapi mnrtku enggak nder,neutral,3
username pasti banyak yang belum baca mangany dan merasa kalo ini remake amrik kayak powerrmarah cuih yang baru rilis kemarin padahal manganya mantap bro dan memang sejujurnya semacam thor dipakein baju ironman,happy,4
jadi kayak kebalik begitu dulu socmed jadi escape buat gue ekspresiin kegilaan sekarang berhubung socmed jadi lebih seram dari dunia nyata eh jadi dunia nyata yang gue jadikan escape dari socmed,fear,1
player pro player pon,neutral,3
iya gue memilih jalan yang enggak tau salah enggak tau benar bagaimana caranya rumah tangga gue baik baik saja cuma itu memang setelah mbak e ini lama hubungan gue baik bahagiaa ribut hal kecil ya tapi sampai kena pukul dan kepala bocor sih gue sudah biasa dan itu hal kecil buat gue,sad,2
karena saya bego,sad,2
ini kakinya diapakan sih harusnya ya ampun sakit banget nyeri orang rumah sudah pada jengah kali ya aku aduh aduh mulu gara-gara serangan mendadak di kaki,sad,2
was2 ketar ketir deg-degan karena takut ditolak telat meeting pekerjaan belum kelar lupa beli apaan pas disuruh emak beli sesuatu,fear,1
hampir 7 tahun di jogja sekarang lagi packing perasaan kemarin sudah di cicil di bawa pulang tapi tetap masih saja berasa banyak padahal bajunya itu2 saja,sad,2
jenius banget sih makasihh kamu belajar darimanaa,happy,4
ngeri mbak sedih,fear,1
selamat ulang tahun adekk sehat dan bahagia selalu ya,happy,4
oke kak wulan sama sama ya beyar senang mendengar kabar baiknya selamat menikmati layanan indihome kembali dan selamat berakhir pekan senang beyar,happy,4
username kami muak atas ketidak pastian hukum di rezim ini hukum itu memberikan keadilaan serta kepastian bukan ketidakpastian,anger,0
nyenye nye cowok sekarang banyak yang bangsat,anger,0
jangan begitu nmbh sedih ini,sad,2
fisik apa itu yang kalian cari apa kalo lu mati ditanya seberapa ganteng lu atau seberapa ganteng muka pacar lu sekali nasib anda,anger,0
setuju banget sama kok ernest karena setelah beberapa bulan baca story di ignya catwomanizer ternyata banyak banget perempuan sama laki-laki yang gaberani mengomong kalo mereka dilecehkan dan jatohnya jadi trauma seumur hidup lho ternyata ini nyata bukan rekayasa seram bayanginnya,fear,1
halah paling juga gugur lawan psg kecewa sama taktiknya,sad,2
bagaimana nya lah,neutral,3
kayaknya gue memang harus beneren kudu mendengarkan sih zeco buat kali ini deh wkwk sedih juga deh gue kalo begini begini,sad,2
jika kamu apalagi sang pecipta,neutral,3
kalau habis mandi terus mengaca kadang suka mikirr gila sih muka gue mirip alien banget sedih,sad,2
di telepon ex bisa biasa saja tapi kalo ketemu jantung saya tidak aman,fear,1
semangat kerjanya ayang,happy,4
ya allah aku salah fokus tempatku pulang begini saja aku sedih kayari kayanya sudah tau rumahnya ya,sad,2
dit gue bodoh ranking 35 36 jadi menurut lo apa gue paham arti md itu sendiri selain mercedes benz,anger,0
lost 3kg ini a month gara-gara pekerjaan yang cukup bikin stres padahal dari zaman kuda susah banget nurunin sekilo doang daku tersenyum perih url,sad,2
maksud aku tapi itunya yang gua melaka enggak enak banget bestiee enggak tau sih tapi kalo yang suka manis2 dan enggak suka kopi kayanya bakal suka,happy,4
jangan panik jangan panik,fear,1
username username lah bagaimana saya mau pilih golkar karena orang yang katanya penting enggak memperkuat investasi di indonesia nabung saham katanya mules kalau lihat saham bakrie group pemerintah perlu tertibkan pt2 seperti saham bakrie username,anger,0
username selalu seperti itu ri siklus nya sesering apapun kita pernah bersama dengan orang lain selalu sulit untuk memulai dengan yang baru,sad,2
sendernya enggak begitu yorobun,neutral,3
pertama suka idolnya tsukipro itu dari 2 5d butai tsukiuta suka banget six gravity baru deh mendengarkan drama celana dalam dan menonton animenya lalu menjalar ke grup lain kayak solids growth vazzy dan infinit0,happy,4
terima kasih ayah bunda yang sudah mempercayakan treatment untuk baby raesha di username semoga baby raesha sehat dan bahagia selalu,happy,4
mau bilang kicep takut begitu saja kok malu saadd kasad,fear,1
terima kasihh aku kemarin sempat down banget karena pertama kali jadi komisi orang begitu aku takut orang enggak suka desain ku sampai sempat stres seharian tapi alhamdulillah dia mau menerima terus dijadikan desain baju jualan dia huhu,happy,4
sudah semangat lagi kan chaeyi,happy,4
lagi sibuk ngedit konten di ruang tunggu tapi kok sekumpulan nenek didepan saya seru banget ya mereka lagi ghibah ternyata hal ini menunjukkan bahwa kapanpun dan dimanapun ghibah itu asik,happy,4
baru tahu kalau setiap edisi username itu enggak cuman di upload full ke youtube tapi juga ada versi pecahannya yang sudah di cut per film lumayan nih buat menghemat waktu dan kuota juga karena durasinya paling lama hanya 10 menit senang,happy,4
iya kan mana out of context deh replynya sih ini agak ngegas orangnya enggak sih audsun somewhat terkesan chill nah tapi sih audsun nih ngereply deh tapi eh mereka temanan,neutral,3
masih pagi jadi harus semangat dong,happy,4
username baru selesai sahur nih git kalo kakak sih suka dua nya suka kamu juga lagi eh tadi sahurnya pakai ayam goreng sama mie goreng saja nih,happy,4
mau banget,happy,4
pak username ini asli loh pak bukan editan username username username username om sesekali dong kupas persoalan di wilayah kami kok bisa bisa nya hukum dan keselamatan warga parungpanjang di nomor sekiankan siapa sih om yang bermain di sini url,anger,0
ini yang kami sebut kebahagiaan member saja mungkin sering berubah karena tugas mereka untuk negara tetapi aku tidak bisa menyembunyikan kegembiraanku tahun depan kami menyelesaikan perjalanan panjang kami mengirim oppa kami untuk mendaftar wajib militer url,happy,4
sudah buka mungkin habis imlek mau order roti srikaya dulu buat ngopi sisa yang pandan saja jadi sedih yang lain sold,sad,2
kenapa sih kalau ada pilihan enggak pernah mengikuti kata hati selalu meng iyakan padahal hati enggak mau cuma karena sungkan sama tawaran orang astaga kalau sudah begini kepikiraan,sad,2
mula murung pastu tak murung deh hehe,happy,4
sedih doi belum mengucapkan hhuhu,sad,2
pagi yang ceria,happy,4
username min bagaimana nih yang sesi pertam waktunya hampir habis tapi belum bisa login sama sekali dari tadi apakah ada penjadwalan ulang untuk tesnya kan kesalahan dari server bukan pelamar,anger,0
kantor pusat nih bagaimana pakai mendata medsos kantor vertikal di bawahnya dan nyuruh follow akun medsos kanpus padahal di jam kerja saja kami enggak bisa akses medsos via jaringan kantor disuruhnya buat akun medsos fb ig yutub twitter kantor kalo belum ada,anger,0
orang mah enak punya tempat curhat selain tuhan ya maksudnya lah gua kalo curhat ke sape guamah mengomong benar bisa disalahin apalagi salah huft,anger,0
emosi banget miu tahan aku supaya enggak gebuk ele,anger,0
harusnya bisa lebih bijak tapi efek booster dan kecapekan jadinya melu emosi deweeeeeeee can t control my seellffff,anger,0
orang kalo senang mengobrol pasti ngobrolnya lama pura-pura mengapai kayak biar enggak merasa nyaman bukannya jahat kalo diladeni terus yang ada lu kelewat makan siang dan shalat yang namu juga enggak mikir sudah waktunya makan siang bagi orang orang kantor untung bukan gue yang meladeni,anger,0
username username username username username username username duwet maut ibarat bintang sepak bola belgia hazard lukaku saling melengkapi dan melayani dalam mencapei kemenangan,happy,4
beliau disana mendengarkan sembari tersenyum sesekali cerita kami terpotong oleh orang orang yang keluar masuk meminta tanda tangannya sampai kemudian berujung pada satu inti boleh tidak pak kita berdua ujian duluan dan beliau tertawa tapi masih berwibawa dan teduh,happy,4
teman ku ternyata bingung orang kalo chatingan tuh dibahas kalo tuh semales setelah suami dirumah terus chatingan kalo enggak palingan penonton story,neutral,3
samporasun kepriye kabare om suastiastu nara gerotelo kenapa habar thats all from indonesia,neutral,3
sudah ah jangan sedih katanya strong sel adit,sad,2
namnjim lag like like nya ngeri banget anak buah imam jumbo memang sama saja semuanya,fear,1
kehendaki padanya akan menimpakan padanya hari bukhari,neutral,3
username kenapa baru sekarang aku memilih diam lalu berlalu kesempatan sudah hilang di tengah ribuan logika yang ku buang demi kesempatan untukmu,sad,2
sebab tetap pencen n senang dapat loan kot huhu,happy,4
idm bagaimana sih cara halusnya untuk bilang ke teman bahwa dia itu toxic aku takut dia sakit hati kalau aku kasarin username,fear,1
contoh dengan bagaimana menghormati dan pemberi amanat,neutral,3
kalo mereka gue enggak sih,neutral,3
aura sedih gapapa kalo kamu menangis dan bikin kamu bisa mengeluarkan emosi yang kamu merasai tapi jangan lupa untuk tetap tersenyum ya besoknya gapapa menangis sebanyak2nya kalo itu memang bikin kamu lebih baik walaupun sedikit senang,sad,2
apa sebutan yang pas untuk pasangan muda anak 1 tinggal di rumah orang tua cewek anaknya dijagain ibunya selagi mereka kerja eh pas lebaran malah ditinggal ke rumah mertua sebelum solat ied dan sungkeman semoga besar pahala yang dikasih ke ibunya woi anaknya sadar kayak,anger,0
barusan telponan sama teman sd dan happy banget dia mau mengasih gue kesempatan untuk melakukan hal yang pengin gue melakukan banget banget banget,happy,4
balik ke rumah badan jadi melar lagi coba saja dikosan makan buah buat buka saja juga sudah cukup percuma deh nurunin berat badan di perantauan baliknya nimbun lemak lagi,sad,2
atheis punya rasa benci mengira umat beragama saja lalu apa bedanya senang,anger,0
yuuta t t semangat di sendai,happy,4
dulu sahur buka semua sudah disiapin sama ibuk sama kakak2 susu sudah siap sekarang sudah gantian aku mengurusi anak-anak kakak kuterharu waktu terus berjalan ya,happy,4
ore sedih ore mau punya chingu lah,sad,2
tapiii pokoknya tetap jadi abang yang baik ya walaupun dingin jutek begitu tapi dalem hati pasti sayang banget tuh sama gue pokoknya intinya hbddddd sama brooo,happy,4
bodoh banget memang gue telat sadar kalo menutup aurat itu ya begitu loh bodo amat mau lo di rumah lo sendiri karena bisa saja ada tamu non mahram datang atau tiba-tiba sepupu laki-laki datang,fear,1
kenapa pagi pagi begini sudah ada yang bikin emosi,anger,0
iya apalagi kalau sudah yang sakit banget yang susah makan begitu suka meminta suapin mama terus kalau tidur harus ditemenin papa juga t t,sad,2
sudah habis tuh bpk kuomelin ya allah pak bpk yakin enggak jemput saya nih cuma karena feeling saja percaya tuh sama allah paak blablablaa tapi bapanya bersikukuh lalu tinggallah daku sendiri tiada yang menemani di kosan segede itu,sad,2
barulah disini dia kelihatan nipunya masa iya dia bilang begini yaudah mbaknya istri polisi kan sini cium muah jijik banget sumpah kena bibirnya kan lagi sini muah anjink kesal,anger,0
wikipedia reminder moa biasakan wikipedia txt 1x ari social rate juga ubah ke mode desktop scroll aca selama 3 5 menit,neutral,3
kemarahan bisa begitu memuncak orang adalah begitu juga dengan menghindari mereka kita digambarkan bagaikan dan di militer terhina,neutral,3
ayam penyet ijo kak sih tapi nguantri,neutral,3
poin no 3 solusinya kontrol your kntl pak enak saja sudah dikasih 1 buat seumur hidup masih meminta cicip yang lain poin no 4 juga geli bacanya ujung2nya yang dipikirkan juga perkelamninan ye ini buaya2,anger,0
dikit bangey baru juga beli belum sebulan sudah mau habis sedih banget agak mahal juga tapi cocok sih lumayan nyobak yang wardah enggak cocok soalnya di aku,sad,2
mereka enggak akan pernah telusuri dengan kisah dan alquran disampaikan sepotong sebarkan demi menjelek2an ajaran,neutral,3
apa itu keposesifan gue sama sahabat gue takut diapa-apai sama l apa gue jealous karena gue lagi enggak ada gebetan yang bisa diajak jalan apa gue takut kehilangan sahabat apa gue jealous karena e dekat sama l,fear,1
username sulitlah dipercaya ocehan sih rusdi nasution penjaga toko mas username kimak tukang bikin hoax ini tarkul saja sana kok lae nasution,anger,0
contoh orang tolol bin dongok,anger,0
jangan cuma menulis di sini mengomong sama sih mulut jamban username,anger,0
karena takut tenggelam dalam lautan luka dalam,fear,1
frik ambis enggak jelas malas gua merasa bodoh enggak bisa nyimbangin asu kesannya jelek mulu gua padahal rata rata sudah oke,anger,0
eyo angkasa kamunya,neutral,3
halah tolol ngang ngeng ngong menghilang juga lo,anger,0
username masalahnya banyak banget sih yang enggak mau belajar dari sejarah padahal sejarah dunia ya begitu-gitu saja muter2 disitu tapi gue lebih miris sama orang yang masih menganggap saudi dan us adalah dua kubu yang bersebrangan,sad,2
ya allah semoga 2019 tidak ada lagi 2 manusia super hero di dpr,fear,1
optimis bisa semangat pak menteri bumn erick thohir ingin harumnya aroma kopi indonesia bisa tercium hingga mancanegara,happy,4
kemarenan takut melawan monster monster di kantor baru tapi ternyata ada yang lebih menakutkan dari mereka dan paling susah untuk dilawan adalah ketakutan diri sendiri untuk mencoba,fear,1
beneerr sudah enggak mengerti malu pula,fear,1
gue bilang ke bude gue bahwa gue sangat takut lalu diusirlah kucing2 itu dan di luar rumah sepupu gue sudah siap menggendong sih kucing gue hanya bisa nganga dan membatin yaallah semoga masa depanku tidak harus berhubungan dengan kucing,fear,1
semangat kerjanya,happy,4
dulu wa isinya kalimat manis peredam penat penyembul semangat mood booster sekarang gombalannya hilang diganti omelan versi digital bos yang suka pedas dan bikin trauma buka wa,sad,2
apalin nomor kendaraannya dimana enggak cctv karet nya blong dong,neutral,3
daripada meningan tambahkan followers kamu disini,neutral,3
kebanyakan orang mendengarkan lagu kayak begini ya salah satunya utopia ingat kenang perjalanan cinta mereka tapi gue enggak begitu suatu lirik dapat mewakili strategi sebuah korporasi ada lagu yang buat gue sedih saat dengar yaitu toxicity sod selalu teringat almarhum teman sudah ah,sad,2
pawang nya loh pak lurah,neutral,3
aku enggak pernah meminta nebeng kecuali memang ditawarin karena ya ini dan enggak enakan juga soalnya waktu itu ada teman yang cerita dia sebel banget meminta ditebengin mulu mentang searah jadi suka kepikiran kalau nebeng dia keberatan apa enggak,fear,1
dari kemarin aku demam tenggorokan nya sakit ya allah takut,fear,1
tidak memaksa buat kenal sama gue tidak memaksa buat ml sama gue yang gue paling enggak suka chat enggak pernh di balas giliran gue enggak balas lo sakit juga enggak hahaha makan tuh ucapan lo sendiri,anger,0
semoga enggak nongol ybs seram aing bisa salah tag,fear,1
justru kalo malah pakai haram bikin masa sekitar kerudungan malah bukaan justru orang kerudungan tapi daerah ke warung harusnya hijaban nutup,neutral,3
anehnya dimulut sama sekali enggak kepedesan tapi habis itu langsung sakit perut semaleman benar-benar sakit perutnya hari ini sudah bolak balik ke toilet biasanya makan pedas kayak bagaimana juga enggak sampai segininya apa yang salah,sad,2
jika juga kebaikannya kesalahannya begitu,neutral,3
kurangi intensitas berkabar jadi tak berkabar tiap hari yakali tiap hari banget begadang cuman buat face time dan telponan dikantor tidur namanya juga perjuangan det ya enggak begitu juga sih bejuang enggak sekonyol itu juga ada saatnya lah,anger,0
biasanya nasduk sekarang bubur,neutral,3
mungkin salahku bang terlalu memanjakannya kan enggak salah iya sih tapi kelamaan kok cam manfaatin lah kok diam namanya sayang kok ngeluh sikap berpura suka bersumpah untuk membela dirinya awak tak suka takut karma apa dia sadar ya bang ntahla cuma dia yang tau terharu,sad,2
ya berkali kali farah suka mengingatkan untuk enggak diterusin katanya makin gue perhatian ke dia makin sulit buat gue untuk melupakan soal dia tapi nihya far sudah gue coba dari jaman kapan ahelah ujung2nya penuh risiko re suka kangen hmm pahit sedih,sad,2
sedih tapi masih pagi,sad,2
qaqa jangan marah marah takut nanti cepat tua,fear,1
saya sadar saya ini siapa kamu siapa dan takkan mungkin mjd kita kangen iya jarang ketemu iya kadang curigaan iya karena aku kamu mimpi yang waktu itu mungkin biar kangen ku akan kamu terobati nyatanya malah menjadi arhhhh allah maha tau,sad,2
menyantuni anak yatim adalah sebuah kewajiban mereka juga berhak bahagia seperti kita layak untuk bahagia pramuka peduli untuk mereka pramuka untuk indonesia,happy,4
menonton sis masih on going emosi mulu ya sekarang nntonnya sudahlah mengikuti saja,anger,0
selamat berkerja p ganjar username jadikan jateng lebih nggayeng yeng kapan nih bisa gowes bareng lagi bisa dirayakan nih dengan gowes bersama selamat selamat selamat,happy,4
ketika dokter pembimbing demanding suka nanya2 tetapi dia baik banget,happy,4
memang lebih baik sih baby bahagia sama yang lain karena dasarnya saja sejak 5tahun yang lalu pas sih om lupa ingatan sih om sudah hilang rasa kan sama baby drpda di paksa mending baby sama yang lain saja yang benaran tulus sih om juga sudah nemu bahagia a yang lain kan,happy,4
username username username maksudnya al sama adam tuh kembar sha sama-sama 22 mei jadi koplaknya sama begitu heeet nyama2in saja nih url,happy,4
askmf kalian yang kulitnya normal skincarenya banyak enggak sih sedih aku pengin ngejaga kulit supaya bersih tapi takut knp2 kalo memakai macam-macam terus masih kecil juga wkwk sedih,fear,1
bahagia kalau kamu datang tepat waktu bahagia kalau ac bekerja dengan maksimal bahagia kalau perka berjalan normal selamat bekerja ya min username,happy,4
tapi kenapa eh cert mysj as long kita bertegas deh amik 2 dose should be fight jela kan even kj ugut macam,neutral,3
username pas cerita ke pak puh bapak sepuh masnya bapak yang memang bisa lihat beliau langsung ikut ke kosan pas dilihat ternyata memang ada nongkrongnya di depan gudang sedih tapi enggak bilang wujudnya bagaimana hmm,sad,2
jadi yeorobun kan biasanya gue kalo tidur lampunya dimatiin nah terus gua lagi buka twt tuh gelap2 tiba-tiba ada kecoa yeorobun jatuh di sebelah gue panik gue lngsng bangunin bokap gue untung belum tidur gue takut banget sama kecoa enggak tau kenapa sedih username,fear,1
username last but not least harus selalu bersyukur amp,happy,4
hurmm macam komputer telah maka kita kenali dan berlapang dada dengan kompen,neutral,3
gub sebelum username jauh lebih kaco dan tidak manusiawi makanya pantas dapat pengharhaan 3 tahun di penjara itu bukti username url,anger,0
kalo ada yang hapal orang orang nye enggak mungkin bisa teriak rojali jangan pernah menuduh yang belum pasti apalagi menusuk saudara se persija sendiri url,anger,0
oh iya ngeri banget sampai keluar ususnya matanya dicolok badannya kepotong yang ditangga,fear,1
selamat pagi fan mu sabar masih banyak kecewa yang harus dilalui wakakaak,happy,4
pernyataan orang sedang ia rileks menjelaskan tanpa kemarahannya mengambil keadaan akan sana,neutral,3
di kost bosan banget tapi mau main keluar takut deh kasus covid lagi naik mana mau ada event jadi mesti jaga kesehatan,fear,1
azab jualan ayat lah bego,anger,0
jadi sekarang bokap nyokap gue enggak mengasih thr begitu buat anak-anak dia sedia snack atau coklat kecil2 bungkusan begitu buat dibagi mirip2 halloween di amrik begitu lah,happy,4
kalo di sinetron itu yang jahat jahat banget yang baik bego banget,anger,0
semangat bro,happy,4
itu lah bodoh mu bong disuruh baca tidak mau baca pbb cikal bakalnya dari masyumi pbb keluarga besar bulan bintang masyumi dasar bong200,anger,0
dengan jika kamu membutuhkan untuk kami kembali atau kamu juga bisa mendapatkan center via ataupun website have a day by ts,neutral,3
i play both tapi lebih suka the electric one karena amp sempat rusak jadi sudah lama enggak main tmi when i was ini a band i play the keyboard though oh dua duanya sudah gue baca your letter tuh artnya bagus banget,happy,4
username uang itu mengikuti program bukan sebaliknya ada usulan program ada uang disini lain diplot uangnya dulu baru nyusun program jadinya ya begini uang banyak tapi pembangunan enggak tersentuh,anger,0
lo menghujat dia sama saja lo membiarkan sexual harassment merajalela goblok dilecehin malah suruh marah nolak maki maki ya enggak mempan buat pelaku sexual harassment yang dilakukan via vallen mempengaruhi karir sih simic ya sudah resiko simic lah goblok,anger,0
first people mhn ketidaknyamanannya kami modem dan area bypass menggunakan kabel lan modem ke device kemudian situs detik dot com dan youtube dot com bila kembali tks sita,neutral,3
lagu ini kayaknya lagi hits sangat memang enak sih ensenang just give me a reason by p nk at kara si rom,happy,4
memang ya kalo sudah ragu mending enggak usah sekalian,fear,1
username oo begitu beda kali ya gue malah disuruh soalnya mensnya keluar ngegumpal terus begitu jadi takut jadi kista pas minum pil kb jadi lancar jaya,fear,1
sedih ya hahah mangats dong,happy,4
untuk pengalaman kemarin hari jiwa dan raga sedang tak seirama rungsing pada awalnya curhat dengan kawan dan akhirnya saya berkontlemplasi sendiri hasilnya ternyata allah itu baik banget ya mengasih kepercayaan kepada saya mengatasi persoalan hidup yang sebegitu kompleksnya,happy,4
can relate antara enggak,neutral,3
sedih banget pagi pagi,sad,2
gue juga tadi lur ini kita makan2 deh enggak,neutral,3
lanjut di bareng lia sobat cantik kamu termasuk cewek yang kalau keluar rumah suka pakai sunscreen atau yang cuek saja ya paling cuma pakai jaket doang ya karena kita kan memang harus melindungi kulit tubuh dari paparan sinar matahari biar enggak kusam,happy,4
ke sumsum tapi ini menjadi terasa kita diganjar kepemimpinan sekarang saatnya perbaiki masing-masing kembali ke ajaran masing-masing ini satu2nya cara mengembalikan sisi kemanusiaan,neutral,3
memang enggak bisa kalo urusan yang menuntut kinerja profesional tuh libatin keluarga ngegampangin banget mau marah juga rasa enggak enakannya masih kentel entar yang ada ngaruh ke hubungan keluarga,anger,0
kegiatan ibadah sholat dzuhur uils koja penerima manfaat bersama petugas pendamping melakukan ibadah sholat dzuhur berjamaah indahnya kebersamaan url,happy,4
agak lelah nih menangis,sad,2
lah saya memang tidak suka tapi bukan paksaan saya lebih jijik lihat pendukungnya banteng sama owi segala cara dilakukan dan muslim di bully wkwk url,anger,0
semoga lancar selamat pesantrenku menuju usia 1 abad usia dimana dilahirkanya para pembaharu pembaharu dibidangnya dan semoga pesantrenku menjadi salah satunya,happy,4
ngeri banget temenmu nder,fear,1
sih gue ale juga enggak awkward sekarang awkwardnya tapi juga kebiasa semula,neutral,3
enggak ada gunanya pit against another women terutama yang sudah mendapat perlakuan tidak menyenangkan mungkin dulu wanita2 enggak punya hati dan empati ini juga dilecehkan namun instead of dia lawan malah dianggap menyenangkan shame on them,anger,0
username lepas pukul lima di tepi pelataran senja kau beri kode lewat tatapan mata sempat aku mengira itu cinta ternyata justru lara setelah engkau berkata minggu depan aku nikah datang ya,sad,2
ssst iku waktu nyalon gubernur seriusan negeri ini mjd tkesan sejak pilpres ilgub ilbub pileg tmasuk sejak byknya mentri pjabat bumn dipecat tmasuk pensiunan pjabat belum,neutral,3
enggak sarapann adin,neutral,3
menyendiri dulu deh mabok dulu biar enggak panik,fear,1
pagi pagi luar biasa,happy,4
bisa enggak sih kalo bimbingan itu enggak usah digabung sama bokap s2 s3 gue kan jadi jiper malu banget kalo ngang ngong ngang ngong kelihatan begonya sedih,sad,2
username waduh mas mas omonganmu kok koyo begitu sih enggak semua kayak begitu orang kalo enggak dikeplak duluan ya enggak bakalan ngamuk kok wis talah enggak usah bikin twit kayak begitu enggak dah untungnya juga bisa menghasilkan uang po enggak kan,anger,0
username takut banget takut di bawa kabur soalnya dulu pernah pengalaman dibawa kabur keluar kota untung ada bang ojek yang bisa bawa daku kabur waktu mereka pikir aku enggak bakalan lari hmmmm mereka enggak tau aku pux duit 30 ebong buat ngibrit,fear,1
pakai pura-pura kaget segala sok iya kesal,anger,0
mereka untuk dan pintar orang orang merekapun juga dengan adanya pondok pintar papua inu ucapan orang diberikan untuk satgas yonif,neutral,3
mau marah tapi benar bagaimana dong happy taehyun day 21,happy,4
kesel sekesel keselnya soal kasis via vallen kenapa dia yang berani speak up malah dihujat yang ikut menghujat sesama perempuan pula sedih rasanya kok ya cewek2 ini nyuruh sih via vallen diam saja ini pelecehan loh harus dilaporin ke polisi kalo perlu,anger,0
mungkin wajar kalo ada orang islam agak kesel dengar cewek berbusana minim agak tengil mengomong pakai bahasa arab karena bahasa tersebut bahasa yang cukup sakral buat orang islam tapi enggak bisa dipungkiri kalo orang arab enggak smuanya taat jadi wajar dia punya tabiat begitu dengan bahasa arabnya,anger,0
ngopi enak,happy,4
film yang bikin tante tante dan mbak-mbak macam gua begini blushing di bioskop iqbaal jadi dilan tepat banget sih walopun milea nya b saja url,happy,4
kayak kalo memang enggak ada bisa enggak sih jangan accept orderan aku kan jdnya mengasih harapan palsu aku enggak mau kacang ijoo maunya tausaa,fear,1
jangan sedih dong karina,sad,2
ah kalo dilihat sih enggak,neutral,3
sih indy malu sampai ke ubun ubun,fear,1
mardani username mingkem tidak bisa jawab makanya masyarakat cerdas menyesatkan,anger,0
semangat puasanya dap,happy,4
cowok kayak begini alasan nya sudah biasa di dengar,anger,0
jpn sgp takut gila,fear,1
luka karena cintamu mengingatkanku pada kita,sad,2
aku ya pengin coba kenain air tetap saja takut,fear,1
ingat jaman sd sekitar kelas 3 4an tiap pulang sekolah pasti mampir ke rumahnya username buat main dan menonton meteor garden sama mamahnya ikut mandi sama makan juga baru pulang kalo sudah di telepon mamah haha,happy,4
bigrt suatu sat saya akan jadikan kamu tempat sampah sama seperti kamu jadin saya tempat sampah,anger,0
semangat eventnya cantik,happy,4
kereta milik cuma sarawak abang johari celaka punya vvip aku paling benci dengan golongan puk ke nih,anger,0
secreto ku setelah enggak update au di,neutral,3
happy birthday uri maknae semoga bahagia dan sehat selalu ya,happy,4
semalam habis menonton dew dew ini remake bungee jumping of their own korea aku sudah menonton yang ver korea dan memutuskan menonton yang versi thai karena katanya lebih sedih dan juga karena yang main ohm pawat dan benaran memang sedih sih aku lebih suka yang versi thai dari pada yang versi koreanya,sad,2
terkadang ingat dulu minat diri ini tuh pengin jadi pegawai bpom sampai sudah ngambil umb di unj jurusan kimia murni tapi apa daya masuk nya malah sih di gunadarma boro-boro jadi itu staff kerja nya jauh habis hahahaha dan sekarang minat kerja di lab muncul lagi tapi sudah telat siiiiss,sad,2
sempat juga iya ingin mengajak nya pram,neutral,3
duuh enggak lama lagi insya allah ngalami masa-masa ini melepas anak lanang kuliah pasti ambyar hati mamak ya mbak selamat belajar mbak n sehat bahagia n sukses selalu semoga tercapai apa yang disemogakan amin,happy,4
username enggak usah di jelasin bang biarkan saja dia yang cari berita sendiri padahal sudah di jelasin gimane kronologis nye sama orang bantul nye sendiri memang saja otak nye yang pade lola,anger,0
makanya pernah saya sampaikan kepada anda username jangan kebanyakan baca novel menonton film dan menonton mak lampir pahami saja keseluruhan isi kitab suci al qur an akhirnya anda nyasar kan i t lu url,anger,0
seperti katak dalam tempurung kepercayaan tinggi terhadap hegemoni ilmu sains dan teknologi sebagai solusi pragmatis apolitis dari beragam permasalahan di indonesia adalah bentuk dogma atau ideologi sila google scientism sila google arogansi alumni itb eh,sad,2
betah di jogja tapi sudah kayak kotamu sekarang bep macet sedih location pantai parangtritis yogyakarta url,sad,2
kalo ke canggu wajib banget sih ke moana sih ini pesennya super random tapi enak semua apalagi black sauce nya,happy,4
ada yang mulai sebar bacot pesan prabowo ke seluruh kader gerindra jangan jauh jauh dari ulama,anger,0
fuck masa lalu gila pagi2 sudah di ungkit-ungkit saja sih kupret yang di anggap baik,anger,0
anjwengg panik dikit ada,fear,1
username nyata black campaign itu ada dan terjadi di negeri ini miris sekaligus ngeri bila memperoleh jabatan hasil dari fitnah dan bohong,fear,1
ramalan zodiak sabtu 05 februari 2022 laman riau,neutral,3
jangan hanya tau korupsi lalu uangnya dihamburkan untuk negara lain dprri anda semua adalah pemegang amanah rakyat oleh karena rakyat anda bisa bersuara lantang dan oleh karena rakyat anda bisa menjadi terhormat lalu apakah anda bisa menghormati amanah rakyat ingat dan camkan,anger,0
pertama tama ulangi enih cih kudaranai watashi bangun di 2022 dan belum menjadi character anime belum di isekai ck watashi,neutral,3
kayak bagaimana ya kadang itu melihat kebodohan orang itu bikin pengin hihh sudah tau ada gejala lu bilang lu sakit tenggorokan waktu tes positif kok kaget enggak ada gejala lah itu yang lu tulis sebelumnya apaann,anger,0
gila malu banget lah,fear,1
alias gue ini unik wkwk bedanya kerasa gue ipa 1 waktu 11 walaupun ipa 1 dan walkelnya killer begitu lah ipa 3 selalu begitu diangkatan gue dan selalu walkel,neutral,3
takut ditinggal ayang,fear,1
iya pasti lancar fight buka toko kue saja biar enak jualan tiap buka gue beli tertawa,happy,4
setan kribo ini model 2nya kayak sih murtad saefudin ibrahim yang sekarang pendeta yang selalu mendeskriditkan islam sih setan kribo kalo mau murtad murtad saja sekalian jadi umat islam cuma bikin masalah n nebar fitnah kalo pemahaman agama islamnya dia benar enggak kayak begini narasi sih bangsat ini,anger,0
ya enak sih gawe tandang gawe ndang mari,happy,4
di anyara anggota dki aku pengin macarin model kasino marah saja lucu sewotnya apalagi pas ngerayu cewek,anger,0
aku gasuka sih tapi gondok dan dongkol dan mangkel saja dan kagetnya lagi dia mau meniqaaa semoga insyafmu enggak abal abal ya mas ha ha ha semoga sudah alim benaran cuma dia ingat enggak ya tentang habluminallah habluminannas enggak ada niat meminta maaf wanita2 yang disakitinya begitu,anger,0
username enggak ada yang salah kalo dia cuma joget sambil minum minum cantik kecuali dia clubbing sambil gendong anaknya jadi ibu itu enggak harus dirumah doang mengurus anak suami me time sesekali is fine,happy,4
masih ada ya hari begini yang takut tempat pelayanan nya di ambil sama orang lain heiii pelayanan itu punya tuhan sapa saja yang tuhan percaya diberikan aneh pakai main fitnah dan jatuhkan orang ya,anger,0
padahal sudah cuma diam saja masih di omongkan apalagi indak diam ya hahah bagusan sih indak diam diam mengoceh saja sih jatohnya sama saja di omongkan,anger,0
silibus kita memang kbat gila babi bodoh yang buat silibus nih learning should be fun,anger,0
kentang akan memberitahu kalian sekarang bisa dijadikan konten akan melakukan apapun dengan diriku ini waktu,neutral,3
bangsat off target lagi,anger,0
artinya lagi marah,anger,0
username username ditangani yang malak terus dia bilang ke bonek yang lain dipukuli the jak tanpa cerita kenapa dia dipukuli bonek yang lain membelanya beramai ramai jadi ribut lalu teman temannya berkabar ke yang lain lagi bilang kalo bonek diserang theja,anger,0
enggak enak banget bangun bangun badan panass sedih,sad,2
selama 7 tahun didlm duniaku oenuh dengan dirinya dan didlm dunianya oun mungkin penuh dengan diriku dunia kami berjalan sangat bahagia bagiku tapi mungkin monoton bagi ibumu aku tau kadang ada masa aku sangat membosankan baginya dan dia sangat ingin pergi dariku aku tau tanpa dia harus berkata,sad,2
yang membantai guru di perancis itu bukan jaringan teror hanya karena anak pelaku memfitnah guru tersebut telah menggambar nabi maka dipenggal lah guru tersebut keji,anger,0
aku buncit dan pacarku malah suka banget katanya menggemaskan dia suka cubit2 perutku kalo lagi motoran,happy,4
lah tibe kena marah,anger,0
kenapa gue harus enggak enak badan pas weekend,sad,2
dibikin sosmed terus dengan gampangnya balikankalo enggak bodoh apalagi namanya,neutral,3
tadi ke raacha karena bm tomyam nya tbtb mas2nya yang nyiapin meja bilang kok mukanya kayak enggak asing sering kesini ya wkwkwk mas nya tau saja sedih,sad,2
ih enak banget have fun ya,happy,4
username kok aneh padahal honorer karyawan juga dan telah diatur oleh uu ketenaga pekerjaan tentang hak dan kewajiban nya kayaknya bapak yang satu ini belum pernah kelapangan deh memonitor sistem kerja di masing-masing skpd,anger,0
rajin hadirkan diri dengan majlis ilmu supaya kita boleh mantapkan lagi diri kita ilmu akan jadi perisai diri kita ilmu dan akhlak kena seiring jangan lupa selalu berdoa yang baik untuk diri sendiri dan orang lain terus istikamah menuju ke arah kebaikan,happy,4
huhu pirii kamu hebat keren kerja bagus untuk mv nya jaga kesehatan ya pirii sedih banget ah gpunya akun twt lu sedih,sad,2
lucu banget kalo enggak meminta izin nanti orang tua kamu enggak suka sama aku mengakak awkakwwka,happy,4
hujannya awet ih takut banjir,fear,1
rebahan memang paling enak enggak sih,happy,4
menonton pilem antagonisnya mengesalkan benci banget gue lihat muka lo jijik pengin gue ludahin,anger,0
tak ingatkah kau dulu pernah berjanji bahagiakan diriku selamanya tam berartikah cinta kita yang lalu hingga kau bersama dengan dirinya url,sad,2
lagu ini saya persembahkan buat pak username username juga pak walikota solo pak fx hadi rudyatmo karena membuat kota solo lebih dikenal luas berkat lagu solo yang dibuat username username url,happy,4
semangat nyatetnya plz plz demi bisa kepilih lomba,happy,4
semoga kalian semakin paham dan semakin takut kepada allaah swt aku berlindung kepada allaah swt dari godaan setan yang terkutuk url,fear,1
jangan kenceng2 nanggepinya bang akun cuma 1 follower mah biasa reply idiot begitu akwoakwokw,happy,4
gue orang kota tapi tiap pulkam tuh waktu pakai legging 7 8 diliatin mulu apalagi sama yang laki padahal gue pakai oversize hoodie tetap melihatnya ke daerah privacy mulu risih lah bego paling aneh masa gue gowes pakai sepatu di bilang ra sah nggo sepatu nyeker saja mkstlo apa anjir mengatur,anger,0
guys sorry kalo jorok bagaimana kalian yang cewek pernah enggak kalo haid tuh ada lend r nya darahnya jadi gumpal begitu itu kenapa ya aku tiap haid begitu masa terus biar enggak begitu bagaimana takut serius,fear,1
lagi rame kalo suami boleh pukul istri ya kalo pukul bercanda enggak bikin lebam aku sih biasa saja tapi aku tipe orang yang gasuka disakitin jadi kalo aku dipukul kupukul balik soalnya sayah semasa hidup enggak pernah pukul aku marah saja enggak pernah karena aku anak satu2nya,anger,0
lagi merasai bahagia yang sederhana bagi gue pribadi melihat orang-orang di sekitar gue ikut merasai bahagia sama yang lagi gue menjalani dengan seseorang enggak pernah sebahagia ini sih dan se good vibes ini ngejalaninnya thanks god,happy,4
tya mana donat panggang atau dan mana,neutral,3
aslii orgnya hampir mukul tapi orang,neutral,3
pengin pisang kopi klotok tapi takut copid,fear,1
aku yang takut,fear,1
contohilah kkss sulawesi selatan tapi dimanapun mereka selalu menyelesaikan dengan luar,neutral,3
dia diam diam benci gua tapi dia cerita ke orang orang yang benci ke dia dari 10 orang yang dia kenal kira kira 11 orang lah yang benci sama dia,anger,0
pemipin yang penting banyak ide bukan diberi ide terus menerus disetir bagaimana caranya bisa dalam jangka kurang 20th indonesia jadi super power rakyat makmur gampang kok kuncinya tanpa perlu menghukum koruptor segala tanpa hutang tanpa exploitasi sumber alam sanggup,happy,4
bukan emosian mbak tapi bikin emosi,anger,0
telah tertulis sifat terdapat dan ketentraman hari bukhari,neutral,3
sempat 2x tahun kemarin main kejakarta cuman lewat enggak sempat sholat disini sekarang alhamdulillah dapat kesempatan hari ini ada yang tau kah daerah masjid istiqlal tempat makan enak url,happy,4
facts 1 mtk kimia 2 bikin nama panggilan teman 3 4 teman gue gue tapi 5 anime,neutral,3
mengajak kepada maka akan mendapatkan orang mngerjakannya hari,neutral,3
senyum itu bisa menyenangkan hati lho makanya kudu senyum meski lokasi potonya ngampung di hotel dafam lotus jember,happy,4
username dan kadang tuhan tuh bukan meminta kita untuk menjadikan sebuah rencana itu berhasil tuhan cuma meminta kita untuk mengusahakan keberhasilan once sudah mengusahakan sudah accomplished tugas kita hehe semangat mia habis lebaran juga enggak buruk kok,happy,4
memang memang yang melihat gue dari luar tuh pasti kayak asik banget yekan pekerjaan enak sesuai passion gaji ya oke lah buat foya2 sama nabung masa depan kayak happy terus keluar sana sini jalan-jalan banyak teman apalagi ya ya tapikan kau tidak berjalan di atas sepatuku memek,anger,0
ini boleh enggak sih aku kecewa orang marah sama dia haha cuma karena aku beli acrylic frame terus majang pc bareng sama polaroid ortuku dia bilang begini apa aku doang yang sensi nih ya dikira nge kpop bikin lupa semua hal bahkan orang tua sendiri lo bikin gue makin enggak mau kenal spesies cowok,anger,0
dulu setelah dpr ditindaklanjuti,neutral,3
twrpantau belu malu,fear,1
kemarin rencna mau sok bagi bagi thr begitu eh berhubung saya sobat misqueen enggak jadi deh bagi bagi thr ke dokter tht enak kali ya biar full bass kayak promo free sale,sad,2
sedih banget ajjiirr tapi happy ending sih,sad,2
enak banget,happy,4
pagi2 hujan enak banget deh,happy,4
senang banget pagi pagi dapat yang manis manis ue ue,happy,4
olaa its acaa menonton acaa kebetulan acaa available hari ini dan seterusnya acaa juga menonton acaa watching list acaa kalo sender berminat bisa dm dan ini card acaa,neutral,3
banyak sebenarnya yang mau saya ceritain tapi saya takut yang baca jadi tertarik ke sini terutama perempuan because i sama kinda possessive bitch for these things,fear,1
orang bego jam segini geprek,neutral,3
ya enggak lah ahahahaha iya kalo wiraswasta agak susah kadang bagus kadang tiba tiba mati makanya harus hati hati banget tapi untungnya orang sekitar dan terutama istri gue keren sih toko gue jual duren karena mau lebaran jadi jual kue yang pent,happy,4
2 hari yang lalu ane pernah dapat beginian username dekat cuma 2 8km argo 8rb dibayar 12rb mau cancel kasihan sudah menunggu lama katanya enggak ada yang mau lah iya enggak ada yang mau driver nya kalo kayak begini cs nya,anger,0
baru pulang mama said jangan kebanyakan mikir kamu ya mama takut uwa tiba tiba pembuluh darah otaknya pecah sebelumnya telepon ibunya kepalanya sakit dan pas ditemuin lagi kejang dikamar,fear,1
sangat bersyukur bisa mendoakan kakeknya bung karno bersama anak anak yatim piatu username h,happy,4
sini mi anime gweh,neutral,3
tulisanku dan perasaanku tak,neutral,3
takut sha,fear,1
hahaa untuk year,neutral,3
username sender enggak bisa bantu dia lapor ke komisi perlindungan anak atau polisi begitu sumpah menurut gue sudah diluar batas dan gue khawatir banget sama temenmu sudah dibawa ke rumah sakit,fear,1
ih knapa queen aunty jadi sedih,sad,2
full sedih maszehh,sad,2
oh pantas orang mengakui bodoh og panjang umur dualisme ckck,anger,0
duh beberapa hari ini kok rasanya senang ya kayak bakal terjadi sesuatu yang menyenangkan ini kalo realitanya entar malah kebalikan kan sediiiihhhh,fear,1
di malam ini saat lagi terpojokkan memilih jalan dapat dm begini kalo sudah ada niat segera di laksanakan soale entar di tunda sama dengan enggak jadi wkwk biasane wkwk lalu kutersedaq,sad,2
username username username username username username username username username username kok ngabalin di sebut tokoh enggak salah tuh hidungnya tambah gede entar toko sorban kali ya,anger,0
cucianku semalam cuacanya cerah hari ini,neutral,3
username username username username betul mas sayapun kecewa karena rahtawu merupakan salah satu objek alam yang menjadi favorit masyarakat kudus,sad,2
sebentar lagi ketemu krucil krucil ponakan yang menggemaskan banget suka nya meminta main berantem beranteman seru sih meskipun ya resiko pada pegel pegel nantinya sedikit sedikit sambil mengajari berhitung agar lagi nanti pas masuk sekolah,happy,4
makin sedih,sad,2
jangan biarkan seseorang singgah di hatimu bila tak bermaksud untuk tinggal di dalamnya kecewa karena cinta itu menyakitkan,sad,2
mukanya tegang amat om puput kayak menanggung beban rakyat terharu,fear,1
awalilah pagimu dengan pikiran yang jernih serta positif meraih mimpi selamat hari senin,happy,4
sejak kapan saya ngfolow dia dan semenjak kapan saya di folow back ini aneh,fear,1
username aku takut masalah ke otak sumpah aku ngeri sendiri dulu denger2 kalo sampai rapet oksigen nya bisa enggak sampai ke otak atau bagaimana itu aku jadi bimbang sendiri sedih,fear,1
hai kak hwii don t skip ur breakfast ya semoga harinya berjalan lancar dimudahkan segala urusannya dijauhkan dari marabahaya semoga selalu ada dalam lindungan tuhan janlup vitaminnya ya semangat janlup senyum hihi stay healthy always be happy have a great day kak,happy,4
aa sedih,sad,2
semangat katanya,happy,4
degdegan karena bulan september penetapan calon dan oktober dimulai kampanye oke akan banyak senggol bacok teman jadi musuh kawan jadi lawan makin banyak orang-orang bermuka dua dan akan berlangsung sampai april 2019 oh indonesia ku 7 bulan semoga aman aman saja senang,fear,1
sayang tidak suka ya kalo sih pacar mu itu datang pada acara meet and greet kamu nanti saya harap kamu menghargai perasaan fan saya tidak mau acara kamu kacau hanya karena pacar mu itu datang,anger,0
pagi pagi dikerjain orang haha dikira gua bego ya gua meladeni lah lihat sampai manaa,anger,0
set komemoratif ulangtahun jubli emas mrsm ke 50 bakal dilancarkan 14 februari ini edisi terhad kehebatan dilahirkan ianya dicipta kehidupan dan pertama di mrsm abadikan ulangtahun ke 50 mrsm,neutral,3
tbl tbl tadi di cek darah akunya lagi degdegan takut hasil nya suruh transfusi pls pls semoga langsung operasi malam ini,fear,1
username pelayanan cs di bri surabaya pahlawan kenapa lama sekali ini sudah 2 jam urutannya cuma jalan 10 nomor yang 5 nomor kosong berarti cuma melayani 5 orang dalam 2 jam,anger,0
halo laskar matahari kami datang kami akan ikut meramaikan event team circus team k3 terakhir di kota solo sih you nanti siang username,happy,4
mbakk aku kalo jadi kamu bakalan malu banget sih coba bikin statement permintaan maaf dulu terus habis itu rest hehe tapi semoga enggak blunder lagi ya soalnya aku lihat tweet kamu akhir2 ini suka blunder,fear,1
hah kayak dendam bnaget sama ibu,anger,0
hp aku rusak sksk sedih,sad,2
hayuk ah ikut biar ramai lihat acara waisak ikut senang,happy,4
ya itu binghe memangnya siapa lagi kakak aku enggak tau siapa ya buat kamu sapa lagi coba mutualku kalo mau kasih teman juga enggak mungkin mereka lebih suka dikasi boba daripada gambaran ku wkwk,happy,4
username percayalah setiap ada cobaan pasti di balik itu semua ada hikmahnya dan menguji seberapa jauh kita berusaha menjalaninya,happy,4
username username apa menangkap teroris musti pakai pisang ambon kau kok selalu bela mereka ada apa ini bahkan usus terurai akibat ledakan pun kau bilang kampanye penguasa sinting,anger,0
semangat kyoo,happy,4
jujur gue takut banget mau ngejalanin ini lagi semakin dekat semakin takut mau menangis saja rasanya enggak tau kenapa setakut ini kayak bertanya2 mulu gue bisa enggak ya jalaninnya gue mampu enggak ya apa gue mundur saja apa ini jalan yang terbaik buat gue,fear,1
ternyata abang masih ingat dirikyuu jadi pengin malu akyuu,happy,4
jika engkau menolak sebuah ketulusan janganlah kau menolak karena jika engkau menolak mungkin dia hanya senyum saja atau diam menganggukkan kepala namun seseungguhnya dia tak marah melainkan sedih jika engkau buatnya sedih niscaya akan sulit lagi datang ketulusan,sad,2
semangat biyaa,happy,4
ini kalo kita yang pose dengan atribut demikian bakal di laknat se indonesia di kata komunis liberal antek aseng cc username,anger,0
suatu saat nanti kalo aku noleh ke belakang dan ingat masa sekarang aku bakal senyum dan bilang di dalem hati aku enggak kehilangan apapun tapi dia yang kehilangan orang yang paling sayang sama dia,happy,4
katanya enggak kayak gue jadi tukang nasi goreng sedih gue dengernya banyak orang mau melangkah mau usaha ragu ragu takut bahkan enggak punya ide dia malah mengomong begitu,sad,2
tapi sih tetap salah juga sih cowoknya sih lah itu bilang mau dijanjiin nikah kan jadi mungkin ya mbaknya enggak mikir panjang sama-sama suka yaudah begitu sudah begitu bawa-bawa masalah virgin pula enggak berdarah begitu padahal untuk beberapa cewek enggak semua sekali begitu langsung berdarah lho aku dulu,anger,0
sbnrnya gue tau mama gue tuh sih daniel saja disetujuin kalo gue pengin nikah sama bule tetap asal bulenya dia tau kelihatan depan mata dia tapi daniel kan kalo mau sama gue juga mau numpang hidup doang woii enggak deh amit-amit 7 turunan enggak deh jangan geer lo daniel gue enggak bakal memilih lo gue mau cari duda mapan,anger,0
sebenarnya saya miris juga siapa orang yang mengakulturasikan gaya dan faham casual di kalangan supporter bandung seiiringnya waktu berjalan lalu timbul lah beberapa organisasi yang mengatasnamakan casual,sad,2
hai pagi semua selamat berakhir pekan semangat buat hari ini,happy,4
mengapa menciptakan bila menjerumuskan kepada perbuata pertanyaan bodoh dilontarkan oleh kaum ateis sekuler liberal dan kaum munafik dan kafir lainnya kepada,neutral,3
sarapan min juga haha,neutral,3
kemarin di truk ulang juga tapi padahal situasi,neutral,3
gara-gara username jadi googling berita ini tapi belum ada yang confirm duh menanti berita ini benar pasangan favorite ku dari jaman dahulu kala url,happy,4
asu pjj lagi deh enak ptm padahal,anger,0
di komplek aku juga begini kakek jual lap pel memelas cerita sedih aku kasihan dong aku beli dengan harga mahal eh besoknya dia begitu lagi mengarang banget jadi aku marahin terus kabur ada nenek pengemis begitu juga tiap hari aku kasih duit kasih makanan ketemu di indoapril lagi nuker duit 1 5jt hari,anger,0
lihat boneka susan saja sudah ampun lah ini malah diajakin menonton film horror boneka sabrina,fear,1
tapi joshua dengan masyarakat jika akan begitu alright joshua menyelesaikan ia mengambil sabun khusus dan dada gori,neutral,3
mau mengucapkan happy birthday yang ke 24 buat nursehah username semoga berkah umur murah rezeki sehat selalu makin rajin ibadahnya tetap jadi wanita kuat yang menginspirasi banyak orang wish lu all the best girl url,happy,4
kak sumpah kalo upgrade dari hdd ke ssd itu enggak bakal ngehank begini enggak sih tabunganku cuma cukup buat upgrade itu tapi takut juga ada kebutuhan praktikum mendadak jadinya aku maju mundur mau upgrade,fear,1
mbak pps tuh pasti ada apa apa mbak ulfa juga pasti merasa ini kok enggak ada sebentar sebentar dia kenapa lagi sih dari senin enggak berangkat bikin khawatir saja t t,fear,1
sebb itu kalau orang-orang macam nih nak jalan aku buat kali tahu je selamba je jalan kau kali deh hak nak halang2 jalan orang kecuali ambulans bodoh,anger,0
siapa sih di dunia yang enggak punya hater rasul yang mulia saja punya budha saja punya nabi isa saja punya nah apalagi eloh sama gueh ya kan,sad,2
ini kalo benaran mendengarkan becanda ini kamu asal kamu treat your partner berkecil,neutral,3
break dulu soalnya enggak mau kecewa untuk yang kedua kalinya sebelum ketemu yang benar benar tulus,fear,1
username tolong akun saya ini kenapa tidak bisa masuk ke aplikasi my indihome setiap kali mau masuk selalu meminta kode verifikasi ke nomer yang dulu sedangkan no yang dulu sudah di blokir oleh pihak telkomsel tolong dan mohon di bantu,anger,0
cc username username kok username mingkem hanya dalam 2 minggu 2 bupati pdip kena ott kpk semakin juara korupsi url,anger,0
pagi mbak mita tetap semangat,happy,4
salahnya dimana ketika harus marah pada hal yang salah sedang kebaikan kebaikan yang juga ada pada video engkau potong potong enggak kelas komisaris ndul,anger,0
setahu gue founder partai ummat amien dulunya juga lulusan chicago university dan sih sah ngutip manapun,neutral,3
hah paling benci memang hal begitu,anger,0
valentine juga enggak bisa tapi kalo kalian enggak deh setiap hari kan hari mengapai kalo kalian teristimewa coklat di hari valentine,neutral,3
ya semangat,happy,4
sih dera saja akun alter yang suka flashing her boobs once ini a while bilang dia merinding melihat siksaan demi siksaan yang gua alami ahahaha url,fear,1
heleh padahal di hati terdalam kecewa luarbiasa,sad,2
lo mau blok twiter gue apa lah gue sudah enggak perduli lagi hilang satu bagi gue tumbuh seribuh ingat ya gue kost sendiri kapan yang gue mau gue bisa jadi lo jangan merasa bangga sudah blok gue oke byee,anger,0
lihat postingannya simba via ini yang terbaru kok netijennya jahat2 ih dibilang lebai lah vianya cedih woi cewek baik kalo di dm yang nga2 mah pasti marah lah,anger,0
pasti guru gue deh ini kaku banget sih gue kesel,anger,0
dan akhirnya kita berdamai sadar tidak bisa bersama dan tidak bisa mengulang kejadian yang sama pada waktu itu sedih sih sebenarnya tapi kalo enggak begitu nanti guanya yang hancur lagi heheh,sad,2
bangsat ntarnta pasti menangis haha pengecut nada tolol mati saja lo,anger,0
betul min rakyat indonesia sekarang harapan nya tinggal sama tni saja kalau yang lain lihat saja sudah jelas penyerangan ke kantor media katanya tidak ada unsur pidananya sudah jelas menghina presiden indonesia yang sah cuma lucu lucu an saja url,anger,0
random banget gue mimpiin mereka berdua wkwk dulu bucin banget sama film ini gara gara film ini gue sempat suka film film thailand wkwk,happy,4
membeli kolak untuk berbuka puasa biasanya habis tapi tadi tida mau dibuang sayang mau dibesokin takut basi teringat kita nyokap siapa tau berkahnya disuapan terakhir akhirnya dengan segenap jiwa raga kuhabiskan kolak tersebut,fear,1
fun fact menggaruk bagian gatal itu enggak bikin gatalnya hilang yang ada malah kulitnya iritasi sama kayak kalo lagi patah hati lebih memilih galau n mendengarkan lagu-lagu sedih memang kitanya suka menyakiti diri sendiri ya kayaknya,sad,2
tapi gabegitu tapi iphone hmm,neutral,3
dengan sih kita,neutral,3
komandan saat ini jam 07 04 wib indonesia perjodohan masih terpantau belum status saat ini harapan,neutral,3
buat hari ini ya lu deserve tapi be happy anw jangan lupa sarapan cantik,happy,4
sering jadi bahan diskusi kita mlht kondisi indonesia bbrapa tahun terakhir ini utamanya sebagai warga negara yang peduli terhadap situasi yang dirasakn kalo mlht latar blkg pdidikn saya bpk akan tahu sendiri url,anger,0
gurl cuma gara-gara dia publishing chat sexual harassment dia yang menurut lu alay caper bawa perasaan lu sampai bawa-bawa masa lalu dia are lu fvcking kidding me pantas saja indonesia ini banyak orang yang ngalami pelecehan seksual lebih pilih diam saja ya bagaimana netizen macam lu masih banyak,anger,0
sebenarnya takut ajg memakai ava muka sendiri,fear,1
username nyabutnya santae saja pakai jari asal jangan kena kuku beli softlennya yang memang bagus dan jelas dulu ku pernah beli soflen di teman cuma yang warna22an begitu biasanya item terus lagi gangapa22in ujug22 gatel perih etaunya robek untung cepet22 dikeluari,fear,1
memang dari dulu enggak begitu takut gue sama nih virus sungguh sangat percaya diri tapi benaran alhamdulillah sehat terus,fear,1
hufftt bismillah bismillah mugi kumanan dina niki periksane pun panik mik pun panik katah sholawat mawon,fear,1
menunggu banget nanti malam karena mau lihat konfliknya menunggu banget nanti malam karena mau lihat siapa penulis barunya biasanya suka muncul tuh di opening,happy,4
enggak enak jangan sedih sedih juga ah jadi ngeri nih,fear,1
semangat pagi semoga hari ini dilimpahkan banyak rejeki amin,happy,4
nugget rebus enggak enak anjir,anger,0
13 23 wib saya benar benar kehilangan sosok laki laki yang merawat saya dari kecil mendidik saya merawat saya melindungi saya dan saya benar benar kehilangan semoga tenang disana semoga anakmu ini bisa menjadi anak yang berguna,sad,2
mas username mau bertanya nih apakah dengan cara jatuh cinta lagi memulai lagi dari awal perkenalan dengan orang baru akan membuat hati yang dulu sakit akan sembuh,fear,1
awan lu dendam sama gua mengomong wan,anger,0
huwawawaaaaaa tanoshimidesuuu tapi memang aku pribadi sayang banget dengan circle ini jadi aaaaaa creyong kita gambar karena suka dan sudah senang banget kalo mez juga suka dengan yang kita gambar jadi jangan khawatir dengan kurang kontribusi dan sbagainya,happy,4
semangat ya yang lain ueueu,happy,4
sarapan tenongan sih enak,happy,4
ada kawan mengeluh disuruh lanjut s2 sama bapaknya biaya sudah disiapkan tapi dia enggak mau kutanya bapakmu enggak mau ngangkat anak lagi untuk di s2 kan sih kawan tadi cuma menyengir,sad,2
wah keren ya ada dimana yang mirip begitu di pakai baju koko sarung lebih keren di liaitukalia pakaianya diganti jadi,happy,4
semangat walaupun dalam hati berkata bangsat,anger,0
pagiku enggak semangat karena belum disun ayang,sad,2
izinin suami poligami buat menghindari zina lol banget heh mmngnya nabi saya poligami gegara mata keranjang terus sangean terus ada niatan zina tapi biar enggak zina jadi dinikahin ngelirik cewek sambil nyebarin ajaran agama begitu tolol belajar agama lagi sana,anger,0
kapan bandara username 1 di ambon ada perbaikan dan mungkin renofasi melihat ada banyak perkembangan bandara di daerah lain rasanya sudah amat ketinggalan sebagai bandara internasional url,sad,2
username kenapa ya kebanyakan orang kalo enggak dibales atau late rep pasti bertanya sudah punya pacar ya sudah taken ya elah pacar mulu di otaknya sbl gue,anger,0
cuy ajg wkkwkw tolol semua di rnjna sudah paling benar memang aku cuma baca lfs saja karakternya benar semua tida seperti di rnjna yang mostly pada problematic toxic selfish,anger,0
suka lucu sama teman yang menyindir dengan kata sudah punya pacar mah lupa sama teman padahal dia sendiri yang ngakunya teman ngehubungin gua kalo lagi susah doang atau mau minjem duit,anger,0
bakso dengan banyak jeroan teh jahe panas pas hujan deras adalah kebahagiaan hqq yang sebenarnya,happy,4
username username maunya hadiahnya saja khayru ummah perintahnya menyuruh kepada yang sama ruf dan mencegah yang munkar ogah ibarat pengin kenyang tapi ogah makan,anger,0
persahabatan itu tidak perlu filosopi tidak memiliki nilai dalam hidup akan tetapi itulah yang memberikan nilai untuk kelangsungan hidup happy friendship day,happy,4
bahaha mah mun pakai dolo camer lo entar ngangkat keberatan terharu lamaa tapinya orgnyaa dulu kangennyaa deh luber luberr bagaimana dong tapi senengkaan walo seenggaknya bpkk lega enggak bapak pikirin,neutral,3
ah kabar baik pagi ini thanl youu big hit thank you jimin thank you allah alhamdulillah jimin,happy,4
dokter kenapa kamu tega enggak kasih aku salep buat lebam memar2 aku tapi aku cuma dksh vitamin obat nyeri saja padahal tensi aku normal 110 70 tapi malah dksh vitamin salep yang aku butuh banget tapi enggak dksh,sad,2
di keadaan gue enggak bisa bubur sesuatu,neutral,3
lambaian tanganmu kurasakan pilu di dada kasih sayangku bertambah padamu air mata berlinang tak terasakan olehku nantikanlah aku di teluk bayur,sad,2
username username sebenarnya yang melanggar bawaslu itu lawan politik nya apa beliau ah sudah lah makin terjun saja tuh image beliau di masyarakat,anger,0
selamat kepada kang emil dan kang uu atas amanah dari warga jabar untuk memimpin 5 tahun kedepan tidak ada yang menang dan tidak ada yang kalah yang ada adalah warga menginginkan adanya,happy,4
sorry kesel banget sama orang-orang kayak begini harus berapa kali gue jelasin capek lo pada suka anime lah bola lah blabla gue mana ada sih komen,anger,0
kecewa gue bangsat,anger,0
semangat semoga lancar ya,happy,4
segitu hepi nya ya bisa ketemu pacarnyanyi2 an enggak jelas di mobil terus gandengan tangan duh begitu saja sudah hepi mah aku enggak kerasa sudah 4 5 tahun saja,happy,4
suka point prof suteki kita tau bahwa puncak tertinggi pancasila adalah ketuhanan yang maha esa sdgkan kita tau bahwa salah satu petinggi bpip pnh menyampaikan dalam pidatonya yang viral tentang keraguannya akan hari akhir nampol banget,happy,4
mahfud hoaks ini tersebar di sejumlah platform media diharap wadah warga secara,neutral,3
kadang seseorang punya 1001 cara untuk menghibur orang lain tapi tidak punya 1 carapun untuk menghibur dirinya sendiri,sad,2
ngeri nganti dimakamkan di satu liang,fear,1
terus jadi tiba tiba kangen dipanggil nama kecil karena sudah lama banget enggak dengar dipanggil dia kangen wkwk terakhir jaman sama sih ada teman teman yang sok akrab panggil begitu geli tapi sekarang malah kangen,happy,4
suka banget dengan username karena pesertanya luar biasa dapat mengenakkan lagu sangat memukau dan bikin merinding jurinya top banget pokoknya suka banget dengan program username juri dan pesertanya memank luar biasa,happy,4
padahal vaksin kedua,neutral,3
beli mobil baru yang harganya enggak sampai 130 juta doi ganti head unit pakai merek china berasa bawa lamborghini dengan sound double bass power gue lo kampungan,anger,0
semua kadrun benci ahok itu sudah lumrah,anger,0
angin malam terus menyapa mencengkam rasa sepi ini tersenyum diri ini dibuatnya teringat manik indah dirinya saat menatap dengan senyum,sad,2
makin benci dan sebel terhadap agama2 terutama sekali agama yang entu sudah bisanya cuma bikin susah orang enggak ada gunanya lagi,anger,0
takut banget enggak ada tempat nyaman lagi buat cewek cowok memang otak sangean semuanya pengin pindah negara rasanya begitulah kurang lebihnya,fear,1
pria ini seram juga ya selain ekspresinya seram tutur kata yang keluar juga sangat menohok ah baiklah baiklah etto iie juvia hanya memastikan kalau tidak salah orang,fear,1
masih ingat banget dulu pas final 1998 kita pulang ngajinya dipercepat biar bisa menonton pertandingan final di tv habis sholat isya dulu kan enggak banyak re run amp,happy,4
busyet bujubuneng lu baru kaget sekarang selama ini ke mane saja tong mengapai saja lu pade,anger,0
jalan jalan cari suasana baru dan pengetahuan baru menikmati alam,happy,4
takut mau nge up nya,fear,1
pasti profesor goblok satu ini baru saja ngelonte makanya pemikirannya jadi segar begini bagi orang kafir ngelonte itu ibadah yang utama,anger,0
malu nya masih terasa,fear,1
mana ada maling mengaku penjara penuh badan gede hsil kan gede,anger,0
mangga nya mateng enggak ditambahkan apa-apa juga masih pencit mangga belum mateng ditambah gula lah garam lah asem jawa lah lah dlsb tambahnya belum mateng,neutral,3
bukber 2015 6 bhe ex soko kapan begini lagi sih you on top guys sd muhammadiyah sokonandi url,happy,4
aku takut dngn semua bunda apa ya bkl terjadi apa ya tgh tjadi kat sekeliling aku aku takut dngn diri sendiri hate this feeling just wanna die rn fml,fear,1
rlt gua sangat amat takut untuk jadi diri gua sendiri bukan berarti sekarang gua jadi orang lain tapi lebih menahan diri gua pinginnya melakukan a tapi gua takut jadi gua melakukan b gua takut orang orang menjauh lagi hanya karena gua jadi diri gua sendiri gua harus bagaimana,fear,1
kak ann thankyouu karena kamu sudah bikin au sebagus ini aku menangis banget bukan menangis yang sedih tapi menangis yang kayak bahagia dan terharu baca cerita kamu ditambah lagi ada beberapa poin yang relate sama hidupku jadi tiap baca partnya kayak aku lihat diri sendiri juga didalamnya,happy,4
alhamdulillah setiap melintas dapat melihat wajah beliau yang memberi semangat dan inspirasi untuk teguh dalam perjuangan sholu ala nabiy,happy,4
di modusin kan,neutral,3
aku akan jadi takut bila hati aku deh mula sayang someone takut ditinggalkan takut berharap takut berubah takut hadapi realita bila something bad happen pendek kata takut pada benda yang ke arah aku dan dia tak bersama sedih,fear,1
kegaduhan yang ditimbulkan dan efek demo bersilit silitnya sampai sekarang enggak hilang-hilang meski pada akhirnya mereka marah karena kecewa jebul sing didukung malah pada dadi mentri kabeh,anger,0
asli malu maluin orang indonesia tolol yang rep latah cilukba pakai huruf hijaiyah sama ngntd sama ganti huruf t pakai salib ada tiktok filipin lewat fyp aku dan repnya ngtd semua dasar goblogg trend tiktok ter tolol,anger,0
sudah berusaha untuk mengurangi faktor cemas dari diri sendiri lho ada saja dari luar memang benar-benar semakin dewasa ada saja yang harus dipikir,fear,1
kalau tunjuk muka dengan anak dan isteri kemudian buat kenyatan bodoh nih itu bukan berani bang itu bapak bangang lagi bodoh degil macam kaldai yang tak fikir anak-anak dan isteri tersayang ibarat kau bagi gambar kau dengan isteri kau tengah berjubo depan anak-anak then berlegar dalam sosmed,anger,0
jijik apalagi yang cowok joged2 depan kamera lepas baju cuma pakai boxer apa coba bikin martabat cowok turu drastis,sad,2
sungguh sangat bejad anggota dpr wakil rkyt dibayar dengan uang rkyt malah menyalahkan aparat densus 88 dan mendukung teroris,anger,0
enak dong,happy,4
cayy jangan lupaa makan siang ya jangan malu malu untuk jbjb,fear,1
sedi aku tuh baca2in komennya pada jahat2 banget antara mau nyumpahin biar pada merasai tapi kesiannnn karena ya dibegitukan memang enggak enak mau tau perasaan gue setelah kejadian itu langsung merasa enggak berharga enggak baik malu minder dan masih banyak lagi apalagi memang aing orgnya traumaan,sad,2
ya enggak semua sih banyak juga yang serius tapi ya begitu mungkin anda belum ketemu mungkin ketemu tapi karena terlalu lalma kena modus jadi too sensitive dan melewatinya begitu,sad,2
semangat jalani hidup dengan bahagia yang seperlunya bersedih dengan seperlunya dan bersyukur sebanyak banyaknya,happy,4
sudah sedih semalem sekarang dengar denise keluar akwihfiaia makin sedih,sad,2
sumpah itu kenapa anjir takut banget pada begitu,fear,1
congratulations for ur debut child makna nya dalem banget huhu kayak relate dalam kehidupanku juga kehidupan oranglain mungkin semangat terus buat karya karyanya yang lain nanti bahagia selalu buat kalian me lafyu xx t,happy,4
dulu main telegram niatnya melacak akun akun pro terorisme lalu coba2 bikin channel dan kini sudah ada 1 3k subscribers yang mau gabung ayo kita berteman di sini url,happy,4
kadamg begitu kalo lagi kerja kelompok bukannya egois pengennya sekelompok sama orang-orang gue tapi yang tau sifat gue gimana2 bljr2 gue kayak bagaimana ya berteman gue gaenak borr saya sekelompok sama orang rajin belajar sedangkan gue yang apatuh mah,sad,2
username username oh iya bro sih mumun blok gua tuh padahal gua enggak pernah ada hominem apalagi persekusi dia bila mau jadi ateis banci monolog mending dia ke china vietnam saja di sana negara paling ateis di dunia yang paling kejam mbungkam agama,anger,0
enggak bisa tidur malas bongkarin tidur pakai jeans berharap segera pagi pagi tiba langsung naik bus pertama yang lewat depan kos dengan koper2ku sampai malang dengan kudu menangis takkusangka ada travel agent yang sedemikian busyuuk,sad,2
seharusnya saya paham saya hanya sekedar diizinkan bertamu dan bercerita bukan untuk menulis hal baru dari kertas yang ada saya hanya sekedar untuk menceritakan dari buku yang sudah saya bawa ketika buku itu sampai dihalaman terbaik ya sudah habis waktu saya dan harus pamit,sad,2
bahagiain orang terus kamu kapan bahagianya yuk ya saya bahagia dengan cara itu asal orang lain bahagia apalagi karena saya bahagia saya malah jadi dua kali lipat senang,happy,4
username username di bulan ramadhan yabg suci ini alangkah baiknya menyejukkan suasana dan bukan memancing orang lain untuk berbicara text buruk dan berdebat tentang politik yang duniawi semata mari username saling koreksi diri,sad,2
baru mengirim video,neutral,3
sih sejak cut off orang orang bikin,neutral,3
yang aku suka dari idexpress ada nama kurirnya mana cepat banget anjir,happy,4
username username username username username username username butuh tempat yang nyaman agar supaya betah dan tida berpaling,sad,2
men si team gue yakin lolos tapi ms1 nya kita gue agak ragu kalo md well we are the best at that,fear,1
mau tanya kalian lebih suka bawa kalo di au tuh yang seumuran sih bright lebih tua jadi manggil kakak begitu bimbang banget,fear,1
sibuk banget sama kuliah apalagi sudah praktikum offline jadi bolak balik lab tiap hari terus balik kost suka capek jadi enggak sempat buka twt sedih sedih,sad,2
bingung lvl beberapa bulan terakhir muka kering parah pakai yang biasa sudah enggak mempan padahal biasanya kulit muka mentul2 lembab enak banget trusan ganti produk malah rusak mukanya ganti lagi jadi mendingan tapi masih kering dilema mau ganti lagi apa balik ke yang dulu apa ganti yang lain,fear,1
jika datangmu sudah tidak menggenapi pergimu pun tidak mengganjilkan untuk apa kamu dilahirkan sebaik baik manusia adalah yang berguna bagi sesamanya,sad,2
dan konten ask fm cuma seru-seruan saja sama teman-teman enggak ada yang berbau seks sama sekali jawabin pertanyaan juga yang normal2 saja tapi kok banyak yang mention kayak begitu ya sedih akutu,sad,2
gue pernah datang lebih awal sebelum waktu nya malah terus malah dibilang kayak begini kurang lebih saking jombolnya jadi punya banyak waktu luang ya gue enggak tau mesti senang atau sedih kesal jengkel ah,anger,0
semangat bestie aku kerja dulu ya nanti sambung lagi,happy,4
level kangen tertinggi cewek itu suka mengambek enggak jelas kalo sering-sering mengambek berarti lagi kangen kangennya tapi sayang cowok itu kadang enggak peka,sad,2
happy birthday zidd happy terus ya jangan sedih,happy,4
mbak bulan oh mbak bulan datangnya sekarang saja ya jangan tanggal 9 seperti biasanya kalo kamu datang seperti biasanya nanti kemungkinan ikut sholat iednya 50 50 mbak bul,fear,1
kepada orang ahli atau sekalipun berdirilah dijalur tegas dan mereka partai kalian disaat mereka sifat demikian adalah munafik dan licik,neutral,3
alhamdulillah pagi pagi dspet kabar baik sehat selalu ya sayang ku,happy,4
masih ingat citra kala itu tempat ldrnya mahasiswa atau sekedar tempat berlabuhnya di tanggal tua meminta transfer sama orang tua wartel itu tepat dipinggir jatos hari ini tak sekedar tempat kumpul2 padahal dulu tak ber wifi atau mungkin di atasnya ada kostan mahasiswi,happy,4
penguasa yachh berani melawan kpk melempem polri dan kejaksaan bisa2 dicopot ngurusi 2 orang ini,neutral,3
pagi pagi dapat kabar baik huhu menangis banget terima kasih ya allah,happy,4
tengok orang lain bahagia sangat ini relationship jadi ingin,happy,4
kadang sedih enggak direspon tapi gppa,sad,2
astagfirullah kaget gue sampai bingung juga dpat notif begini sejak kapan gue punya gebetan jgankan gebetan orang suka saja enggak ada,fear,1
jadi ceritanya adekku pinjem buku paket ke mantan kakak kelas yang sudah lulus nah enggak sengaja menemukan kertas nyelip disalah satu halaman pas adekku baca bilang eh mbak surat cinta terus ku baca dengan bersuara,happy,4
astronomi iya memang saya mengikuti kamu memang tolol sih cuma menyimpulkan dari following akun saya benar-benar tolol berarti saya bukan ateis dong gara-gara enggak follow akun ateis begitu kan logika kamu logika cacat pakar kok cacat,anger,0
ih sama punya ku juga sudah 2 hari masa tertunda terus kesel tolong dong min ditindaklanjuti kecewa sih,anger,0
sedih banget enggak sih,sad,2
i want tapi ask as bvyer kalo kita dm meminta pl dan over bvdget kita boleh ngabarin maaf ya kak over bvdget begitu enggak sih takut enggak enak atau ada saran kalimat lain buat blsnya,fear,1
akhir nya costum aku datang sekian lama menunggu paling suka banget blakang terbuka depan terbuka yuk yang mau bo hari ini dan mau isi slot buat malam minggu nanti langsung dm saja wajib dp,happy,4
beres 2 dulu,neutral,3
kalian yang sudah b00ster efeknya bagaimana gue masih lama sih jadwalnya cuma kok gue takut mau ambil b00ster gue mikir b00ster efeknya lebih horor dari yang pertama,fear,1
dari sekian banyak thread yang aku baca thread ini paling aneh sih dalam penulisan sumpah aneh banget mau mengatai lebay saja segala bikin thread hadeh aku juga enggak jago menulis tapi tulisan aku enggak seberantakan thread mbaknya,anger,0
sedih sedih banget plss get well soon dayeon,sad,2
username username username bodo amat bonek the jak enggak bisa akur kalo modelannya mereka begituan jijik kalo harus satu mindset sama mereka goblok permanen,anger,0
ada yang bilang kalau ig biasanya cuma ngupload yang baik saja yaaaah kali pas ngrampok bank live selingkuh live tewtew upload nanti kalau terkenal terus ig di blockir menhub,anger,0
lah wkwk entar orang orang walaupun enggak sih,neutral,3
sedih yang perform cuma 6 member doang gegara jiyoon lagi kurang sehat gws jiyoon,sad,2
anginnya kencang banget takut sedih,fear,1
juga kenapa dikarantina kenapa omicron dibedakan dengan beberapa negara declare omicron tegas sekarang adalah masker dan prokes lainya razia prokes tanpa pernah kendor,neutral,3
tuhan semoga istirahatku malam ini kau damaikan dan pagiku kau indahkan dengan harapan dan semangat baru amin,happy,4
lo belum lahir atau belum sekolah bong saya rasa atau bapak lo pki bong bandit rampok atau sejenis yang menganggu orang banyak pak soeharto dibilang kejam hanya oleh orang-orang pki bandit rampok bong bong bongakkk url,anger,0
dari dulu hingga sekarang sebagaimana biasanya setiap kali memasuki bulan ramadan kegiatan pariwisata di indonesia terasa agak lesu apakah anda meraskan hal ini jumlah perjalanan wisatawan nusantara di tanah air cenderung mengalami penurunan,sad,2
aku akan sentiasa akan bapak ang itu selagi aku tak dapat tumbuk muka dia itu bodoh ingat aku nih takdak muka kak selamani babi betui lah kurang ajaq,anger,0
username itu syetan dan iblis saja sampai terbengong bengong baca tweet ini mereka saja belum kepikiran goda manusia sampai segitu nya memang evolusi manusia ke syetan dan sebaliknya sangat cepat,fear,1
kabar bahagia banget pagi ini,happy,4
akan selalu ada halangan dan rintangan yang akan berusaha menutup jalan kita be strong saya memang anak cengeng wong disentil dikit sama tuhan saja mengambeknya bisa berbulan2 indak mau berdoa ini serius tapi saya enggak mau tinggal diam kalo lihat ada orang yang secengeng saya,sad,2
lah iya ya pernah agx tolol aku,anger,0
pernah menonton filmnya benar-benar sepi sih tapi boom nangissss banget,sad,2
enggak tau malu ya,anger,0
sedih sih cuma bagaimana,sad,2
dia 30 tahun dengan status pekerjaan padat aku padahal sudah mau 27 selo banget cara ku biar di wa itu konyol habis sih haha tapi itu works sok,happy,4
username username iya kii tau saja lu emak gua mengidam di mengawini sama pmarahan charles tapi sudah keduluan di mengawini sama bapak gua sedih,sad,2
sumpah ya instagram tuh kadang resee suka enggak kasih notiff,anger,0
trailer film eps 10 burgernya 2025 menonton dulu belum,neutral,3
eh mengomong begitu di benci sama orang jepang lah jangan sampai kau mengomong begituan terus orang jepang ngangep negara kau nih enggak benar etika nya,anger,0
untuk galau dan melow,neutral,3
untuk kita kulit manggis ekstraknya mastin dan kita jadikan hari ini hari mastin membuatku mastin indonesia penuh mastin mastiinn,neutral,3
juga walaupun bagaimana begitu okee besok besok menonton di wetv,neutral,3
jadi aku suka baca komen pembaca dalam setiap kisah seram lagi terhibur antaranya kata xboleh tidor terpikir pikir xberani pergi tandas punye takut kalau duk hostel kwan cerita hantu memang tidor peluk member nak kencing pun tahan sampai subuh ini level ketakutan kita,fear,1
username biasanya jam segini sinyal bagus nah ini tetap aka buruk sama kayak di siang hari semakin hari kualitas sinyal semakin kacauu,anger,0
dearest username terimakasih sudah selalu menyediakan tempat hampir 4 tahun mute masih orang yang anin cari tiap kali butuh tempat sehat selalu murah rezeki ayo semangat garap ensenang your 22 ahead luvvv,happy,4
betapa nikmatnya sate kambing itu karena pembakaran bara api dan bumbu ke cap no satu makan secukupnya untuk keringat penghangat badan berlebihan bikin darah tinggi keringat dingin jantungan bisa modar kemudi an,happy,4
username username ooo kalo berisik emamg mendingan di sumpel sih kalo di kntr gue sepi banget ki jepangnya juga enggak doyan dgrin lagu jadi mau enggak mau pakai sumpelan kita bosan abisnya,anger,0
username bukan enggak mau tapi bagaimana ya kalo dirumah saja malam malam takut sendirian kalo sudah punya anak sih mending enggak sepi banget tapi kalo ini sendirian terus tbtb ada kecoa bagaimana begitu kan ya terharu,fear,1
kecewa lagi,sad,2
mereka yang jari jarinya jago banget itu enggak tau kali ya betapa menyiksanya berjam jam tiap minggu di ruang konsultasi nyeritain hal hal yang paling bikin kami ketakutan bahkan cuma buat menginjak kaki keluar rumah,anger,0
congrats for me walopun enggak aktif banget tapi aku dedikasikan twitter ini karena bangtan banyak yang berubah dari waktu kau waktu wow url,happy,4
paddy mcnair luar kami memulai pertama dengan tetapi kami secara keseluruhan mereka memanfaatkan peluang mereka dan kami dorongan kami performa,neutral,3
enggak bisa rekomendasikan terus karet nya nyengat kok toko kamu ketik beruang,neutral,3
ini yang gue takut kalo sudah mulai berharap sama orang takut kecewa senang,fear,1
apa persamaan antara jomblo dan puasa ya benar sama sama sabar menahan diri dan menunggu kenikmatan yang hakiki percaya bahwa kebahagiaan itu akan tiba pada waktunya semangat menunggu berbuka,happy,4
ini mbak sekarang orang lagi hobi bongkar2 twitt lama gue kadang sampai takut speakup cuman karena kepikiran adakah twitt gue dulu2 2009 2010 brppun itu ada yang sempat nyinggung orang,fear,1
orang ruangan pada belanjaaaaa mulu ke mall akunya ditinggal sendiri sobat kismin pura pura bijak sok mau membelanjakan kepada hal hal berguna hilih,sad,2
lagu merasa indah kenapa sedih ya,sad,2
username demi apapun gue takut sama ntu hewan trauma pernah digigit dan gue habis itu ke rumah sakit gegara keracunan padahal digigit sama yang kecil masih anaknya begitu tapi buset deh gue langsung pusing lemes jadi sampai sekarang kalau melihat ini hewan langsu,fear,1
gue heran kenapa masih pada bilang funny dan enggak tau deh apa normal disana kah padahal jelas-jelas salah satunya kelihatan enggak nyaman dan sialan banget pakai ada yang bahas masa lalu sama oh dasar haters dan fan sih sono kan lu bangkai pagi2 bikin naik darah saja,anger,0
saran saya kepada dprri terbitkan kembali uu yang mengatur tentang hukuman mati atau seumur hidup bagi yang melakukan koruptor baik yang nilai rupiahnya besar atau kecil disamakan supaya ada efek jera bagi koruptor dan tidak ada toleransinya,anger,0
mending lo baca dm gue biar gue pagi2 tidak emosi,anger,0
enggak ngestan sn tapi bias gue dia sedih banget asli,sad,2
almond coklat stoberry banana matcha sea salt hazelnut cashew chocomalt marie biscuits lebih suka yang hazelnut cashew matcha enak pokoknya,happy,4
username username mungkin saja tapi secara formal psi sudah lolos verifikasi kpu dan di syahkan sebagai peserta pemilu jadi sebagai warga negara kita terima keputusan kpu meski kita tidak akan memilih psi karena curiga ada rekayasa di dalamnya,fear,1
ia mendengar candaan gori namun masih dengan lah jajanin es sehari selama sehari joshua dada gori dengan teliti,neutral,3
kenapa kalo mendengarkan lagu sendirian suka cepat banget bosan gue hshsss,anger,0
kenapa gue benci banget ptm di saat kayak begini karena adek sudah mulai ptm dan dapat kabar teman-teman sekolah nya pada sakit massal banyak yang sakit enggak tau apakah memang sih word orang not yang jelas adek gue juga tiba-tiba sakit dan ya gue berasumsi awalnya dari sekolahnya,anger,0
awalnya nemunya random dan cuma sekedar suka sama style dan tone warna yang dipakai sekarang tiap lihat hasil karyanya berasa nano nano sedih iya tapi berasa anget kayak dipeluk dipukpuk,sad,2
jadi malu,fear,1
jika pernah membuatmu berpikirlah bahwa tak jika pernah membuatmu berpikirlah bahwa pernah berbuat,neutral,3
mensyukuri hari ini belajar memperjuangkan sesuatu dengan penuh rasa ikhlas semangat untuk sebuah kebahagiaan,happy,4
eng guys aku habis bikin poem bahasa inggris lagi hihi pada nangkep maksudnya kah takut enggak sampai meaningnya,happy,4
rafinha yang pemain bola di endorse sama username pula saya sudah mainin gitar dari tangan kanan ke kiri kiri ke kanan dibeliin gitar baru juga enggak sama emak url,sad,2
baru lihat kabar teman nge gosip dan penuh info itu telah pergi selamanya bulan lalu pantas semua indak aktif semoga tenang bersama tuhan di surga ya,sad,2
sedih enggak sih harus dengar hal yang kayak nya kalo di dengar bikin ovt sedih dan yang lainnya senang,sad,2
gerakan earth hour tadi kalah kaliya yang ada di seluruh dunia 5 6 jam mati listrik di jatinangor kami warga jatinangor mendukung program earth hour untuk menghemat triliunan energi terimakasih,happy,4
ini adalah kisah blusukan presiden jokowi yang saya ikuti di mana beliau mendatangi masyarakat menyalami mereka bertanya dan mendengarkan yang mereka rasakan menindaklanjuti kepada pihak terkait sehingga satu persatu masalah bisa diselesaikan,happy,4
takut habis barbar,fear,1
saya tidak pernah mendapatkan edukasi mengenai efek buruk dan bahaya merokok ketika di sekolah baik di sd sampai atau sama sama sekali tidak pernah ada edukasi yang ada hanya sanksi kepada yang sudah terlanjur merokok tanpa berusaha melarang dan mencegah kami untuk merokok,sad,2
terimakasih bapak ibu dari dinas perindustrian pengusaha spa kalimantan selatan sudah berkunjung ke semoga dilain kesempatan bisa berkunjung kembali,happy,4
kemana saja kliaan kok baru kaget sekarang freak,anger,0
benar sih waktu itu lagi pengin menonton yang sedih sedih langsung cus menonton ini dan berakhir mewek menangis,sad,2
aaaaa sedih banget,sad,2
desa tesbatan beberapa kali ke kampung halaman bokap gue enggak menyangka kalau ternyata ada area persawahan sebagus ini maklum saja selama mampir ke desa tesbatan amarasi gue cuma mentok,happy,4
pedri publik kami mendengarkan dan mereka luar dan,neutral,3
hashida wanginya enggak,neutral,3
lawan bocil saja takut apalagi melawan restu orang tua,fear,1
username username sebenarnya orang itu yang katanya profesor enggak bisa jawab jadi belagak congkak sok melempar jawaban ke yang lain untuk jawab,anger,0
teman sama gue nih berhubung dia lagi jomblo baru 2 hari makanya mengganggu orang barangkali ada yang mau knalan dia bilang kemren kalo dia mau cari pasangan yang bisa ngeetiin tugasnya hehew url,happy,4
gua kalo sudah pada mengomongkan skripsyid takut banget dah sumpah,fear,1
godan shoping yang terkutuk sebel,anger,0
tapi kerudung enggak gue enggak bisa keeudung mleyat mleyot terus sana sini eww no bisa sih pakai kerudung rabani tapi hari jum at sabtu pakai logo sekolahnya daan kalo misal gue 5 menit tapi bakal terus perjalanan,neutral,3
terus sudah tuh jalan kan soalnya diklaksonin mulu sama yang belakang wkwkwkwk pas sudah ditempat yang sepi bapak yang kesenggol menunggu masa ya allah sumpah seram banget mukanya kan pertigaan tuh bapak yang kesenggol belok kiri yang nyenggol belok kanan terus teriak2 lagi dong orangnya,fear,1
kalo lihat portofolio ijo tuh kayak ada kesenangan tersendiri tapi giliran lihat dompet kosong sedih lagi anjir,sad,2
shamming nder entar kamu enggak kan dibilang di antara teman mu,neutral,3
walaupun tadi bang twittis ngorok di space tapi user gitar pengin bang enggak bang kopi merk suzuki,neutral,3
username kepo artis masa kini wkwk alhamdulillah sehat 2 sibuk sama anak satu sibuk sama suami satu sibuk mau nikah rosa sibuk koreanan haha,happy,4
sepi betul mending ke priv saja,sad,2
upcoming stream tes stream bikin itasha sambil mengobrol via,neutral,3
cjr bangsat perusak moral masih kecil sudah mengajari cinta an belum sunat saja sombong deh sono pergi kelaut saja cc all comati,anger,0
ih sedih benaran ini mah kok tega,sad,2
makanya gue atau enggak gue nih dan beranggapan bahwa untuk mencubit,neutral,3
kurang tolol apalagi coba nih agama tuhannya enggak mengasih hukum cerai malah yang nikah lagi dianggap zinah dan gobloknya masih ada saja yang mau jadi kristen memang sih setolol tololnya monyet saja enggak nyembah sesama monyet lah ini manusia dikasih akal kok nyembah sesama manusia,anger,0
username monggo di perbaiki krl jurusan bekasi cikarang bogor tanah abang memang seperti hutan siapa kuat dia yang menang cc username username username url,anger,0
lagi marak isu sexual harassment mulai dari gitasav sampai via katanya kita enggak bisa diam jadi harus speakup biar masyarakat aware dan peduli menurutkuuu apa yang dilakukan via itu bukan speakup tapi lebih ke mempermalukan,sad,2
tentang muhasabah mau sebegimanapun amalan kita dalam satu hari kesimpulan muhasabahnya harus sama yakni amalan kita masih terlalu sedikit dan dosa kita masih terlalu banyak,sad,2
kalau lingkungannya enggak sehat pindah rumah oke banget tapi kadang sedih buat meninggalkan rumah lama karena kan kenangannya banyak,sad,2
dan demi apapun walaupun hasilnya tak seperti yang saya harapkan tapi saya lega apa yang selama ini disimpan dalam hati akhirnya terucap dengan lepas dan apa yang selama ini selalu menjadi pertanyaan dikepala akhirnya dijawab dengan jelas,happy,4
woylah sedih banget,sad,2
akhirnya jamaahnya tercuci otak seakan akan memilih paslon pilkada itu karena kewajiban dari imam besarnya bagi mereka program paslon enggak penting yang penting takbir terus memilih,anger,0
yang bawah raja palsu bikin eksmosi,anger,0
gue kira di menfess sebelumnya lu mau ngejokes ternyata bego benaran wkwk lo enggak tau definisi adik atau bagaimana semua orang nyebut saudara kandang yang lebih mudanya ya adik enggak usah nyuruh2 orang buat mengaku deh lo doang yang mikir begitu bego enggak jelas lo,anger,0
akan menjadi akan menjadi princess tutu,neutral,3
disini baru muka eh kasusnya,neutral,3
tidak enak sangat badanya ingin pulang tapi kerjan masih banyak ya,sad,2
wa enggak brondong,neutral,3
belum pernah sampai manggarai lagi kalo naik kereta kaget sudah jadi di atas peronnya wkk,fear,1
bilangnya selo tapi disuruh kerja ogah2han nanti capek dll kalau kerja sudah lillah sama ikhlas mau capek atau enggak itu dipikir belakangan atau malah enggak dipikir sama sekali toh nanti kita juga yang untung dapat pengalaman dan pembelajarannya,anger,0
dari siang sampai sekarang perut sudah enggak karuan susah ngejelasin bagaimana sakitnya karena memang beda banget sama hamil yang pertama bukan merasai perut kencang atau kontraksi atau keram lainnya tapi lebih ke mual dan di kocok2 ke level yang lebih parah,sad,2
username hehehee pengepo juga ini alhamdulillah dah kabar baik sekali masih mlika seperti waktu kuliah kok hanya gendutan saja sekarang kabarmu bagaimana dah dan kabar para mindis mindismu itu baik,happy,4
daya saking cheongsan bertekad cheongsan makanya sembi,neutral,3
hanya modal walikota solo bagaimana mungkin bisa menaklukkan belantara jakarta dan disusul bisa menaklukkan nusantara dia sendirian tanpa dukungan taipan dan media sosial mustahil konsekuensi dikomando taipan url,anger,0
alhamdulilah aa jimin sudah sembuh berarti gue juga harus semangat dong biar bisa sembuh,happy,4
ngeri ngono ya ndoro ngene kok sampeyan ngebet nyapres ajur ajur indak mending ngurusi banjir ndoro,fear,1
setelah semua persiapan mendaki ready enggak lupa kita makan siabg dulu makan siang kali ini kita di temenin nasi ayam kampung bho ie hmmm nasi komplit deh ada ayam kampung nya ada,happy,4
semangat ya para pejuang keluarga semoga dilancarkan rezekinya yang berkah amin,happy,4
kok ikutan sedih ya sedih,sad,2
memang bangsat para netizen sampai bayi saja dihujat macam itu,anger,0
dibalik cewek yang memberikan kepercayaan kepada pasangannya ada keraguan dan takut kehilangan karena mereka tau bahwa dirinya begitu banyak memiliki kekurangan dan diluar sana banyak yang lebih baik dari dirinya,fear,1
gua enggak enak banget teringat rant lama kalo gua memang bukan manusia yang baik tapi serah lah kayak gua deh merasa kalian nyaman kalian bisa mendengarkan apapun bahkan gua mengoceh tapi ternyata kalian malah enggak suka sama gua ya terserah juga sih gua masih bisa bahagia walau sendirian,sad,2
takut banget jujur kalo yangti sudah turun tangan,fear,1
enaknya jadi wanita jadi model jilbab dibayar pakai baju atau jilbab bagus pasti ada yang nanyain beli dimana ujung nya gue jualan wkwkwk dasar otak dagang lumayan lebaran bisa bagi thr ke krucil dirumah ramadhan berkah enak juga ya jadi feminim,happy,4
apa aku tak merepotkanmu sensei tanyanya khawatir hifumi pun mengambil sandal lalu memakainya masih sedikit kebesaran tapi tak apa toh hanya sandal rumah,fear,1
cak kalian tengok langit malam ini woi cari bulan cantik sekali bulan malam ini besar dan setengah penuh berbinar binar seperti wajahku,happy,4
tetap saja namanya selingkuh kok ya tolol banget kakean alesan,anger,0
kicep takut ketahuan mungkin,fear,1
al barbahari rahimahullah jika seseorang duduk ahli bidaah ingatkan dan jika ia masih duduk ahli bidaah setelah mengetahuinya jauhilah adalah pengikut nafsu syarhus sunnah 144 121,neutral,3
sendiri dan sepi aku ingin berlari menelusuri mimpi yang tak kunjung menepi,sad,2
aku belum makan siang makji enggak selera enggak belum nyangkut mau menangis enggak menang rasanya malu,fear,1
mjb dipancing pakai lagu-lagu,neutral,3
sudahlah tak usah pajang hadist atau ayat allah untuk pembenaran karena jika kita niat baik sama sama takkan ada jual ayat dan hadist demi pembenaran sepihak,anger,0
8 5 10 enakk banget suka rasa kuah pedesnya apalagi kalo lagi emosi makan ini auto hilang emosi ku,happy,4
username username maksud pks cara orang muslim yang meninggal enggak usah di shalattin karena beda politik apa ini cara islam berpolitik apa baginda nabi mengajarkan seperti ini masih pantaskah pks di sebut partai dakwah,anger,0
om kok nyempil begitu ngeri om,fear,1
tadi ngebatin kok stasiun terus baru hari ini hari sabtu dan orang2x enggak,neutral,3
pulanglah pulang untuk mengisi peluk yang telah sekian lama sepi tanpa penghuni pulang untuk hati dan lekuk perasaan yang hilang tak kembali pulang demi seteguk penghapus dahaga atas rindu yang teramat sangat tak tercicipi,sad,2
username pasti mimpi kali item ya om memang seram sih apalagi dipakein jaring enggak terbayang mahkluk apa yang tiba-tiba akan nongol karena tambah pekat,fear,1
ngeri banget sih,fear,1
iya mending batalin saja daripada kayak belanja sama batu anyway semangat upraknyaa,happy,4
demi masa depan yang cerah aku di larang menyerah,happy,4
kalo sudah tengah malam begini otak sama hati kok rasanya empty banget saking emptynya sampai ngejurnaling soal kepatah hatian eleuh eleuh luka kok dibanggakan muluk sik neng,sad,2
psi di tapi kenaikkan elektabilitas progres nya terlihat oleh publik,neutral,3
addeh mas dan bpk sekalian sekali lagi via vallen hanyalah korban yang mesti speak up agar supaya tidak terulang kembali sebagai bentuk spread awareness sekaligus hukuman buat siapapun yang ngedm dia supaya stop kamu kalo dilecehkan kayak begitu diam saja bagaimana pelaku mau berhenti url,anger,0
kok bisa bisanya kaget bukanya ente yang ngawas kesal,anger,0
sayangnya aku cuma manusia biasa yang tidak bisa menolak datangnya cinta hanya bisa memendam tanpa mengutarakan dan memperhatikan dari jauh,sad,2
dan dia ngebuntutin gue dong bangkai banget enggak sih gue yang biasa lewat jalan a harus muter ke jalan b yang lebih jauh pas gue sudah enggak lihat dia dibelakang gue gara-gara gue ngebut tbtb di lampu merah ketemu lagi langsung tancap gas lah gila takut banget banget banget,fear,1
saat lebaran aku rindu sosok wanita yang pandai sekali menyimpan rahasia ditatanya rapi rengginang crispy didalam kaleng tanggo yang dikemas layaknya kado,sad,2
kei enak,happy,4
anjing nih eps 3 sedih banget bangsat gue menangis sampai hidung mampet,sad,2
salah satu momen yang di tunggu saat bulan puasa yaitu bukber karena aku selalu ingat dengan pepatah jawa witing tresno jalaran soko kuliner yang artinya cinta datang karena makanan yang di bayarin,happy,4
kita semua mengaturkan kesuwun yang se tinggi2nya kepada pakjokowi n kabinet dengan kinerja yang super banget untuk kemakmuran rakyat,happy,4
singkatnya begini terkenang ketika ada hujan pagi ini turun salah satu terkenang pada novel legend hujan bulan juni fakta adanya memang,sad,2
pernah pas mengomong sama twice aku bilang teman ku suka sama exo ke nayeon goblog banget anjing exo mah ke grup exo ya bukan ke twice mana nayeon mangut mangut kayak bangga,anger,0
resiko kerja sendirian enggak ada teman single fighter bawa barang banyak harus bolak balik enggak ada yang megangin tangga enggak ada teman mengobrol but i like my job,sad,2
kalo gua sih karena trauma gua sering digodain banci dijalan tangan gua pernah dipegang dia tytyd gua hampir dipegang pas distasiun lagi anter mantan gua pulang dulu ada banci godain mengajak nganu dikosan wanjay,fear,1
untuk sebagian orang lagu ini mungkin alay tapi ini lagu pertama yang ai bawain pakai sound dan panggung yang lumayan bagus i was nothing back then,happy,4
bukan tipe orang semacam apa yang ada di kepala langsung dikeluarin indak koar koar di social media indak bukan juga seperti tere liye atau pun mario teguh yang bisa mengeluarkan kata kata bijak indak menginspirasi ketika terpuruk atau pun bahagia but actually pengin koar koar juga sih,anger,0
selamat pagi salam sehat n bahagia untuk semua,happy,4
sebenarnya bagus cuma karena sellernya galak jadi pada ngeri,fear,1
takut kesushi,fear,1
username anti bank bank club gue jadi kepo infonya deh risen lo saja makan duit riba tuh salah satu rekan kita pria paling menawan sekampus saja berani memutuskan untuk risen biar enggak makan duit riba ckck,fear,1
love this pic terima kasih atas waktu yang sangat indah note abaikan muka gue yang kayak babu pantai legon prima anyer,happy,4
sedih ku cukup aku yang tau kamu cukup tau bahwa aku baik baik saja terharu,sad,2
buat yang teriak teriak ganti presiden bagaimana pulang kampung naik kereta api bagus kan stasiun kereta kereta apinya juga bagus ber ac semua coba 4 tahun yang lalu banyak copetnyaaahh banyak calonyaaahh,anger,0
soonyoung aku takut sama jihoon hiks,fear,1
sudah dong sekarang akunku aman banget tapi kadang masih suka takut kalau ngetweet tiba tiba enggak bisa kekirim sih tapi kayaknya itumah sinyal anyway semangat untuk hari ini,happy,4
buat dan kalo mau menyerang pemerintah itu janjian dulu begitu kelihatan pada bego nya kalo begini,anger,0
tak seharusnya seperti ini tiada lagi damai bersenandung sejak api melahap ranting tempat pipit bertengger memaksa aku mengiyakan ingin mu merubah aku bukan diriku sedang takdir melambai memanggil ku kembali,sad,2
waktu terasa lamban berjalan di teriknya siang perut yang menahan walau diizinkan makan begini banget ya enggak puasa serasa lebih dari puasa sahur enggak teman kantor puasa semua,sad,2
orang kita mah deh,neutral,3
gemini memang seburuk itu kah jadi sedih,sad,2
layout mu keramat aku jadi takut mengajak barengan,fear,1
namanya tapi bego,neutral,3
ada orang yang niat banget bikin akun gaib cuma buat memaki dan memarahi orang lain marah kok melalui akun gaib,anger,0
jangan lupa minum ya habis makan takut keselek,fear,1
gunakan ketika kamu dicintai dan gunakan ketika kamu dibenci sebal,neutral,3
lune enggak gue mention enggak teman mengobrol rep nama gue,neutral,3
tidak ada bedanya parah,anger,0
username username username hei claudia kalo jawaban kayak begini sudah gue tau dari kemarin kali sabar ya kak ditunggu ya kak silakan di cek di bla bla template semua enggak mutu,anger,0
username ngeri enggak sih kalo keterima di ptn terus kelihatan gobloknya pas kuliah ngeri saja eh terus begitu skripsi dibikinin orang lalu cari kerja juga pakai orang dalam hm,fear,1
kok padahal mengasih,neutral,3
menonton hole courtney kalo kelakuannya gwe ngestan,neutral,3
username username lagu ya banyak sih tapi aku benar benar suka sama awake karena lagu itu buat aku semangat ngejar mimpiku buat dapat sertifikat bahasa jepang,happy,4
mondol sekamar 5 orang ngirit rame-rame panci dandang beras membanyaki micin,neutral,3
diberi keistimewaan malah memalukan komisaris ahok cc,neutral,3
tak sah tak bodoh,anger,0
yallah yaallah gue mau scrolling ig saja ngelag kea buka pakai internet explorer saja deh ah kok gue akhir2 ini banyak merasakan ketidakstabilan sistem ig ya ntut amat mengomong apaan gue,anger,0
seharian tadi surabaya macet lampu merah dibikin yang baru samping bank mega darmo dan di depan kfc darmo malah makin macet bukanya tambah lancar,anger,0
setiap waktu bersamamu adalah hal yang paling berharga bagiku dan selalu ada rasa khawatir bagiku takkan lagi bisa seperti ini dimasa mendatang denganmu,fear,1
betoii ustaz dan dengan takdak lah dulu kan orang tua-tua lelaki kasar-kasar pastu bersabar kak indak bersabar dan kita kahwin,neutral,3
ngeri banget emak gue ngomel ngomel ke mahmud buat mengedukasi cara ngedidik anak haha,fear,1
wah ini lucu banget desain username ada yang bati dan hello kitty juga,happy,4
ini tapi enggak apa-apa terupdate jadinya,neutral,3
smt ini masih tuweb nder upbjj ku belum,neutral,3
soalnya my biggest mistake utbk kemarin aku hopeless duluan terlalu banyak kekhawatiran kalo aku enggak lolos dan itu bikin enggak fokus enggak enjoy ya kekhawatiran itu benaran terjadi tahun kemarin wkwk semangat buat sendernya ya pasti bisa,happy,4
tapi eug takut kalo dia nanti merasa tidak mau ditemani terus menjauh terus menyindir terus ku tak enak lagi dan malas ngampus dan macam macam akibat,fear,1
semangat banget,happy,4
darimana warnet 3rebuan lu enggak skill basic komputer office kelewatan gublugnya di masih awto terseleksi,neutral,3
jarang bocor benda tajam takut nak dekat,fear,1
nah yang keterlaluan adalah kalo ada pjbt eselon yang menyalah2kan pelaksananya atas suatu kesalahan dokumen yang dia ttd paraf istilahnya enggak mau disalahkan padahal tugasnya pejabat itu ya neliti dokumen sebelum dittd paraf dan tgjawab atas isinya,anger,0
tiap tiap twit tak kita perlukan twit tanpa untuk memulai hari,neutral,3
braw ngeri banget tiap hari ambulance lewat terus stay safe guys kurangi nongkinyaa,fear,1
masih senggol sana sini,neutral,3
iya juga enggak ada dia dunia tl sepi,sad,2
tahulah nak luah kat siapa terasa bodoh gila,anger,0
enggak ada hantu2nya seremnya karena psikopat yang ada disekitar yang bisa ngebunuh kapan saja saya baru sampai eps 4 tapi lebih ngeri dari pada hantu2 vibesnya,fear,1
bahaya mercury untung cepat tersadar dan stop buat pakai produk2 instan ya sayangi kulit dan kesehatan anda karena cantik itu tidak perlu putih paling utama sehat drw aman dari mercury ples aman,fear,1
di urut dulu ke tukang urut takut salah urat,fear,1
swab pcr nder enggak obatnya kok pemerintah nothing tapi worries enggak nyebarin ke juga,neutral,3
username arti kata fan itu sama dengan mengagumi sekedar kagum boleh kagum demi kepentingan pribadi sampai menganggu kenyamanan orang tidak,anger,0
good morning gita semangat buat nanti streaming nya 2 2,happy,4
page 36 365 seharusnya jujur dari awal sih kalo memang sebenarnya enggak pernah tulus jangan terpaut karena kasihan datangnya yang ikhlas ya jangan buat orang yang mengharapkan mu kecewa,sad,2
segede begitu bisa makan anjing segede begitu mungkin juga bisa makan anak-anak kecil kita bisa bilang ularnya kasihan karena kita ada ditempat aman coba kalo kita disana ngeri juga,fear,1
pertemuan petama setelah 4thn tidak bertemu terima kasih karena selalu peduli terima kasih atas teguran dan semangat yang telah diberikan terima kasih telah hadir di perjalanan cerita ini,happy,4
wa ini mantap ini wa ini wa ini tok dari kemarin juga belum menonton deadpool han solo gr enggak ada teman kasihan dasar miskin enggak punya teman url,sad,2
melihat fotonya saja bikin ngeri apalagi mengalami sendiri merinding seolah kematian ada di depan mata,fear,1
username aku enggak salah bila mohon pada username segera perintahkan menkes untuk menambah ruangan khusus sakit jiwa pada setiap rumah sakit sbab tidak menutup kemungkinan usai pilpres setiap rumah sakit akan dibanjiri pasien sakit jiwa tanda2 kearah sana itu,fear,1
nanaananaannanaa sedih cepatan balik okaay jaga kesehatan jangan lupa bahagia dan bersyukur,happy,4
bangun tidur dengar dua kabar enggak enakin tuh sedih banget,sad,2
username oh iya bay deh wey jadi sekalian nih 1 kalo belum mapan jangan kawin 2 kalo mau hidup enak belajar manage duit yang benar pesan ini disampaikan oleh pria 24th beranak 2 brb kill myself,sad,2
sampai pagi ini masih menempel suara denise cover day6 ini di kepala antara masih masih kagum dan sedih karena dia salah satu orang yang bikin ku tertarik ke kpop karena headvoice dan range vocal dia bagus banget menangis,sad,2
username sudah dipaksa tapi aku bukan anak gem satu satunya yang ku bisa hanyalah candy crush daripada mabar cuma dibentakin karena bego,sad,2
username username username orang orang psi itu termasuk juga sih username adalah anak baru di dunia politik yang ingin cepat populer dengan cara memancing orang orang yang sudah populer untuk ber interaksi dengan mereka kasihan deh,sad,2
konyol og mengajak panas panas an neng grup chat ketemu langsung laah gontok gontok an ketok moto sekalian tapi bar kui beres enggak sono dendam rasan rasan,anger,0
kok rep nya enggak masa masa penjilat,neutral,3
setuju pak jangan korupsi jadi anda tak takut bicara karena takut ditelanjangi dan berani bicara benar seperti bapak url,happy,4
orang datang ke kandang pakaiannya sederhana cuma kaos oblong dan celana training mau juga keliling kandang buat memilih sapi tapi sekali transaksi mencapai 3 sama yang epic lagi beliau orangnya taat ibadah dan royal punya anak masih gadis enggak pak,happy,4
setiap kamu menciptakan secercah harapan,neutral,3
ada untungnya punya adik tuli bisa mengobrol bahasa isyarat sama driver grab yang barusan mungkin kalau kadang njenengan order grab di sekitaran gor uny mungkin bisa ketemu beliau kocak orangnya sih kalo kalian mengerti,happy,4
username username enggak perlu minta maaf juga kali beda perspektif mah wajar yang lebay mah menghapus twit neg bukan bela simic juga tapi selama vv enggak lapor pulisi bahwa dia sudah jadi korban pelecehan mah itu masih tetap urusan private mereka bdua di dm bagaimana awa,anger,0
ngotak tidak usah pakai emosi senang egois bngst,anger,0
erick thohir menjelaskan tujuan et ini dibentuk membumikan bertani masyarakat ia ingin masyarakat memanfaatkan lahan perumahan menjadi lokasi pertanian,neutral,3
pengin banget belikan layout kapel buat pcr virtual tapi masalahnya kita berdua suka layout mati lampu,fear,1
enak banget lagu hivi huhu,happy,4
start your day with scammer masa nak kau duit takde nak,neutral,3
vkf dong kak te menatap nya,neutral,3
hari ini perawat gigi nya lah kok jm segini masih,neutral,3
kayaknya netizen di tiktok jauh lebih tolol dibanding netizen sosmed lain deh,anger,0
username trend permintaan pasar begitu diriku mau sih jadi influencer yang baik karen suka main game pengin influence orang orang untuk beli game original tapi saya takut mengomong depan kamera sedih,fear,1
wkkw ribet banget sudah paham kok di memaksa jadi tolol enggak paham hadeh,anger,0
username takut dosa serius sebenarnya aku itu ingin kayak teman aku yang menel2 sama pacar nya ini itu tapi aku lebih takut akan dosa dosa aku saja pas sendiri begini banyak apalagi kalau punya doi yang enggak punya ikatan apa-apa,fear,1
username saya kan datang untuk bertanya kemudian mengobrol tuh sama mbak mbak help desk tapi saya tetap enggak mengerti karena enggak dapat jawaban yang menjawab pertanyaan saya terus mbaknya lama lama agak emosi yaudah makin enggak terjawab dong terus saya pulang,anger,0
jinhyuk menunduk menatap sepatunya merasa takut untuk membalas permintaan sang puan sama maaf saya tidak membawa alat lukis saat ini url,fear,1
username yang pasti ramadhan adalah bulannya milad al quran karena kita tidak tahu pasti kapan tanggal mulai diturunkannya wahyu dari allah swt memlalui malaikat nya kepada nabi muhammad saw,happy,4
kasih semangat dong moots,happy,4
benar banget cancel culture dan pembenaran diri sendiri ala sjw zaman sekarang benar benar sudah ditahap sangat menjijikan enggak beda jauh sama orang orang di jalan yang suka main hakim sendiri sampai bikin nyawa orang melayang,anger,0
tapi tentunya secara ini bekasi ada hal hal yang sayangnya tidak terelakkan 1 bekasi itu panas banget 2 bekasi kalau weekend sore malam itu macet banget tapi hal tersebut bisa diatasin sih kalau panas ya pakai ac ngindarin macet dengan rencanakan jadwal keluar rumah,anger,0
tweet yang sangat menghadeuhkan bego dipiara kagak beranak dodonk,anger,0
dear hi aku umur 19 punya sepupu cewek umur 22 nah dia mau nikah terus dikira mua nya aku yang mau nikah sih sodaraku ini bilang intinya mukanya borosan aku ada enggak sih skincare yang gabikin muka boros sedih banget dikatai begitu sedih,sad,2
enggak bisa deh dari semalem deh sedih banget e enggak sampai menangis wong masih ada 6 memb lain lockey semangat ya mesti bisa og,sad,2
e btw ya tumblr benar-benar di blokir buat indonesia ya sedih setelah berbulan bulan akhir nya app nya benaran kagak bisa di buka ngiteeeerr mulu itu,sad,2
jahat banget buat kalian laki laki tolong jangan suka jajan sembarangan dong,anger,0
ketika lihat presiden sendiri gue merasa kayak wow cepat ya sudah mau pilpres lagi padahal kayaknya doi baru kepilih ketika lihat presiden us gue merasa kayak the world is running at a snail pace baru 1 5th doi ngejabat like wtf,sad,2
tiap kali george ketip2 meminta minum selalu teringat kejadian di thailand sama username kami pakai motor sana bentuknya mirip honda new supra dan enggak tau ini mau diisi bensin macam mana dan berapa duit seliternya jangan-jangan kita ngisinya minyak tanah kan berabe ya,fear,1
ya allah sampai enggak ekskul gara-gara enggak dibangunin sedih,sad,2
kecil aku dulu jaman orba sering kalo lebaran begini diajak ibu kepasar beli baju yang aku suka pasti enggak kebeli ibu nawarnya mentok banget biasalah anak banyak dan ekonomi tak menentu waktu itu,sad,2
fan mu mental health nya kebal,neutral,3
jadi takut buat pacaran lagi,fear,1
good moawwnnning let si start this sunny morning with happiness bb don t forget tapi breakfast mandi tapi masih kepagian jadi nanti siangan saja di have a nice day bffs semangat buat hari ini yuuuuup jangan lupa selalu bersyukur many people love you,happy,4
kaget ke logout sendiri,fear,1
ketika semangat puasa mulai turun di akhir bulan lalu allah beri semangat kita dengan adanya malam lailatu qadar biar kita semakin semangat beribadahnya soswitnya allah baiknya allah maka nikmat tuhanmu yang manakah yang kamu dustakan,happy,4
2 ke driver gojek itu seorang stres di tahan pas mau lempar batu ke kepala gue dan akhirnya orang-orang sekitar pada rame lihat ujung2nya dibawa lah ke rt buat laporan dan nyamperin keluarga beliau di salemba juga,fear,1
sejak kita mengenal dunia orangtua mengajari kita tertawa namun sekarang kita sudah dewasa sering lupa membuat mereka tersenyum bahagia,happy,4
finally jimin my angel anak lucu sudah negatif dan sudah mau keluar dari rs kan senang banget rasanya jim lihat notif wv pagi ini terima kasih sudah pulih pokoknya tetap jaga kesehatan sayang,happy,4
ahaha benar pagi pagi sarapan saja jangan marah marah nanti lekas tua,anger,0
ya begini nih kalo ada siluman bukber fotonya kagak ada yang benar sudah di sono paling lama ditungguin sampai diliatin orang yang pada antre tetap saja anteng mengobrol ketawa mengakak ini nih pertemanan jastip terbhaiqq,happy,4
jangan buat gua spill lu di rl ya anjir gua sudah sabar sudah hps twt sudah ganti username tapi lu kayaknya memang mencari ribut sama gua ya cewek bangsat,anger,0
persoalan thr gaji ke 13 dan tukil sepertinya bukan hal yang sepele baik bagi yang tidak menerima menerima tapi terlambat dan dari mana itu didapat,sad,2
membacanya uang rakyat dikorupsibagaimana investor investasi ke uangnya ace golkar ajari ahy kuda di 2024 terpenting strategi,neutral,3
dan kalo tresno akan terus di pak anies dan pak pernah sedikitpun walao negativ,neutral,3
baru kali ini hrd orang ngelamar wa mengirim cv berupa orang mengirim cv tapi surat lamarannya enggak pakai font orang mengirim cv tapi seadanya tapi juga sih benernya begitu,neutral,3
benar ini pikiran suka banget memikirkan hal yang bikin sedih,sad,2
dan percayalah mimpi itu sangat buruk sampai-sampai aku terbangun karena terlalu takut hal ini sangat aneh karena kejadian seperti ini baru pertama kali terjadi padaku bahkan sudah bertahun tahun aku tak pernah mengalami mimpi buruk,fear,1
ngeri ngeri,fear,1
pengin resign tapi kok takut nanti enggak lebih better merasa nyaman tapi kok batin aku enggak paham yang salah ada di diri aku atau siapa sih,fear,1
atau tapi ke persaudaran sempat terjalin begitu masih mengingatmu dan tak akan kebaikanmu ku di salatiga enggak pernah kontaka an semoga kamu ini,neutral,3
username hahaha sama aku begitu ngliat oppa2 kore langsung pengin belajar korea menonton drama barat langsung pengin bisa lncr english ngliat bny sama mewart langsung pengin belajar bhsa thai wkwkwlw,happy,4
awalnya saling sapa ujungnya saling suka awalnya saling mesra ujungnya kecewa juga,sad,2
orang enggak bisa bangun juga marahnya,neutral,3
lebih banyak cara untuk membenci karena sangat mudah menemui setan dimanapun kita berada lebih sulit untuk mencintai sesama karena setan juga ada dimana mana dan dengan siapa saja,fear,1
tak kesempurnaan untuk bisa jika kesederhanaan membuatmu menjadi,neutral,3
username username iya mereka harus saling menguatkan sih yang penting mino harus cerita saja ke member yang lain biar enggak beban sendiri,sad,2
kalau berita ini benar sungguh menggelikan sekaligus menjijikkan lebih parah merendahkan martabat diri bangsa dan masyarakat indonesia semoga itu hoax username username username username url url,anger,0
ogeb banget deh pakai sok sok an kaget,fear,1
yang bagian mana yang menyatyakan paling benar siapa yang bilang itu statement nya tuduhan mas bro,anger,0
pembelian sebabkan telur ayam,neutral,3
kalau boleh jujur sampai sekarang gue masih belum sepenuhnya menerima perilaku enggak sopan orang ini yang berusaha keluar masuk hubungan kita dulu karena gue merasa enggak adil saja gue enggak pernah ngerusak hubungan orang sampai sekarang kalau gue ingat caranya masuk gue enggak habis pikir,anger,0
yakan dia adeknya anjir bagaimana sih maksud lu anjir masih pagi ini ya jangan buat emosi bgst,anger,0
malah dihimbau untuk dilindungi belum akan oleh mereka belum belum masih bisa ini sebuah test iq,neutral,3
tapi aku mengerti memang akan selalu ada yang terlihat lebih baik dari apa yang dia punya akan selalu ada orang yang terlihat lebih menjamin banyak kebahagiaan untuk dia dapatkan username,fear,1
semangat membacaa,happy,4
kenapa sih lu tuh wangi orang kayak begitu kak kan gua takut,fear,1
username username terima kasih sudah memberikan musik yang bagus untuk kami konten konten yang bagus untuk kami dan terima kasih sudah memberiku semangat untuk menjalani hari terlebih setelah aku down karena banyak hal,happy,4
ya allah bukakanlah bagiku di bulan ini pintu pintu menuju surga dan tutupkan bagiku pintu pintu neraka berikanlah kemampuan padaku untuk menelaah al qur an di bulan ini wahai yang menurunkan ketenangan ke dalam hati orang orang mukmin,fear,1
gua mau nyemangatin orang tapi gua sendiri lagi enggak semangat aduh keenan kenapa bodoh banget sih haloo moots tetap semangat ya luv lu,anger,0
eh asli sedih banget padahal debutnya juga belum lama mana suara dia paling bagus di sn,sad,2
tak yakin ku kan mampu hapus rasa sakitku ku selalu perjuangkan cinta kita namun apa salahku hingga ku tak layak dapatkan kesungguhanmu,sad,2
kita lawannya akan dengan hasilnya,neutral,3
username wkwkw kayaknya iya deh aku baru ingat kalo sepupu sepupuku menyambung atau seru ngobrolnya soalnya sama pasarannya kalo sama aku biasa saja hahaha oiyaaa wr supratman,happy,4
gerombolan penjilat tidak tau malu,anger,0
kalo ingat hari itu worst banget sih kebetulan memang lagi berusaha buka hati buat orang lain karena yaduuu capek banget menunggu orang 3tahun enggak dapet2 eh sekalinya dapat apes part 2 url,sad,2
dari tadi sore ngiler coto tapi enggak sempat terus sampai rumah keburu capek lapar tengah malam buka kulkas nemu indomie coto makassar alhamdullilah url,happy,4
bisa kesurupan kalo main ditempat sepi,fear,1
langsung melek gue bangsat,anger,0
teman-teman masa kecil yang turned out being asshole itu kalo cewek jadi ukhti2 hijrah kalo cowok jadi abdi negara rasanya semua statement ku di sosmed pasti yang menyangkal orang-orang kayak begitu parahnya lagi kalo mereka pacaran bangsat,anger,0
orang kalau hatinya sudah kotor itu pasti ada saja tingkah jahatnya itu peristiwa paling enggak bisa dilupa deh dan jadi peristiwa sedih juga alhamdulillah om ku sembuh dan bisa pulih kembali mungkin kalo sekeluarga besar enggak saling sopport nyawa om ku bisa saja hilang terharu,happy,4
bodoh mana bisa nilainya dilihat oleh ahlinya conan edogawa,neutral,3
seram juga ya yang staf nya wanna1 nge dm ini fansite karena copyright infringement yang actually benar sih tapi langsung mematikan fansite culture,fear,1
kan enak punya kapal min,happy,4
atau bahkan mereka enggak tau keberadaan makanan modern seperti itu melihatnya saja sudah terbayang berapa hari kerja untuk membayarnya apalagi memakannya sayaaaaang aku pengin kayak mereka tapi indak bisa aku sudah terkena sindrom kekinian,sad,2
kaget banget lagi mam mie terus menonton all of us are dead ada scene zombie yang lagi ngacak ngacak usus dari perutbodohnya gua tetap lanjut makan sama menonton,fear,1
enggak pernah mimpi tentang treasure sedih banget harus bagaimana biar mimpi tentang trejo,sad,2
india lumayan ngeri kalo korea agak bahaya meskipun 4 tahun ini masih mereka dibawah kita kalo hong kong ya begitu deh,fear,1
setuju makanya kadang gue suka gedek sama yang pro sama banget kayak anjir mereka saja urus artisnya enggak becus,anger,0
semua warga ntt suka atau tidak tentu banyak diantara kita tak setuju klaim sepihak tak pantas dari username di username sebagai tuhannya nusa tenggara timur url malah username dicaci maki karena berani kritisi timses vbl username amp,anger,0
di anggep mana takutnya selain hal begitu,neutral,3
salam tak pakai mask menteri tak berani nak kawan kawan,neutral,3
gue dibanding pencitraan merasa bahwa menjadi orangtua itu asik dan menyenangkan sehingga me skip hal yang enggak enak dan menjerumuskan orang lain mendingan brace itu saja gapapa dibilang enggak bersyukur parenthing enggak semudah lo suka anak kecil doangan sih,sad,2
pembayaran upah pkt ds madurejo pasirian lumajang masy tersenyum bahagia tppijatim username username url,happy,4
hanya mampu retweet bagi peminat cerita seram tengok je lah saya penakut kalau tengok kat wayang nih dengar suara aku sorang je menjerit walaupun tutup mata,fear,1
hari ini pijat incall outcall area jakarta pijat reflexi pijat massage pijat traditional jam 09 00 si di jam 24 00 di link wa,neutral,3
bisa dong ya jangan bikin emosi dulu pagi pagi,anger,0
semangat buat hari ini 3,happy,4
aku adalah anak pemalas selalu riang serta mageran karena aku rajin drakoran tak pernah tidur dan overtingking lah lah lalaa,happy,4
icut skip skip lah kok makin seram gelaaaa masih ingat malam itu habis jejeritan langsung lompat ke luar ke kamar umi meminta tidur sama umi,fear,1
bnsatt anjir pagi2 bikin emosi kalo enggak suka anjing kenapa pelihara tiap hari selalu dengar anjing menangis kena pukul emosii mending lu kasih orang deh itu anjing daripada disiksa setiap hari kesel yatuhan dengernya ikut sakit dengar anjing menangis,anger,0
syafi i pernah berkata bahwa budaya arab adalah tapi diadopsi oleh warga indonesia kita pakai logika pernyataan jenderal dudung logis dan untuk menggerus budaya arab,neutral,3
hayolo sekarang siapa yang ngemis2 meminta dicariin sponsor kemarin kemana saja pas aku lagi baik hati mau bantuin kamu sudah mepet acara begini bingung pada nyari2 sponsor perusahaanlu sendiri apa yang mau lu mintain tolong,anger,0
jangan deh kalo balikan entar takut muncul perang dunia lagi,fear,1
orang orang berkata mendapatkan tiga hal dan hormat khalifah ali bin thalib,neutral,3
itu mbak nya enggak pantas mengomong kasar walau harga fondaition nya selangit toh enggak bakal bisa cantik selama nya gara itu fondaition karena kecantikan itu hanya untuk sementara entar juga tua keriput terus mati kecantikan di dunia ini hanyalah sementara,anger,0
lah biceps bcg tak kerana vaccine deh chicken pox,neutral,3
5 masa depannya enggak jelas lah iya bagaimana mau jelas coba lulusan seni bisanya cuma menari mau kerja apa menari menari doang berapa sih penghasilannya penari kerja juga enggak tetap,anger,0
agak ngeri ye,fear,1
beli tong sampah made ini jerman biar bisa setara sama negara2 eropa apa hubungannya toh itu cuma sekedar tong sekedar wadah enggak mungkin bisa nyetarain bangsa atau masyarakat lewat tong sampah macam begitu,anger,0
eh denise gue baru bangun apapun deh denise,neutral,3
pertanyaan yang bakal ditanya nanti pas lebaran itu pasti begini galuh sudah selesai alhamdulillah sudah bisa jawab sekarang kerja dimana alhamdulillah sudah bisa jawab kapan nikahnya alhamdulillah eum itu anu eh jederrrrrrr,fear,1
seluruh kelas menertawakan yandi ada yang nyeletuk bilang pertanyaan anak sd lu mah hahahaha semua orang menganggap pertanyaan yandi hanya guyonan,happy,4
happy anniversary 2nd semoga allah swt senantiasa melindungi dan menjaga kita dalam menempuh setiap langkah kehidupan dan lekas diberi kepercayaan untuk,happy,4
denise gue sedih,sad,2
sini tiap hari mandinya pakai juga,neutral,3
pebalap motogp enea bastianini memakai alat semacam tongkat untuk hewan ia sebut batman,neutral,3
di ibu sekarang ibu,neutral,3
bmkg memprakirakan bahwa berpotensi di sejumlah di indonesia,neutral,3
rupiah jatuh anjlok ramai menyalah nyalahkan pemerintah gilirah rupiah naik menguat mereka mingkem sekarang anggota dpr menyalah nyalahkan polisi pas bom meledak salahkan pemerintah lagi sampai gue jadi sekjend pbb,anger,0
setiap mendengarkan lagu ini gue merasa diberkati oleh username iya diberkati karena gue merasa seolah olah bighit mendengar dan menjawab doa gue buat ngerilis lagu fake love versi yang iniso thank you sok much bighit,happy,4
ikhlaskan saja mereka yang terus menghujat dan menyakitimu karena walau mereka memakai ayat untuk pembenaran tindakannya kau pakai saja ayat ayat tuhan untuk focus memperbaiki diri ke depan,sad,2
pernah baca katanya memang ada oknuum yang bikin kebakaran terus kalau pemadam kebakarannya datang malah dihalang halangi seram seram ibukota seram sedih,fear,1
woah buat urusan difitnah dimusuhin dibikin enggak mau sekolah gara-gara enggak ada yang mau berteman trauma setiap minggu malam karena besok paginya sekolah dibikin malu didepan banyak orang aku sudah melewati itu semua,sad,2
lao yan tuh tipe tipe tsundere ah qiao begitu selalu nolong ah qiao,neutral,3
aku ini lagi mendengarkan ost nya snowdrop yang judulnya friend sama wishes sedih banget sekarang tuh 7 harian nya sooho enggak sih,sad,2
mbak kuntil bikin emosi,anger,0
seru ya ternyata nontonin orang bego,happy,4
baru bangun tidur woyy elah sedih banget denise left padahal masih positif thinking dia bakalan coba ot7 mana vine enggak ada pengumuman resmi lagi memang agenshit,sad,2
pas sange pengin melakukan itu sama seseorang tapi takut,fear,1
sedih banget pas di tempat fc lek2nya masih nulisin menerim isi lagu-lagu lek2nya sudah tua begitu,sad,2
senang akhirnya jenjang karir yang dimau abangku sudah kecapai tapi sedih juga harus jauh jauhan lagi nanti kalo nelfon pasti sombong deh menejer nih menejer jangan macam macam memang rada tahi sih tapi gapapa uang jajanku menambah bismillah,sad,2
username masa kecil yang paling diingat itu kalo barangkt sekolah itu minta diantar ibuk terus karena takut kesekolah sendian dan harus dibelikan permen dulu biar mau berngkat begitu deh secara gue orang pendiem dan takut kepada teman username username,fear,1
im shoo happy meskipun rada kecewa sama durian2nya merasa keluar budget banyak tapi enggak worth itu tapi enggak apa-apa yang pntg kebersamaannya yakan,happy,4
kejer panik takut kebakaran dormnya,fear,1
non fan tapi ikutan sedih baca sudat denise,sad,2
bangun tidur langsung disuruh pergi tapi disuruh mandi dulu dan harus sampai sebelum ashar ya bayangkan saja bangun saja jam 3 kesal url,sad,2
pagi pagi dapat kabar ini senang banget memang habis sediha selalu ada yang bikin bahagia,happy,4
orang cuma bisa nya ngeliati hidup orang lain saja tapi mereka enggak pernah ngeliati hidup mereka sendiri saja belum benar,anger,0
enggak kerasa minggu depan sudah lebaran saja bahkan belum bolong sama sekali dan ngrasa kayak ibadah kurang begitu efek libur panjang pekerjaan sebulan diabisin seminggu,sad,2
semangat pagi semoga ada rezeki hari ini,happy,4
takut pc gue tetap di kolbuk,fear,1
buka facebook homepage penuh sama politik buka ig lihat muka orang begitu-gitu saja buka twitter gua bisa ketawa2 baca twit orang hahahahaa,happy,4
jam segini sudah bangun sedih banget sedih,sad,2
kalau disaat saat kayak begini rasanya gue pengin banget tinggal di kampung ya allah sedih di daerah gue sudah enggak ada adat istiadat sundanya huhu monangis,sad,2
menurut cak nun orang yang tak percaya akhirat logisnya tak percaya allah secara syari dia kafir tapi cak nun tak mau bilang mega kafir tapi dia orang yang tak paham,fear,1
biasa nya begitu pang atau menunggu buln depan nya lagi buat bisa beli agak miris dengan skincare yang agak mahal sedih,sad,2
tenggorokan awalnya terus demam kepala terus dan deh kalo nemj gejala begitu swab pcr kalo entar ke puskesmas rtmu kalo gejala isoman berjemur vitamin diperbanyak,neutral,3
celakanya kamar hotel dan tiket yang tak terjual tersebut mengandung fixed cost yang relatif sama untuk airlines pesawat akan menghabiskan bahan bakar yang hampir sama baik kursi di pesawat tersebut kosong diisi penumpang,fear,1
hari ini ketemu dia lagi setelah ganti nomor whatsapp dan dia enggak save nomor gue yang baru bikin gue galau sampai sekarang dan dengan muka imutnya dia nampakin mula begitu saja tadi senyum mengajak mengobrol ku terus buang muka padahal rindu,sad,2
tapi kepada dengan kemarahan saat dan tujuan tepat dengan cara sulit aristoteles,neutral,3
enggak enak badan,sad,2
dipta kamu jangan bego bisa enggak,anger,0
enggak mengerti harus mengapai sedih saja begitu,sad,2
dukaku karena tak mampu katakan sedih ku karena sakit ku emot mekkel sip,sad,2
semoga besok sudah ada pengumuman baik ya allah amin lancarkanlah segalanya benar-benar deh judulnya sekarang tuh gue dipenuhi ketidak pastian dan penantian huhuhu benar-benar dari berbagai aspek bisa tenang saja enggak sih nih hidup,fear,1
anonim pak ava nya colongan enggak dlayanin,neutral,3
gantengan juga kamu,neutral,3
hari hari sedih terus,sad,2
terpantau balas dendam goro sumpek ndek dosen sing sak penake dewe,anger,0
rlt apa perlu pacaran settingan biar enggak digangguin mantan terus asli ngeri aku dia masih upload foto berdua dp enggak ganti tolong dong aku kudu bagaimana,fear,1
jangan tuntut aku untuk jadi apa yang kamu mau karena aku takut jika akhirnya aku tak bisa memenuhi tuntutanmu terimalah aku apa adanya maka kupastikan kamu akan kubuat bahagia dengan caraku,fear,1
with the girlfriend maaf bang dipinjem dulu sih eneng i need my long overdue dose of lexyness,happy,4
takut sepi tapi yang lain tak berarti,fear,1
ia baru menapakkan kaki di b enam taksi telah dipesan namun dirinya masih nimbang tujuan kedua kakinya bergerak ke tumit berulang kali,neutral,3
username enggak perlu bang karni yang perlu di buka sekarang adalah kasus2 pelanggaran ham seperti penculikan dan pembunuhan mahasiswa di era orde baru,sad,2
puji tuhan senang banget pagi pagi dapat kabar kalau jimin sudah bisa pulang ke rumah,happy,4
ya allah sampai ke bawa mimpi ceritanya di gedor sama salah satu host terus salah balas dm eh enggak jadi menang sedih sedih bangun2 langsung menyesak karena mimpi,sad,2
ingin rasanya saya mengulang seperti jaman kuliah ada teman username yang mengajak di hari terakhir tapi kalau kini sudah berbeda jarak dan setiap izinnya,sad,2
hal terbege selama seminggu ini adalah aku sudah menghidupkan alarm di jam weker dan jam hp namun aku hanya bangun untuk mematikannya lalu tidur kembali dan berujung bangun kesiangan oke syap,sad,2
saya terlalu sibuk menggalau hingga lupa kalo kemarin lusa oshimen pada zamannya berganti umur yang ke entahlah akupun tak tau username url,sad,2
slogan itu deh boleh buang ganti dengan semua polis adalah bangsat,anger,0
tapi dia itu bule dong menurut persepsi dia mungkin itu normal bule bebas mengapai saja begitu ingin ku berkata kasar kasar url,anger,0
alhamdulillah sudah menjadi fan dari sumber berita antara username ikutan yuk username username username semoga bisa menjadi,happy,4
anjingg kaget bikin kesel,anger,0
akhirnya dapat juga username username reno 5 tapi hrganya ya begitu deh soalnya sudah kepepet banget sudah jauh2 juga ke mi store beksi tapi zonk url,sad,2
idm my masa gua tadi ketemu teman sd yang pas sd ngejar gua dan mengasih surat tiap minggunya asdfghjkl banget enggak tau kenapa merasa takut gua tertawa aduh jaman sd mengerti apa coba tertawa,fear,1
mana adaaaa eh ada ding tapi enggak ah takut disini daerah rawan kalau keluar malam saja pulangnya diantar rame-rame saking rawannya,fear,1
kadang suka enggak terima kalo lihat hidup we enggak kayak teman-teman we yang mulus2 saja mungkin balasan dosa2 we selama ini,sad,2
username kalo gue sik memang habis kehilangan seseorang yang dekat ya bisa dibilang cuman tahap bangunin sahur zone lah ahhhhhhh sial tayo tayo benar apa kata lu bang memang jadi gila,sad,2
enggak apa-apa kalo enggak new owner,neutral,3
di sini masih kali ini,neutral,3
pengin ngerjain yoel tapi takut diamuk duluan,fear,1
username intinya mah lakukan perubahan di dunia nyata saja apapun hasilnya daripada cuma sampaikan opini di socmed yang seringnya malah nimbulin pro kontra tanpa merubah keadaan yang ada,sad,2
mau mengucapkan happy birthday yang ke 24 buat nursehah username semoga berkah umur murah rezeki sehat selalu makin rajin ibadahnya amp,happy,4
lah lah kaget dong aku kok kamu malah sedih,fear,1
untuk para sahabat dan guru neniyulianita dari ani dan teman teman akademisi selamat milad fikom unisba ke 35 semoga lulusan fikom unisba semakin berkualitas,happy,4
pusing guweh,sad,2
mission accomplished yang penting sudah ngenalin username ke mama papa tinggal tanggal mainnya lagi kan dia yang syahadat atau aku yang di baptis wagelaseh bagaimana menurut edak username,happy,4
happy birthday sender wish you all the best semoga ditahun ini kamu dikasih kesehatan selalu sukses dan orang makin sayang sama kamu once again happy birthday,happy,4
aku sedih banget,sad,2
username iya di dm lewat twitter begitu tadi sempat selewat melihat sebenarnya boleh saja meminta hapus foto-foto konser atau sue kalo mereka enggak mau macam jelpi tapi kalo nyuruh tutup sih bodoh sih,anger,0
welcome back denise sedih banget baca pengumuman dari kamu pagi ini apalagi lihat insta story kamu yang foto sama member but walaupun kalian terpisah sekarang aku akan tetap selalu dukung kalian,sad,2
ada masa dimana cewek berada diposisi enggak ngenakin mau pergi tapi masih sayang mau bertahan tapi sakit hati dan itu pasti enggak enak terharu,sad,2
halah cewek jaman sekarang di catcall dikit langsung menulis esai di ig story soal harrasment dasar sjw lah iyalah url,anger,0
lagi belajar tentang putusan2 pak artidjo sambil mendengarkan chris cornell menyangkut lembaga yudikatif biasanya teman diskusi saya cuma satu sayang orangnya sudah pergi url,sad,2
aku bersyukur segala hal untuk pertama kali kulalui dgnnya akupun bersyukur atas semua hal yang membuat senyum diwajahnya aku ada bersamanya tak peduli saat marah dtng kami tak lama jika berjauhan mungkin karena aku yang terlalu sering mengerjar dan ibumu terlampau kasihan pdku,happy,4
yaallah beri ia pacar baru yang nerimo yang gemati yang enggak pelit yang mau bayarin makan yang suka mengajak duluan yang enggak rewel biar sakit hatinya hilang amin,sad,2
enggak galak bahkan enggak pernah t t,neutral,3
setiap orang tapi setiap memiliki warna cerah keinginannya,neutral,3
jadi sedih aku,sad,2
ini juni dimana gugur daun bidara melunglai meresapkan sepi hanya sesak rindu menggebu disemua lembar lembar kekaguman aku pada mu sudah lelah kah kau menatap sementara langit masih menyimpan cahaya biarkan malam memeluk gelap pagi memuja sunyi dan aku mencinta engkau,sad,2
sayang seribu sayang namun tak ada satupun yang nyangkut sampai sekarang,sad,2
fan mana pun yang benci sama curry bakalan tetap ngakuin 3 points nya bahaya banget mau ngelempar dari mana pun kemungkinan bola masuknya itu 99 99,fear,1
rakyat indonesia sudah cukup menderita oleh ulah para koruptor yang kebal hukum jangan bahagia di atas penderitaan rakyat indonesia punya penjajah yang terparah yaitu koruptor rakyat bekerja keras membanting tulang koruptor yang menikmatinya,anger,0
semangat sender,happy,4
pagi saat seisi semesta sujud pada zat yang acap lupa kau sebut sebab kesombongan yang membalut pagi ketika angin berbisik lirih saat malaikat rahmat mengirim kasih aku yang buta mata hati masih saja sedih pada jiwa yang letih pada raga yang merapuh dan rambut yang mulai memutih,sad,2
kabar bahagia terus dari kemarin mudah mudahan bisa sehat terus semuaa,happy,4
semangat terus kapanpun itu,happy,4
teminum kopi kah tadi,neutral,3
palu kau kira kuli pea,anger,0
spade 55th baru saja ditemuin meninggal gantung diri di aptnya sama pembantunya padahal suaminya andy spade juga ada di dalam apt saat itu ya allah bahkan se sukses kata saja bisa begini mengingatkan kita buat lebih banyak bersyukur n menikmati hidup fix nanti pakai katespade tapi honor her,sad,2
hahaha iya nih malu malah enggak bawa jeans lagi terharu,sad,2
username akunku sudah dihapus pengin main lagi nanti deh kalo sudah bisa merhatiin perintilan lain selain kuliah anaknya munetan lihat notif grup numpuk dikit saja kudu dibuka makanya mending leave sekalian kok curhat,sad,2
eh takut banget,fear,1
ke netz memang begitu kalo ngebash suka enggak pakai mikir deh sedih,sad,2
takut limitt,fear,1
ini terdengar tapi bagaimana kalo sop nya begitu tapi kalo ibu dan ekspresinya kelihatan begitu dipanggilnya mbak enggak apa-apa enggak apa-apa kamu,neutral,3
lepas dari krim dokter alias krim klinik dan alhamdulilah tidak terjadi iritasi atau apapun yang tyda diinginkannn yang penting kalo mau out pakai sunscreen bep,happy,4
terlihat padahal sedang terlihat padahal luar,neutral,3
revisi lagi revisi lagi ya allah mantap sekali memang harus dibeginikan miyah nih biar pintar biar mau nggarap mencari referensi sana sini hohoho,sad,2
yakaann sedih enggak sih padahal pengin pakai juga karena lucu gemass,sad,2
anjing babi bangsat abang gue kecelakaan pelakunya kabur setan,anger,0
gue sih malu kalo dibegitukan,fear,1
kalau bahagia itu sederhana kenapa kau sibuk mempercantik raga sedang kau tau milikmu adalah hal yang fana lokasi sungai susukan ndalem mejagong randudongkal pemalang username username username url,sad,2
harus semangat sampai go nanti,happy,4
enggak kok tuh pernah 4 1,neutral,3
setelah menangis mewek enggak karuan gegara galau pulang apa enggak akhirnya gue memutuskan untuk enggak pulang lagi kasihan emak dan ayah gue mudik mahal cooy,sad,2
guuys disini edit video cowok kipop buatnya pakai huhu,neutral,3
keren ya di pondok pintar ini mereka belajar dan fokus dengan apa yang diterangkan semangat untuk kalian anak papua,happy,4
ah aku sedih dengernya,sad,2
inilah salah satu sebab kenapa aku mending enggak usah punya anak cuma suka anak kecil selama masih lucu saja ya tapi kalo dikasih makan anak kecil pasti jadi anak besar kan ya,fear,1
sedih banget senang,sad,2
buat kali ini gue enggak mengerti sama jalan pikira lo gar yang jelas jelas vara lagi hamil goblokk dan satu lagi buat lo zara gue tau lo kaget kecewa sama kakak lo tapi dia lagi hamil anjritt dan lo enggak tau alesan kenapa kakak lo melakukan itu semua anjing emosi banget gue,anger,0
pengem menonton kukira kau rumahh tapi takut kena mental,fear,1
ta tapi aku biasa enggak di aduk takut enggak enak,fear,1
masih nih jejangan dan bajer ye xixixi,neutral,3
gue juga takut,fear,1
baru mengirim bonn cafe,neutral,3
username username semoga kita menjaga n terjaga sebagai pendukung dua periode yang enggak memalukan ayo kita kuatkan kesatuan untuk dua periode pak jokowi,happy,4
enggak apa-apa gue emosi saja sama lu,anger,0
3 untuk 6 sampel diambil 2 relatif transportasi massal dibawah 1 kamu posisi smtr 4 lokasi 2 kamu atau tanpa opsi transportasi massal kecuali raya cikupa bis feeder swasta lokasi ke non transit,neutral,3
jiahaha biasanya yang curhat cewek dimedsos lagi kasihan istrinya yang menanggung malu dikampung,fear,1
jadi kalian vote selama ini karena mau semua serba graris haloo terus kalian pikir bangtan bisa mengadakan asupan buat kalian itu juga enggak butuh duit meminta serba gratis terus bangtan mau lo kasih makan apa,anger,0
acc admin member dan b,neutral,3
jangan lupa bahagia hari ini cukup jalani hidup dengan penuh bahagia ketika ada hal yang buat kamu sedih senyum harus senyum senang angkat kepala biar mahkotamu tidak jatuh,happy,4
baru bangun puji tuhan dapat kabar baik tentang jimin,happy,4
username lah koalisinya pasti keok siapapun pasangan ahy pasti keok mimpin batalion saja tidak pernah sekarang mau mimpin ri hai pada berpikirlah yang waras,anger,0
bigbang alive tour 2012 tapi vip aksesorisnya favorit kami,neutral,3
indonesia memilih artis enggak difilter dulu apaya kok bisa ada orang kayak yonglek begini banyak followersnya apa bagusnya sih bagaimana mau maju coba indonesia ya allah,anger,0
enggak usah kaget kalau tiba-tiba gue jadi benci sama sodara gue dasar orang enggak tau diri benalu kacang lupa kulit bajingan sama sodara sendiri,anger,0
kalau begal bagaimana pak polisi terus pelaku nya kerusuhan tersebut apa hanya di bubarkan saja kenapa tidak tembak mati saja agar jera tidak lakukan lagi terima kasih url,anger,0
happy milad ya uni ku insya allah diberikan umur yang panjang diberikan kesehatan selalu keselamatan bahagia dunia akhirat untuk uni keluarga tetap semangat uni ku tetap berjuang bela rakyat jelata,happy,4
capek gasi anjrit tiap hari di teror proposal mulu tertekannn,fear,1
seru wlpun tiap menit selalu berubah aturan amin amin nuhun bu jangan gtt juga ih enggak enak enggak ada yang nyapa ciranjang dan sekitarnya lagi kan,happy,4
sedih gue pakai mati segala,sad,2
saling saling memiliki saling membutuhkan saling terpenting,neutral,3
kita enggak seperti anda mbak yang hobi carmuk sok pahlawan kebengenan serah deh serah akan ada masanya anda jatuh ketahuan semua keburukan anda yang sebenarnya dan saya tidak mau mengurusi urusan anda biar tuhan yang berkehendak kapan anda akan menerima balasannya,anger,0
semangat puasanya an,happy,4
terlalu cuek dan capek berantem terus tiap gue complain karena dia terlalu sibuk dan cuek malah dia yang marah like what,anger,0
dulu jaman putih abu abu rasanya ngebet banget pengin cepat kuliah eh sekarang pas sudah kuliah mikir berat rasanya jadi ngebet pengin nikah,sad,2
masih pagi sudah emosi,anger,0
satpam komplek memang perhatian banget dan hampir enggak pernah nanyain pak pulang enggak kala jam sudah diatas jam 1 malam dan motor tak kunjung nangkring diteras,happy,4
kamu punya baju atau outfit favorit yang paling sering di pakai padahal masih banyak baju yang lain sampai kalo kotor dikit langsung cuci keringin pakai lagi,happy,4
ganteng juga enggak ih kesel banget lihatnya katanya ekspresi dingin nya karena bawaan dari karakter di drama but halo we re ini real life di presscon harusnya profesional dong ya mau nunjukin karakter di drama salah lapak bro kasihan seohyun poor my baby,anger,0
sedih ada orang suka kita hakhak,sad,2
username jika terjadi overload pengiriman sebaiknya tutup sementara penerimaan pengiriman paket agar semua paket yang telah masuk dapat terdistribusi sesuai estimasi jangan mementingkan keuntungan dari pihak jne saja tapi pentingkan juga hak konsumen,anger,0
halo siang min kok enggak bisa pesan tiket ku kira kau rumah di gojek dengan alasan kota saya tidak ada di situ ya kecewa banget sedih,sad,2
hadehh bego banget deh,anger,0
pernah ngalamin kepikiran kata kata buat ngetweet sudah mengetik panjang panjang tapi cuma disave as draf takut ada yang tersinggung khawatir ada yang salah paham,fear,1
nah hari ini kakak gue memutuskan naikin uang makan gue biar enggak makan di kfc mulu enggak bergizi katanya dan di hari pertama uang makan gue naik gue memilih buka puasa pakai baso uang makan ada kembalian hati happy makan mah yang penting bismillah,happy,4
gabakalan ada habisnya enggak sih takut ricuh jadi kayaknya enggak ada nder,fear,1
sabtu sek semangat makaryo pren uang kenakalan cair,happy,4
benci tau rasanya harus bertengkar sama perasaan diri sendiri,anger,0
pernah merendahkan kita luar,neutral,3
lrt ajaib orang orang sana dan ini pertama kalinya mereka ekspetasi berlebihan mereka kan,neutral,3
kak app prem pengin juga nih fast on pinned dm t netflix spotify wetv all of us are dead,neutral,3
memberitahu orang ibumu menjadi temanmu kau melihatmu lily,neutral,3
gue panik tadi sempat enggak balance terus gue ulang lagi dari awal,fear,1
kenapa minum teh pagi pagi tuh enak banget,happy,4
username dudeeee please she si better tahan penyanyi dangdut generasi2 sebelumnya yang mengumbar toket paha gosip kawin cerai dan lain lain situ enggak melihat dia lagi ngerubah image biduan di khalayak ramai,anger,0
terlalu naif jika berbicara patah hati tapi terlalu munafik jika tidak merasa terluka pilihan untuk menikah masih membuat bulu kuduk saya merinding di pikiran saya laki-laki masih begitu menyeramkan membuat hati merasa sesak entahlah kepercayaan kesetiaan dan cinta seolah sudah mati,fear,1
iya sedih banget padahal aku suka dia banget di sn sedih,sad,2
username username username anda benar tidak disemua tempat kita boleh melaksanakan sholat salah satunya di bangunan yang didirikan untuk kekafiran salah satunya gereja aku berlindung kepada allaah swt dari godaan setan yang terku,fear,1
daun yang jatuh tak pernah membenci angin dia membiarkan dirinya jatuh begitu saja tak melawan mengikhlaskan semuanya bahwa hidup harus menerima penerimaan yang indah,sad,2
soal mahar itu urusan partai bapak jangan bawa-bawa islam pak islam itu agama yang indah dan cinta damai partai bapak cari mahar,anger,0
semoga hihi terima kasih banyak lisa itu lagu bucin pokoknya wkwk tentang cewek yang selalu mau menghabiskan waktunya sama seseorang spesial yang dia suka,happy,4
yang biasanya pendiem banget kalo tiba tiba oversharing itu kadang suka enggak kekontrol terus akhirnya menyesal sudah cerita jadinya takutan,fear,1
gue malu banget salah tag jenonyaaaaaaaaa,fear,1
harus cepat2 capcus nicch url warga jakarta diperkirakan mulai mudik ke arah jawa dan sumatera mulai jumat 8 juni 2018,fear,1
ini kenapa jadi rame kaget mana qrt ghaibnya 4,fear,1
cihe zayn malik alay selamat ya wkwk iya tapi memang jadi kayak anak punk cont,happy,4
sarapan dulu dong biar tambah semangat,happy,4
username nokia c3 termasuk barang mewah di kala itu tiap ada yang memakai c3 langsung segan apalagi bb ngaoahahaha dulu beli pas harga berapa seumur umur aku enggak pernah memakai bb soalnya huuhu,sad,2
astaghfirullah baru jam 10 gue sudah istighfar saja mau marah marahin orang please refer tapi my last e mail alias bitch i just said sok why are you asking again,anger,0
alhamdulillah pagia dapat kabar baik,happy,4
iseng iseng ngetes semua perangkat elektromagnetik dirumah dan ternyata radiasi komputer laptop tv hp itu tinggi ya mendadak jadi parno karena tau bahaya radiasi itu besar tapi bagaimana lagi kita,fear,1
ngeri angine soalna jeng wkwk takut sakit,fear,1
username username username username username username username username username username keren banget bu menteri disinergikan lintas cinta alam sukses selalu semoga barokah,happy,4
pasti kamu akan berpikir bagaimana cara menggantiku kelak tapi kumohon sesuaikan lah gaya hidup dengan kondisi aku ikhlas membantu ini untuk kelanjutan mu kelak disaat aku tak punya apa untuk membantu,sad,2
safir digulirkan ke dimana penjual crepes dijual oleh ahjussi paling menurutnya crepes disana ini crepes paling di seoul padahal ini itupun,neutral,3
kurang lebih 1 tahun kenal dengan mereka dan mengakrabkan diri aku beruntung mereka baik solehah dan tidak pelit aku suka kalian,happy,4
dah fb kau unfollow alah bijak ingat aku bodoh,anger,0
cuma mau infoin enak banget,happy,4
pertama kali nya komen di ig yang orang-orang lagi pada debat gila sok iye banget sih gue ngeri di nyinyir balik sama orang saja nih woy pegangan gue cuma ajalah sudah sama allah juga deng,fear,1
sejuk dan damai memandang hamparan hijau sawah bak permadani dari sini kita bisa belajar bahwa hasil yang baik membutuhkan perhatian yang baik pula desa wonotirto samboja kalimantan,happy,4
dirundung waktu menyesakkan benak tetapi bibir berucap barang ia memilih sedang dengan diperintahkan,neutral,3
bodoh kau memang,anger,0
saya sungguh benci akan seto dia ialah seksual anjing pokok pelukan sahaja,anger,0
oh begitu kaget bentukannya kayak preinst,fear,1
kalo dah offer tuh dah takut mending kasih harga pas nya,fear,1
anak laki gue care banget dia merhatiin banget apa yang gue pakai kapan-kapan gue ceritain soal tuyul ujug2 dia bertanya soal tuyul,happy,4
kecewa sama diri sendiri,sad,2
tgok vdeo rayan semoga,neutral,3
selalu hospital up tak ke sayanglah akak nak sentiasa dengan orang orang akak duduk hospital dan susahkan orang insyaa akak masih doakan hebat,neutral,3
padai nya bodoh masih mereka wakaka ph takkan sehingga pru 15 tapi maka,neutral,3
kasihan ceweknya pasti sedih banget dia ya kalau lo punya pcr cowok juga jangan begitu anjir gue tau diindo itu susah ya menerima itu masih dan kadang gue saja yang suka masih menutupi tapi jangan menyakiti orang lain demi buat menutupi kenyataan sama saja lo selingkuh woy kasihan cowok sama ceweknya,anger,0
pengin trophy tapi battle kami fitur auto search diluar snipping dengan bisa memenangkan trophy dengan bio sekarang,neutral,3
chris wilder namun ini adalah luar untuk klub sepakbola ini dan mengapa penggemar di seluruh piala fa perasaan daripada laga piala fa di old trafford ini,neutral,3
username jangankan jika atau bahkan sekalipun kalau merapat ke username enggak akan saya dengar seruannya indonesia butuh pemimpin kredibel dan jokowi tak kredibel,anger,0
vu que wahd marah yesraf 3liya gue 3amarli jibi yedkom fougeh je vis kima nebghi ana n3ish gue ntweeti cha nebghi gue ndir cha ya gouli rassi,anger,0
gue orang sunda yang malas banget orangnya cocoknya tinggal di suatu negara dan bukan di indonesia gue pindah saja ke negara gua teh malas,happy,4
username enggak usah ada liga bagaimana persepak bolaan indonesia bisa maju kalo mau kayak begitu terus mau perang mah di gaza sanah mati lu masuk syurga,anger,0
sedih kiraiin lemburan sampai malam dibayar ternyata kagak,sad,2
aku juga kecewa enggak bisa mengucapkan yang pertama,sad,2
gue enggak tweet begituan di sini malu dan pasti dikecam sekarang kan seram apa apa dispill tweet kayak pengin have sex sama anime langsung pqrt atau diss lalu dijadikan bahan teh,fear,1
benci banget lihat seorang profesional begini kelihatan banget tukang nyinyir memang di kedokteran enggak ada kode etik yang mengatur tentang etika bersosmed ya,anger,0
aku takut acc ke suspend atuh lah jangan sampai kayak ini acc pernah ke suspend kalo ke suspend lagi masuk ke kategori suspend permanen,fear,1
dunia ini memang keras kalau menghadapinya dengan lembek ya tidak usah hidup,anger,0
sedih banget kalo support system gue adalah seorang nicholas kalo gue sedih atau lagi sakit begitu masa mau menangis meraung raung sambil manggil nichol kan enggak mungkin mau ke jepang gara gara pengin ditenangin nichol,sad,2
ketika aku tersenyum bukan berarti hidupku sempurna aku hanya mensyukuri apa yang aku punya dan apa yang telah tuhan berikan untuk ku,happy,4
khidmat tapi orang tak video orang dan sebarkan,neutral,3
belum bahkan bertahun tahun belum pernah shanks bertarung gue dm sini gue masih menonton ulang daripada juga kan menonton op enggak sih episodenya nontonnya,neutral,3
uwaha menepuk kepalanya sekilas hmm namun merapihkan tasku kemarin tertidur di stasiun dibangunkan kamu apakah kendala,neutral,3
kerja kantoran di malang itu rejeki jadi seksi sibuk untuk teman teman yang mudik ke malang setaun enggak mesti bisa pulang sekali itu rejeki rejeki yang susah dinilai pakai nominal gaji segede apapun alhamdulillah,happy,4
ini twitter kenapa sih suka banget nyesi enggak,anger,0
aku mah masa tiap harii sama kadang nih paginya enggak ngapa2in tetap saja ke logout makanya ini suka degdegan banget takuut,fear,1
aduh kalo ingat bulan ini bikin sakit ati banget anjeng sudah dekat lama aku nya sudah suka eh malah ujung ujungnya sama adek kelasnya kan anjenk kesel sendiri jadinya,anger,0
enak banget kerja enggak ada bos sambil mendengarkan lagu jeketi nikmat sekali rasanya,happy,4
ditinggal my partner mudik fight sendirian terus jadinya tiap malam tapi alhamdulillah ada saja yang bantuin gooks maksi banget brother free kopi dulu ya,happy,4
atau dan peringatan untuk siapapun bermain dengan merasakan keduanya,neutral,3
pakai rasa bukan pakai logika tolol cara berpikirnya ngajio seng jeru ojo mung neng you tube,anger,0
ayang kenapa sedih aku sedih juga jadinya,sad,2
username narsumku rutin minum obatnya pernah dia skip setahun enggak minum obat karena waktu itu merasa dia baik-baik saja begitu skip minum obat dia balik lagi dengar bisikan2 bahkan lebih parah kalau minum obatnya terkontrol dia bilang menjalank,sad,2
masih degdegan gemeter hati enggak tenang ngantuk sudah hilang selera makan juga hilang bagaimana besok ya allah takutt banget kalo aku sampai enggak bisa lanjut aku harus mengapai,fear,1
sedih kudu ppg dulu,sad,2
sedih dan mendengarkan lagu lagu sedih bukan liriknya melainkan musiknya saja untuk menemani malam ini karena ku yakin ku tak bisa tidur cepat malam ini,sad,2
wkwk benaran takut tapi,fear,1
baru fa cup inisial emyu,neutral,3
sedih sebenarnya,sad,2
baru mengirim klaten jawa indonesia,neutral,3
kamu bilang sayang bila pembangunan username tidak dilanjutkan apa kamu berpikir presiden berikutnya tidak akan membangun mengapa tidak bilang sayang jika hutang yang menggunung jokowi tidak dilanjutkan hingga negara ini bangkrut selamat jadi cebi syaratnya memang otak tidak dipakai,anger,0
denisee huhu pagi pagi sedih lihat polaroidnya jadi kangen jaman who dis sama got that boom,sad,2
tranquility base hotel casino arctic monkeys 2018 hampir serupa sama album sama yang kemarin lagu-lagunya intimidating sama seducing tapi yang sekarang vibe nya 70s italian vampire gangster wkwk gue suka four out of five batphone sama golden trunks url,happy,4
oh mengira beli 4 wkwkwk maksudnya 4 tuh ongkos gojeknya yhaa aduuu cian gapapa lah buat sendiri daripada sudah beli buat orang lain eh enggak dimakan kalo enggak dikasihin lagi ke orang baguslah mandiri daripada sudah lama sendiri tetap manja,happy,4
cuman bedanya sih memang adek gue suka begitu sama bau2 kesehatan jadi memang masih agak niat lah lah gue memang asal saja daptar2 mana saja maklum lah pas itu masih takut kalau enggak kuliah tapi berasa sih kuliah di tempat yang bukan passion kesan nya kayak budak nilai,fear,1
sudah dibilang kan semakin kesini makin pada khawatir sama votenya trainees sudah semakin bagus jadi pada bingung mau vote siapa kecuali yang dari awal memang sudah jadi fan trainee tersebut enggak bisa ketebak yang bakal debut siapa,fear,1
morgana kan ganyu dps att burst 6 7,neutral,3
ini kcg rumahan enggak kemana mana sama mamanya terus tapi itu lehernya kayak luka apa karena suka gelut diajari mamanya itu ya tapi masa sih kcg btw itu aku pegang posisi dia nyaman dan bentar kok,fear,1
lebih takut arab di puncak,fear,1
jangan bikin orang khawatir kenapa sih julllll,anger,0
profesor begini saya resign dari kampus mendingan bikin malu almameter kesel,anger,0
enggak apa-apa sedih saja,sad,2
kalo gue biasanya nyeletuk kok apani tapi enggak,neutral,3
have a nice day semoga hari ini ada kabar baik,happy,4
wml rules done akunku ika ruyanah semoga jaehwan sama baejin sembuh sedih liatnyaa,sad,2
hiduplah pejuang seorang pejuang suatu saat tapi ia tak dengan kelemahannya keterbatasannya dan kesedihannya ia dan kesuksesan kesuksesan dan ibarat piala orang berhak merebutnya,neutral,3
entah kenapa gue ngeri begitu sama laut lepas which is yang ditengah begitu terhampar luas banget air doang ngeri habis deh enggak mengerti itu phobia atau bukan tapi gue enggak pernah ada trauma sama laut lepas aneh tapi ngeri asli,fear,1
membaca informasi tentang bantuan warga sekitar kepada rescue team untuk misi penyelamatan anak-anak yang terjebak di gua di chiang rai thailand bikin terharu mereka menawarkan bantuan tanpa diminta masih banyak orang baik di dunia ini terharu,happy,4
username iya soalnya dia sepolos itu jadi kalo dia ada ngelive atau muncul di suatu acara atau apa aku yang degdegan sendiri takut dia salah di mata netijen sedih abisnya netijen seram banget kalo sudah menghujat kasihan dianya terlalu soft buat kejamnya,fear,1
kangen dunia bxg tapi sudah enggak semangat layarin kapal huftfft,sad,2
turut berduka atas gempa di lombok sepertinya niatan saya ke rinjani harus ditahan dulu semoga tidak ada lagi korban dan gempa susulan url,sad,2
sedih deh,sad,2
kurangi sambat tambahi semangat gass sluurr,happy,4
orang-orang menghakimi orang sekana akan mereka selalu padahal mereka enggak orang mereka hakimi orang enggak seberuntung mereka semoga kalian enggak pernah selalu dan pwsangan,neutral,3
ada khabar kasus tuduhan chat mesum terhadap imam besar habib rizieq sudah dihentikan mohon bantu doa semoga benar adanya semoga kesucian ramadhan membuka mata hati bapak2 kita yang menyidik amin,fear,1
agak malu tapi alhamdulillah sih wkwk,happy,4
i swear you yang kalo ngechat kok koh iko terus ku balas secepat kilat tapi enggak dibales lagi kzl boleh kan ya ya kalo dichat begitu pikiran deh kemana2 dapaya penting enggak nih terus menghilang kan iko sugus jadi bete,anger,0
username username username username username hai mbak mulut bau dikantorku ada office boy bahasa inggrisnya mantap banget terus kenapa rupanya yang diperlukan adalah inovasi dan kemampuan bekerja bukan bahasa,anger,0
berlajar prosedur bedah sekalian makan sahur ah buka youtube menonton proses bedah dentoalveolar enggak sanggup makan nutup laptop sudahlah makan saja dulu makan sambil deg deg an,fear,1
mencari capung bareng teman pakai sapu dapat capung capungnya ditusukkan ke lidi lalu dibakar rame rame dan dimakan katanya bikin sehat,happy,4
terus gue makan sampai dibawain minum dibilangin pakai ini yang biar enak intinya terus mengomong enggak berhenti gue deh menahan menangis karena merasa bersalah gue jutekin,sad,2
acheol aku ikutan sedih sedih cepat sembuh ya,sad,2
waallahu alam saya enggak mau sok tau takut ilmu saya masih cetek banget jadi cukup 10 kesimpulan yang sudah jelas ada di al quran dan hadits itu saja yang saya yakini selebihnya waallahu alam,fear,1
waktu kakak ayah juga bilang hal bilang sebelum lelaki kakak seseorang terlebih adalah ayah jika istrimu membuatmu kesabaranmu,neutral,3
dia macam sedih strees sebab xde duit tau teh lah,sad,2
semangat tinaa,happy,4
event jam berapa sebenarnya semangat ku sudah menggebu gebu jangan sampai mengabu,happy,4
makan nasi campur pakai gorengan enak,happy,4
dari zaman sd juga temenku cowok nih salah satunya yang dulu suka main sampai desa sebalah yang nyebarang kali wkk dan entah suka bikin prakarya padahal berantakin rumah dan sampai jualan lotre ya dulu wkk pengin ngaqaq kalau ingat ini username,happy,4
bun aku bantuin nempatin es buah ya tumben banget ah pasti kamu mau ngisi paling banyak di gelas kamu kan ehee bunda tau saja url,happy,4
chico vs laksya nih tbl tbl takut banget loch mangatttt chico,happy,4
hujan tak kunjung reda setiap hari hujan mulai menemani nih jadi malas keluar rumah untungnya wifi rumah pakai indihome jadi enggak takut internet lemot,fear,1
username enggak bakalan tetap saja presiden yang mengatur kalau memang dukungan pribadi jangan mengomong di media apalagi beredar video dia apresiasi islam nusantara,anger,0
oh iya ibu nya melahirkan anak ke 3 yaitu cewek tapi enggak tahu tahun berapa2 nya lanjut yang tadi baru saja setahun di kasih kenikmatan datang lagi ujian buat sih makmak kali ini mungkin berat dia di tinggal suaminya meninggal seketika ibu itu jadi singel parent,sad,2
kucing kota panik dia dikejer,fear,1
kak laraa cepat sembuh yallah sedih banget istirahat banyak banyak,sad,2
terima kasih mommy jesica atas kepercayaan kepada username untuk treatment selama kehamilan nya semoga sehat dan lancar semua ya mom,happy,4
bibi sayur katuk dong bakwan jagung pakai terasi ayam nih bi menunya iya tapi enggak sayur katuk antarkan ke pasar mbak orang begitu kemarin di rs,neutral,3
kak untuk pengalamannya up layar hp kami sarankan untuk setting kemudian di off kan jika masih berkendala kami sarankan kartu kemudian kembali salam nay,neutral,3
username username apa salahnya seorang suporter peduli ke kaum hawa kalau itu terjadi di fan anda saya yakin anda tidak akan nge tweet seperti ini,anger,0
daftarkan kakak kesempatan puluhan 10 00 daftarnya bisa pakai rekening apapun tanpa dipungut biaya admin untuk klik link disini,neutral,3
baca di maaf ini deh nder sudah banyak yang kasih review soalnya tapi kalo kamu suka drama ringan fresh cocok sih,happy,4
start 12k kak app prem pengin juga nih fast on pinned dm t netflix spotify wetv all of us are dead,neutral,3
wowkowkwowkwowow bjimsroott 2 saja ngery apa kabar gue 9 takut nih wkkwk,fear,1
ngeri banget sudah jelas-jelas positive masih nongkrong bukannya isoman,fear,1
wkwk tapi maaf banget ini aku nganggep lucu grup angkatan ada yang ngabarin crush ku hilang aku malah kayak ketawa panik tapi sebenarnya enggak panik soalnya dia laki terus katany hobi traveling tapi semoga itu cuma becandaan ya soalnya aku ngetawain terakhir on 11 33 pulsek,happy,4
jangan marah marah namanya juga sepak bola wasit juga manusia bisa bikin salah tapi dada dari mana ya lord,anger,0
mawar juga kamu,neutral,3
nugget dan sosis rebus itu enak ygy,happy,4
gue marah tapi gue sayang sama lo,anger,0
namanya anis sudah kelar s1 walopun belum official lagi dalam masa bahagia banget karena sudah lulus tapi masih sendiri ya kali ada yang terpesona,happy,4
username siang min kenapa saldo bonus tcash saya tidak ada padahal saya sudah banyak dapat sms pemberitahuannya dan saya langsng aktivkan tcash walet mohn bntuanx trmaksih min,anger,0
apa tanggapan kalian tentang wanita yang bercadar kagum saja begitu di era jaman now gue saja mau pakai gamis susah banget lah dia bisa bercadar begitu dilingkungan yang enggak jarang enggak mendukung dan nganggepnya teroris,happy,4
christine lagarde pun membagikan momen ke pasar tanah abang di akun twitter nya namun ada yang lucu dia salah menulis kata blusukan menjadi blukusan,happy,4
bo tuh boring bodoh,neutral,3
demi apa kalau gue punya pc ban agus gue trade langsung nih sama sih mas,happy,4
saat itu kami selalu optimis akan bisa bersaing dengan tim manapun melihat persiapan dan panjangnya perjalanan yang sudah kami lalui terlebih melihat hasil pertandingan hari pertama dan kedua yang baru saja kami jalani,happy,4
sampai sekarang masih bertanya tanya kenapa orang suka banget buat sampah di halaman rumahku ya sedih harus bersihin terus,sad,2
sudah dong marah nya,fear,1
punten rossa benaran melupakan al andin al anaknya rossa ketika rossa ditinggalin al,neutral,3
ampun tuhan kami terlampau sibuk membangun mesjid sampai kami lupa bersujud kepada mu sebegitu fasih kami membaca kitab suci mu tapi belum mampu menemukan mu,sad,2
hepibesdey mbak canteeeekk username panjang umur sehat selalu serta mulia dan jadi pribadi yang jauh lebih baik tetap mentel ya tapi jangan jadi simpenan orang,happy,4
keesokan paginya aku tanya sama bapak dan emak apa tadi malam nyalain tv eh ternyata enggak ada yang tau siapa yang nyalain tuh tv iihhh aku jadi kepikiran yang enggak enggak aku berpikir kalo itu pasti genderuwo yang nyalain tuh tv iihhh seram,fear,1
tuhkan marah,anger,0
hah serius out gua enggak mengikuti sn sih cuma kan yang gua tau mereka baru tapi sedih saja kok sudah ada yang out,sad,2
pas aktip di ig merasa twitter ini tempat melarikan diri pas lebih sering mencuit merasa ig itu mall aku dangkal butuh hingar mau di pasar,sad,2
gosa bebawa mu nad banyak yang marah urus liga italy saja,anger,0
apapun yang terjadi aku tidak boleh menjadi seorang yang selalu bersedih kalo memang mungkin bukan dia yang menginginkan mu mungkin ada dia luar sana yang masih menginginkan mu,sad,2
karena jujur enggak lg2 dihina remehin hina sodaraw dari pihak mama gue ada sepupu setan dengkii semua sih lina gue sumpahin segera mampus sok kayak belagu merasa kayak banget kali norak enggak lama lagi terbongkar dia tipu2annya mau perlihatkan saja bakal seterusnya sukses dia ahahhah najisin tuh sepupu,anger,0
username pak presiden jalan dikampung kami juga tolong diperhatikan dusun rumah mbacang kec kutalimbaru kab deliserdang url,sad,2
sama banget sampai malas mengasih tau kalo aku cewek kadang drivernya suka kaget loh cewek toh kak saya kira cowok sedih sedih,sad,2
tolol sampai ke dna nya nih orang,anger,0
kamu juga semangat ya sudah sarapan belum,happy,4
min badminton bisa di gor saratoga sore ini jam 4 6 sore min,neutral,3
woo semangat jalani harii hv a sweet saturday,happy,4
jangan lupa sarapann semangat buat hari ini ayang semoga harimu menyenangkan,happy,4
kamu punyanya adik nder makannya kamu enggak manggil adik kamu bisanya manggil nama,neutral,3
morningside fazerdaze 2017 lagu-lagunya begitu enaq didengarkan pas halodo alias summer jam 10 pagi sambil sepedaan enak didengarkan pas mood lagi bagus2nya bikin semangats gue suka lucky girl little uneasy misread jennifer sama bedroom talks url,happy,4
temlen mu maning tho,neutral,3
sudah 2 tahun lebih ini lip palette wardah awet banget bahkan kehidupan percintaanku saja enggak pernah ada yang seawet ini,happy,4
excited sebab deh lamaaaaa nak beli cincin pastu dia selalu cakap dia tak biasa pakai cincin sok tak suka sangat pakai sok bila dia pakai itu ehehhehege seronokk,happy,4
ternyata aku masih terjebak di ujian yang sama ujian merindukanmu yang bukan siapa-siapa kerinduan yang menguji karena tak bisa bertindak apa-apa perlu kau tau dalam hal ini yang ku maksud kamu cukup menguras hati,sad,2
ngeri ya canda nya,fear,1
aduu kok ngeri ah,fear,1
sesama cewek yang anggep cewek lain yang speak up against any sexual harassment itu sebagai kelakuan norak sangat dipertanyakan dimana sisterhoodnya kalo anda sering dilecehkan dan menerima sebagai biasa saja ya itu kan anda yang enggak punya harga diri belum tentu cewek lain berpikiran kayak anda kan,anger,0
ipk 3 3 itu sudah bagus enggak sih takut banget mau kasih tau bokap kalo ipk segitu,fear,1
untuk meraih kita namun untuk kita bisa menikmatinya justru saat anonim,neutral,3
padahal deh tau sendiri tadi bangun tidur tumbang lagi gara-gara semalem bukber isinya es semua eh barusan belajar di luar yang diminum tetap es dong hani memang,sad,2
bertambah usia lagi jagoan kecil semoga sehat selalu dalam lindungan allah swt amin sehat terus nak uchi ciyko zidanelhadadi palu url,happy,4
ketika kamu kamu tak akan dan ketika kamu mengeluh akan,neutral,3
idih maunya enak di lu saja bodoh,anger,0
awak sih jadi orang slow mau di omongkan a tapi saja asal ale banyak makan enggak cranky berat naik sudah bahagia masalah apapun jadi kayak enggak ada ibu-ibu banget sih sekarang,happy,4
1 kejadiannya baru banget tadi pulang nongkrong di stasiun manggarai jam 9an masih lumayan rame teman gue cewek pas lagi di tangga desak desakan pantatnya dipegang cowok dia mengadu ke gue,sad,2
pram said ini lagu buat kalian yang punya rumah tapi terpaksa pergi karena suatu keadaan bangsat itu aku,anger,0
rlt kenapa ya gue kalo enggak sengaja kontak mata sama orang cowok asing yang melihati gue mulu langsung gue sinisin muka jutek sebenarnya takut diliatin begitu gue di cap cewek sombong enggak sih sedih,fear,1
username iya ya mas mudah memberi gelar sama yang enggak sepaham padahal hidup memang lebih indah karena banyak warna dan perbedaan supaya kita didewasakan baik iman dan prilaku karena semua mahluk ciptaan tuhan,happy,4
halo haloo jihan disini mau kasih sedikit reminder ya jangan lupa bersyukur atas nikmat pagi ini jangan lupa sarapan minum yang banyak jangan sampai jatuh sakit ya mandi pagi biar segar jangan menangis menangis ya semoga bahagia selalu lu re magical love,happy,4
username kalo gue belum punya apa-apa padahal gue pengin bawa cewek gue ke jenjang yang lebih lanjut lebih serius jelas gue minder takut enggak bisa memenuhi kebutuhan dia secara materi inilah yang bikin gue takut buat menikah endingnya,fear,1
puasa tahun ini berasa banget kurang khusunya shalat tarawih sama mengaji bisa diitung jari berapa kalinya padahal belum tentu tahun depan bisa merasai lagi,sad,2
ngeri banget nenek ini mendengar ada suara di dalam lantainya dan waktu dibuka benar benar bikin kaget nenek dan petugas yang membukanya url,fear,1
sedih aing,sad,2
intelektual muda baru saja nih ada kasus orang yang naik pesawat tapi dia becanda bawa bom sampai akhirnya bikin orang orang panik,fear,1
evaluasi dikit boleh kali ya buat yang terlalu sering nyinyir tentang masalalu negara bangun coi kita hidup di era kemunduran kemerosotan moral coi bagaimana caranya kita bangkit dari masalalu bukan sibuk ataupun asik mengkritisi masalalu tanpa memikirkan kewajiban didepan mata,anger,0
kalo makji padahal menyadar kalo akunku di lapak makji tuh walaupun nimbrung ngeramein tiap hari juga,neutral,3
tell seller photopack sg22 enggak jualin ngelirik polaroid pc konsep sekalinya cust pc konsep omg malaikat sesusah,neutral,3
ngeri ya,fear,1
username username apakah hari ini nasib cash back saya rp 50 000 akan pending seperti yang sudah sudah mohon informasi nya url,fear,1
karena dia dulu penyanyi dangdut yang masih pakai baju seksi pas manggung ya harus trima2 saja kalo ada yang chat kayak mas pesepak bola ya cuma cara penyampaiannya diputer puter saja pokoknya pia palen paling salah pokokmen,sad,2
kalo powernya se kalo powernya ukuran tapi geraknya juga enggak,neutral,3
shipper sebelah kalo enggak suka sama noren enggak usah mampir sudah tau benci sama noren malah baca au nya kocak banget lo,anger,0
me tapi kazuha ganti yae alias takut tapi tetap percaya diri,fear,1
jadi ada kenalan nih gue entah langsung menyambung saja begitu di sisi lain ada yang sok dekat sama gue sok sudah dekat padahal kenal saja kagak tapi kalau gue nya enggak welcone jadi kayak ilfil saja begitu ngeladenin nya,anger,0
damai tahi lo soekarno yang membubarkan partai islam masyumi dizaman pak soeharto di bolehkan kembali masyumi menjadi keluarga besar bulan bintang lalu partai bulan bintang 1998 bego dungu sok tau cebong200 url,anger,0
berrti limbad bisa ijat,neutral,3
nih typing ngentod hanceut bereum,neutral,3
contact kita bisa dinamain siapa saja ngeri juga,fear,1
bukan lockey tapi ikutan sedih lihat denise keluar dari sn dan enggak perpanjang kontrak sama agensi terus mengasih ini buat fansnya sedih,sad,2
iya takut banget soalnya fc rpku pakai thailand juga,fear,1
pagi yang cerah dapat kabar baik dari bighit,happy,4
wkwkw infp benar banget sudah gelisah gelisah panik tapi tetap kayak aduh sebentar lah main farmville dulu duh ngantuk yaudahlah tidur dulu,fear,1
ngeri ah sebegitunya caper sampai jelek ini orang lain biar dipandang oke,fear,1
aduh sih tolol keceplosan,anger,0
semangat chingu,happy,4
untuk yang sakit semoga disehatkan untuk yang mencari pekerjaan ditemukan segera untuk yang bimbang diberikan keyakinan untuk yang hilang arah diingatkan kembali ke allah sehat dan bahagia selalu,happy,4
karena saya egois dan bego,anger,0
ingin menjadi anime,neutral,3
waktu kalian jadi oposisi era pak harto pak surabaya kalian mudik lewat jalan tol jembatan pelabuhan yang dibangun era pak harto surabaya logika dipakai admin dungu bikin anjlok elektabilitas pak username cc username username username username cc username url,anger,0
ya allah aku ketularan orang-orang sini genre musik a kayak giniehh tapi lucu juga sih lagunya terutama dibagian memang lagi manjahhh lagi pengin di manjahhh,happy,4
pulang babai kawan kawan semoga kalian bersenang,neutral,3
bila tapi tak camni lah,neutral,3
b nama kembaran sih haechan jadinya luar,neutral,3
indak usah jauh jauh mikir besok pemimpinmu siapa mikir nanti sahur makan apa saja dulu kalo masih berharap dapat takjil saur on the road fix enggak usah sok koar koar deh gonta ganti pemimpin xixixi,anger,0
ya ampun pagi pagi sudah bikin emosi wkwk,anger,0
semua hobinya kaget jengkel,anger,0
askmf coba deh sekali saja lu jadi gue merasai jatuh cinta diam diam lu perhatian ke gue dan gue senengnya diam diam tiba tiba dapat kabar lu jadian sama cewek lain juga gue diam diam diam sakit ndiri,sad,2
8 juli 2018 anak perempuanku dan kakeknya sudah kembali melalui upacara ngaben di singaraja april 2011 aku kehilangan anak dalam kandungan 4 bulan dan tak lama desember suamiku juga,sad,2
ut ut setiap sabtu minggu kalo ut jogja bagaimana memilih ttm 3 matkul mundur terus semester depan registrasi tapi belum tabrakan jadwal kerjaku juga setiap hari cont,neutral,3
tapi kami suka kpop itu tulus kak enggak merasa juga dimanfaatin karya mereka juga bagus kok menurut kakak karya mereka enggak bermanfaat mau aku kasih lihat penghargaan2 yang mereka terima julid amat sih begitu banget bencinya sampai dibentur2in sama even motogp aneh,anger,0
joonyoung paling merinding sama sedih jadi 1,fear,1
sayang janganlah kau waton seram,fear,1
lebay banget anjir menangis sampai tersedu sedu kayak diapakan orang malu anjir,anger,0
jenis penyapu tuh,neutral,3
permulaan yang bangsat untuk febuari 2022,anger,0
done bismillah terima kasih banyak buat ganya semoga banyak hal baik yang datang ke kamu semoga impian kamu segera tercapai amin buat jaehyun dan soobin juga semoga sehat selalu pokoknya be happy anw let si be moots oiya have a nice day kamu be happy too okay semangat,happy,4
jangan pernah lo sia2in lo kecewain lo sakitin orang yang sayang dan sudah nyaman sama lo demi orang yang lo suka jangan,fear,1
username username username saya enggak butuh jawaban yang template kak ini orang username mana ya kok enggak ada jawab saya sudah order dari tanggal 28 mei lho dan sampai sekarang belum sampai brgny,anger,0
lagi ada suntik campak begitu awalnya enggak tau pas banget mau pipis pas mau balik ke kelas enggak sengaja lihat orang bawa kotak2 begitu gue pikir pasti suntik karena takut yaudah taunya gue lari duluan sambil teriak suntik suntik,fear,1
dalem hati padahal panik juga sih anying bego,anger,0
malioboro tuh dicari orang jualannya dipindahin dong jalan,neutral,3
username saya sudah menghubungi halo baca 1500888 dan tekan 1 1 dan 0 saya sudah melakukan itu sampai 10x sampai pulsa saya habis dan jawaban nya selalu maaf operator kami sedang sibuk bagaimana mau cek status saya,anger,0
wattpad enggak wattpad prem sebulan gakepake belinya 2 feb rep dm pinjem,neutral,3
banget hehe apalagi kalau lagi tidur terus kaget rasanya kayak pengin marah marah,anger,0
enggak nder kayak nya gara-gara quarantine deh soalnya dulu aku kalo maju santai banget enggak nervous enggak tremor bagus-bagus saja terus sekarang jadi kalo mau maju tuh masih enjoy saja tapi waktu sudah mulai mengomong buyar semua jadi tremor kata-kata yang sudah disiapin hilang semua begitu deh jadi sedih,sad,2
patrick wilson berperan astronot dan john bradley whistle blower diacungi totalitas aktingnya tapi akting halle berry menjadi juara profesionalitas dan jam terbang,neutral,3
kepastian libur karena ikut tanggalan bank indonesia jadi kalo bi libur ya ikut libur kalo dipaksain masuk nanti bingung sendiri kerjanya bagaimana,fear,1
punya lah senang benda nih ah kenapa dulu masa study aku budu betul ah,happy,4
wkwkwk santai saja ayok mutualan sini,happy,4
kating takut adek tingkat aku doang kayaknya ini matkul wajib padahal bukan mkp senang,fear,1
aku tidak mampu mencegah hatiku untuk tidak terus merindukanmu meski aku sadar bahwa rasa rindu ini hanya akan membuatku bertambah sakit,sad,2
jujur takut digetok mami beli hoodie lagi,fear,1
kamu mau mengomong apa kayaknya kamu dendam kepada anies pernah disakiti olh gub anies salah apa anies kpdmu kenapa dendam kamu klmpok dki42 yang tidak puny gub anies bukan url pada tempatnya kamu maki2 anies salah url,anger,0
lu sebut bumi pancasila ustadz lu sebut pantatcina demokrasi thoghut otak,anger,0
sedih betul jadi penyokong manu pagi nih,sad,2
username ya berarti gua dosa dong masalahnya nyokap gua kalo nyuruh gua beli kopi enggak ditanyain kmbaliannya yaudah gua inisiatif saja tabungin,fear,1
gue jalan dipaling sambil bilang,neutral,3
yhh marah mulu lo cepat tua mampus,anger,0
otak kaum lo yang tolol pakai sumber yang nasional drun,anger,0
kadang pulang cerita ke anak isteri habis menonton konser a b sih dan gratis karena sembari kerja tapi tiap anaknya bertanya konser ina itu kelewatan sedih,sad,2
username username username username username username username username begini lho mas amalan nu misal tahlilan ziara kubur yasinan di bilang bid ah sesat sama kawan kawan terus di jawab kadang sampai dilawan balik disk,sad,2
saya paling tidak suka dengan orang sombong saya saja yang tanahnya 7 hektar aset berlimpah saldo di rekening 12 digit itupun baru satu rekening dan punya banyak investasi di dubai diam diam saja,anger,0
jaga2 takut die terjun lagi itu huhu,fear,1
laura diwawancarai selama beliau mengomong ngangguk ngangguk relate cuman motivasinya hh tapi ketika atau,neutral,3
petani tersebar di seluruh indonesia menteri bumn gagas program tani et dengan tujuan membumikan bertani sehingga petani menghasilkan pertanian secara,neutral,3
lagi marah,anger,0
kamu apa kabar sayang,sad,2
aku lebih takut lihat biru japan ketemu bam,fear,1
wkwk panik lu,happy,4
karena orang presiden kita jkw ini memang dapat amanah buat mengerjakan ini andai nyawa dia sendiri yang dimintak oleh ibu pertiwi agar bangsa ini maju sejahtera dan adil beliu pasti berikan salam saya buat sodara yang ada dipapua username,happy,4
tanpa kita tanpa media kita bosan tanpa orangtua kita takkan di ini tanpa we re nothing,neutral,3
gue enggak ngestan sn tapi ini sedih banget ya allah,sad,2
iya ya kalo dipikir begitu tadi sudah aku takedown tadi bilangnya badge ijo itu squad leader kayak hyotion sambil mengasih nunjuk foto takut jelek dimata fan mereka yaudah tadi langsung aku takedown,fear,1
egoisnya aku pada saat itu ku tutup semua mata telinga bahkan hati saat dia mungkin merasa dalam kebimbangan ku acuhkan perasaannya saat dia ingin mencari yang lain aku sangat egois bukan aku hanya memikirkan bahwa hanya aku yang bisa melakukan segalanya baginya ternyata aku salah,sad,2
kalo lihat orang naik motor yang lampu seinnya masih nyala padahal enggak belok langsung reflek mengecek lampu sein sendiri takut kelihatan tolol,fear,1
serius gue bingung sama maksud and tujuan orang-orang yang suka ngelempar kereta dengan batu menyakiti orang lain kan kalo sampai kena kaca n pecah punya penyakit jiwa kali ya,anger,0
pertama terlintas di kepala tiap oriol paulo kali ini series kegilaannya dengan durasi film sebelumnya,neutral,3
username malam saya mau tanya kenapa benefit saya dibatalkan saya bukan dropshiper dan saya rasa tidak ada aturan yang saya langgar sensitive no,anger,0
andai id my takyah guna pasport malam nih saya dah sampai my lagi itulah hidup selalu dihadapkan dengan pilihan mau tak mau salah satu harus direlakan,sad,2
ya masalah dia mau masuk partai penista agama itu hak pilihan dia yang di sayang kan sbaik nya tidak usah membawa bawa nama allah dan membawa bawa nama harus untuk ke pentingan pribadi,sad,2
duit gue 50k di gue duit,neutral,3
media official tv nasional kok ng eh kan ngegosip,neutral,3
biasanya kak shipping supplier ke wh nya kak tambahannya 300 won selebihnya untuk ekspedisi tax barang ku,neutral,3
buset ngeri banget,fear,1
tapiii efeknya baru kerasa sekarang mukaku jadi tipe muka yang less problem begitu hehe yang kalo jerawatan cuma pas pms doang kalopun lagi breakout ilangnya cepat padahal cuma dibiarkan doang dan enggak minyakan,happy,4
budayakan mengeluh jangan semangat,sad,2
mbak username warbiyasak nih memang nih threadnya aku sebagai perempuan baca thread kamu itu cuma bisa berdoa saja semoga kamu enggak pernah merasai yang namanya pelecehan sexual ya,happy,4
terima kasih buat kamu yang selalu ada di saat senang dan sedih senang rasanya ada yang temenin,happy,4
username wuish username saya tungguin nih film nya bikin film superhero terus kirim ke negara tetangga lagi biar film indonesia jadi trend,happy,4
enggak paham gue memang harus banget begitu gvk lo laporan kalo punya pacar ke ja3 justru itu waktu yang tepat buat ngenalin kalo te itu pacar lo goblok bagaimana te enggak kecewa gue juga bakalan marah kalo jadi te ini lagi sih ja3 suka sama lo hadehh,anger,0
sayangnya kanra masih belum puas,sad,2
plis jangan lihat rep gue dulu malu untung deh di hapus,fear,1
twitter masihkah selucu dan seabsurd dulu,neutral,3
mau banget disposable cameranya karena memang dari dulu pengin punya saja tapi belum sempat karena sayang duit,sad,2
aku infp dan di aku relate kalau ada hal yang enggak terorganisir tuh memang panik sendiri pikiran jadi enggak tenang terharu,fear,1
ada teman meminta gue rekomen dia buat masuk kantor gue ya bagaimana dia kagak siang kagak malam wa an mulu kalah gue yang fangirl dan emak-emak bagaimana mau rekomen kerjanya kapan orang begini,sad,2
ramadhan sudah masuk hari yang ke 20 saja tapi saya masih begini begini saja enggak ada perubahan padahal enggak tau tahun depan saya masih ada apa enggak buat ketemu sama ramadhan,sad,2
happy birthday sender wish lu all the best be happy ya besok giliran harinya aku tapi pasti enggak ada yang mengucapkan juga ya enggak apa-apa deh biasa,happy,4
awal menonton cuma 4 orang tenang banget 25 menit film berjalan dan begitu masuk segerombolan alayers lansung bising nya enggak ketolong,anger,0
merasa oon ketika tahu sesuatu dan tidak boleh di bicarakan ke orang lain nah kelalaian malah sebaliknya jadi malah merubah siklus dan alur waktu yang seharusnya itu terjadi,sad,2
kalo mau di suruh mati berarti kamu tolol,anger,0
takut blunder lagi ya jane nik bek kanan e ra dolop bisa lebih baik lagi,fear,1
haaaa syabar saja beloman waktunya buat ikutttt pemerintah ajanihhh yang ketumbenan mengasih liburnya kepanjangaaannnnnn sedih,sad,2
iya rupanya enak cosplay jadi nasa,happy,4
kak dorg suro 2 set,neutral,3
username wkwkwk laah aku yang masih menata hati dan menata diri setelah menjombs sudah nyaman jombs malah dikenalin sama masnya ku merasa belum pantas takut pelarian lagi entah pelarianku yang masih belum moveon dari mantan cowok idamanku entah pelaria,fear,1
terkadang teman saja tidak cukup kamu juga membutuhkan keluarga di tanah rantau thankyou for being my second family here guys cuma di depan kalian aku bisa ketawa puas dan enggak jaim,happy,4
kamfrett aa nyese gue vaksin ke3 sudah tau badan lagi kurang enak malah sok-sokan alhasil sakit benaran kan,anger,0
orang dulu siap mesyuarat satu kampung nak tentukan tarikh nikah takut bertindih susah orang kampung nak datang rewang,fear,1
menemukan bacaan yang bikin mengakak di setiap paragrafnya duh suka banget gua sama penulisnya,happy,4
semangat kak sudah terima chat wa dari kemenkes belum disana ada petunjuk konsultasi gratis online dan tebus obat,happy,4
username sudah begitu dari sananya hyung hahaha suka saling bully yugyeom kan memang usil ke semua tapi sayang sama hyung nya kalo gue suka di ganggu karena paling serius kayaknya yang lain kan masih ikutan lawak mungkin begitu hyung enggak tau detailnya,happy,4
username lutut lemes melongo kayak orang angong terus menangis tiba-tiba pengin jerit enggak bisa2 pokoknya kesel sekesel keselnya sama diri sendiri capek banget sampai jantung sesek dan itu terjadi berkali2 sampai 7th lamanya padahal pacar juga bukan wkwk,sad,2
kalo pusing sama sedih pasti jadi kangen rumah,sad,2
timeline masih menyapu timeline,neutral,3
ya gue takut rasa yang dulu bakal balik lagi bahkan takut kalo luka yang dulu dadang beri bakal jadi tambah besar gue enggak mau dadang sering ajak ketemu gue tolak dadang sering izin pengin datang lagi ke rumah gue tolak gue enggak mau sakit kedua kalinya,fear,1
maksudnya apa ya orang ke begini sengaja atau memang bego presidennya anjing,anger,0
kageyama koko ditanah abang,neutral,3
hukum bangsat hanya buat bangsat,anger,0
paling tuh berkreasi di kostan,neutral,3
gue dicegat sama dia firasat gue sudah enggak enak nih sumpah dia bilang saja gue kangen sama lu gue kaget dong anjritt gue diam kayak orang bego sumpah terus dia langsung pergi begitu saja meninggalkan gue yang lagi cengo,happy,4
fess ini es krim enak banget tapi kok sekarang susah ya carinya sender sedih nih,sad,2
mulai sekarang sering seringin latihan fake smile menjelang lebaran ditanya jadi kakak kapan nikah calonnya mana sudah ada enggak kepengen lihat ibu bapak gendong cucu hahahahaudah puasa hari ke 19 senang,sad,2
hi guysss jangan lupa cek berita dan ya terus saksikan dengan meriah konsernya hari ini mangattsss,happy,4
tapi tidak saya malah lebih memilih bercerita baru dan lebih banyak namun waktu mengizinkan saya untuk tau sampai mana tinta itu habis dan sampai mana buku itu akan ditutup kembali tepat beberapa hari lalu buku itu harus ditutup dan saya harus bergegas pamit,sad,2
di kereta duduk sebrangan sama pasangan bapak2 dan ibu-ibu yang tidurnya pelukan terus dari jogja sampai lewat cirebon sampai jakarta kukena sakit gula kaykanya sedih,sad,2
lucu banget yeseo sayangnya enggak punya tiktok nih sedih,sad,2
gue malu banget di idm masuk wc cowok,fear,1
but again aku enggak registrasi benaran cuma stop di situ saja soalnya takut kualat kan sudah dibilangin yang gap registrasinya tanggal 14 hehe deh begitu saja,fear,1
gavi araujo dikhawatirkan tawaran chelsea dengan gaji tuh,neutral,3
kalo mencolong malu mah kedengaran sama yang punya,fear,1
enak ya bangun tidur langsung cuddle sama ayam,happy,4
orang indonesia enggak ada takutnya kali cuman gue rasa mereka takut dengan agama baru yang dipaksakan percaya yaitu c19 rokok saja ada label orang sakit tulisan membunuh tetap saja dikonsumsi terus kecelakaan terbanyak adalah motor usernya makin banyak ada bom saja dekati kontenin,fear,1
tema photo ini adalah putri popok sedang tidur siang hahahaha halo semua nya akhirnya photo kimora username baru bisa posting setelah 1 bulan kimora lahir mohon doanya ya terima kasih,happy,4
semoga roboh dan menimpa mereka baru kemudian akan ada himbauan keras untuk tidak naik naik sembarangan ke atas situs sejarah sadis terpaksa pekok berjamaah garansi seumur hidup url,anger,0
tahukah bahwa terdapat menunjukan bahwa sars cov 2 virus covid 19 dilaporkan juga menginfeksi sih ketahui infeksi sars cov 2,neutral,3
greget perasaan lama amat apa memang guenya yang gasabaran tpnya gih ya huhu enggak bisa sabar apa memang belum di update sama shoppe username,anger,0
tapi gaji dan honorer masih sejahtera penuh bagaimana,neutral,3
ya tuhan pengin pacaran tapi takut berujung malah manfaatin anak orang kan karma ada,fear,1
serius aku saksi dua orang yang semangat buat terus lanjutkan hidupnya karena kamu dan itu dua orang yang sangat kusayang dalam hidupku aku tidak bisa berucap hal lain selain kata terima kasih,happy,4
username sampai merinding dalam hati aposeee tiap lihat explore ig gue bingung deh siapa teman ig gue yang like follow secara ig gue bubble banget karena over curated haha seram ya rasanya kelebatan2 film g30s sama berita kerusuhan di tv menyertai foto-foto,fear,1
mulut berkata jalani saja dulu sementara hati ngedumel deg an bisa skip enggak sih,fear,1
kan yang goblok lu dan sejenis lu kenapa the jak di bawa-bawa payah deh ah isi sepiteng username username username username username username,anger,0
poin 1 2 okelah poin selanjutnya itu lho gue cowok saja marah bacanya,anger,0
stroke paling ampuh adalah bio nerve di wa 0812 7571 3754 atau 0811 805 663,neutral,3
i back setelah sekian je acc kan,neutral,3
kebutuan menjelang hari lebaran semakin mendesak apa pun segalanya harus di beli sementara harga sembako dan pakean semua nya serba ganti bandrol harga ya semoga di beri kesabaran hati jangan kita terburu oleh hawa napsu setan yang tak bertanggung jawab,sad,2
sedih aa tahan ngantuk kot,sad,2
happy birthday marr bahagia terus ya,happy,4
deh hari ke 6 pun still kena marah pasal panadol,anger,0
enak sekali apalagi belin gue baksonya di makan bakso yang pedas sangat enak kali ya,happy,4
namun kuakui jika tebakan pak seno dan ibu tuti pagi itu betul terkait keikhlasan kami kami belum ikhlas coba kalian pikirkan apa yang kalian abaikan dari sikap kalian yang belum juga ikhlas ini kami diam,sad,2
karena gue sedih karena hyunho gue harus bikin au fluffy yuk little blessing markitabuat,sad,2
well jujur gue keluar air mata waktu dengar kabar username ini bakal bubar banyak kesan yang bisa gue dapatkan disini bisa tertawa bareng bareng diskusi bersama ya walaupun sebatas chat di group line enggak ada sepah sepuh fan disini karena semua sama dan 1 tujuan,sad,2
lega banget bisa ngelepas rindu yang sudah sangat mendalam ya walaupun cuma jemput kamu di stasiun dan mainnya cuma dirumahmu saja but for me itu si been very happy,happy,4
seriusan mie gelas masih lercaya didalem kuli 2 bungkus auto bego kekenyangan,neutral,3
gue enggak sok pintar sih lu bodoh gue begitu,neutral,3
begitu kan mereka di,neutral,3
melodyjkt48 hal ataupun hal memberatkan tak asal,neutral,3
buset parah banget ya logika ibu ini ini keluarga ibu yang jadi karyawan enggak ada yang merasa keberatan ya dengan kebijakan timpang ini lu cek deh lapangan banyak penganggur pesangon dari perusahaan suka enggak jelas ngomongi jkp enggak semua orang juga mau di jkp sampai kesel gue,anger,0
sange sama perempuan lain puasa tahan diri jaga pandangan bukan poligami bangsat lo miskin tapi gegayaan poligami tuh bagaimana ceritanya nanti istri jelek enggak keurus karena lo enggak kasih duit langsung ditinggalin heran gue kenapa laki laki punya otak enggak dipakai deh,anger,0
banyak yang bilang kamu itu sudah jadi guru jiwa keibuan lelaki mana yang enggak mau coba ya meskipun materimu enggak seberapa tapi banyak yang kagum tersenyum dan billang allhmdulillah ternyata dekat dengan banyak anak kecil dapat berpengaruh positif dalam diri kita url,happy,4
itu si like a circle of stupidity atlit enggak diurusi duitnya buat bebenah ini itu biar atlit yang datang dari luar negeri bisa nyaman disini tapi atlit sendiri kurang gizi belum beres bebenah eh salah satu stadion dirusak supporter karena timnya atlit main jelek what a moron,anger,0
ya allah mau nyerah tapi harus semangat sedih,sad,2
username lah yaudah kagak usah dilihat atau lu ada gangguan jiwa kayak gua yang sudah tau kagak demen tapi diliatin mulu toh duit juga duit dia asal kewajiban dia sebagai istri ibu enggak terbengkalai mah gua lebih enggak suka dia karena beberapa sifat ke,anger,0
saya tanya serius ya bila username mengumbar ngember nama debitur ke media bukankah melanggar pbi username kerahasiaan nasabah url,anger,0
iya enggak sih jawabnya rebahan,neutral,3
ini orang bruno mars,neutral,3
semangat hari ini,happy,4
bro gue juga penalty,neutral,3
aku sudah pernah menonton kisah seperti ini sebelumnya dan aku benci endingnya,anger,0
dmn2 enggak kedengaran bersuara keras fraksi dpr pks kan,neutral,3
sekitar jam 20 00 hari ini saya naik trans jogja dari jalan kaliurang depan dd ke bandara di dalam trans cuma ada ada saya sama seorang bapak sumpah suka banget sama pelayanan mas masnya sudah ramah senyum dan enggak sungkan mengajak mengobrol para penumpang salut username,happy,4
national monument monas hanya bejarak sekian ratus meter dan terlihat setiap hari dari kantor tapi menyentuh dinding pagarnya pun belum pernah,sad,2
nahkan baru ini sepanjang sejarah satpol pp sop enggak masih nurut perintah,neutral,3
kebanyakan follow takut limit,fear,1
takut banget loh,fear,1
ini kalo gue isiin kayak begini bisa2 habis di comot ponakan gue terus di membagikan ke teman-teman nya baik nyerempet bego dia,anger,0
toh ya gue jelasin ke kalian kalau gue sayang dia karena dia sahabat gue lu enggak pada percaya juga kan lu pada ngira kalau gue itu cinta sama dia hei plis di highlight kalau sayang itu enggak melulu soal cinta cintaan,anger,0
pagi pagi buka twt langsung dapat kabar baik jimin sudah negatif dan tinggal pemulihan pasca operasi senang banget aku tuh sudah lega rasanya terus jaga kesehatan ya baby mochi,happy,4
alhamdulillah point tiga lagi pelan pelan merangkak naik matursuwun username tetap jaga trend positifmu ini perjalanan masih panjang yang berangkat away hati hati dijalan sarewa url,happy,4
pura pura enggak,neutral,3
butuh waktu yang lama untuk kembali percaya dan berdamai dengan rasa kecewa,sad,2
kalau ini beneren kiranya kau bahagia disana bersama orang lain,happy,4
ada untungnya juga semalem matlis enggak kecewa karena enggak menonton mu wkwk,happy,4
oke berarti dianya panik jadi jawabnya enggak konsisten wkwkw,happy,4
pengin bilang ke sesama perempuan lah bego bego kali laki laki enggak worth begitu loh kalian tuh pintar sifatnya di luar sana cowok kalian begitu,neutral,3
enak dong kalau di angetin,happy,4
cinta sekali sih tapi sayang tuh ceweknya tidak ngangep wkwk,sad,2
banyak orang marah karena username bilang pks melahirkan 2 koruptor besar katanya itu oknum goblog keterlaluan oknum berlaku untuk kelas kroco kalau kelas kakap apalagi presiden kok oknum memang dia bisa dapat projek tipu tipu kalau bukan karena presiden parte username,anger,0
crossovernya chigiri pulang kunigami noh di pojokan,neutral,3
have lu ever malem2 menonton film enggak sedih tapi sedih melihat hidup lo,sad,2
sumpah anjrit ngerjain revisian tuh kenapa berat banget sih malas nya ituloh kayak paling beraat banget suka heran sama diri sendiri,anger,0
bestie gue mau nikahh enggak tau kok rasanya sedih ya,sad,2
kalo parungpanjang selalu di hadiri jutaan debu yang membuat warga terdampak ispa hingga 3700 lebih jiwa pak enggak percaya pak saya punya data nya dari puskesmas kok kapan mau main kesini pak username username username username username url,anger,0
dipikir eh begitu bisa,neutral,3
debat panas rocky gerung vs ruhut sitompul rosi ilc indonesia lawy url lewat username bagaimana yang bilang jokowi kacung om username diam,anger,0
terkadang tidak peduli berapa banyak orang di sekitarmu kamu merasa sepi hanya karena kamu berharap dia yang kamu cinta ada di sisi karena kamu sangat menyayangi dirinya,sad,2
adalah orang mengetahui atau orang ber dengan kok radak terkoyak nalar ini,neutral,3
stroke lumpuh kanan adalah bio nerve di wa 0878 7763 8496,neutral,3
tararumben pens emyu teu ti temlen nggeus tiasa nyak,neutral,3
kaget lihat reply fan sultan semua kayaknya,fear,1
pendidikan paling tak dulu is kenapa sejak fasiliti compare dengan smk ke,neutral,3
sih tapi bikin oleng bangtan tuh daya tariknya,neutral,3
ya kecewa indak di stiker nya lagi,sad,2
katanya dulu jeno pernah mengasih hadiah powerbank moomin ke renjun ya kata jeno biar renjun selalu ingat jeno terus pas renjun pakai powerbanknya oh terus jeno juga pernah bilang ke renjun bisa enggak sih kamu suka sama aku kayak kamu suka sama moomin aku cemburu wkwk lucu banget,happy,4
apapun diberikan gildarts,neutral,3
ke bego kalo,neutral,3
hamdulilah sih fifa ternyata adil wkwkwkwk sok happy finally username song will be played at the stadium too yipiiee,happy,4
username sehat tiap hidupin data seluler selalu muncul notif yang pemakaian lebih dari 500mb terus data seluler otomatis mati begitu terus berulang padal kuotanya masih 1 gb lebih akhirnya enggak bisa dipakai respon yang solutif sudah berkali kali kayak begini hati,anger,0
read this before dengar lagu mark sok bila dengar tadi teringat tweet nih sedih di senanya lagu nih,sad,2
rabu 06 06 2018 anakbujangku selesai menempuh pendidikan di tak bhakti ibu bakauheni eit ternyata ia dapat piala juga hehehe,happy,4
dimesjid jaga jarak di mall desak desakan demi kaos rebutan wooii sudah 2022 masih juga tolol,anger,0
iya anjink ngakakk sampai kudu menampar diri sendiri terus kayak hidup lo bego,anger,0
sedih gua jadi enggak depat anjir,sad,2
polos banget kamu v ada yang hate kamu malah kamu anggap bercanda benar enggak menyangka masih saja ada yang enggak suka sama orang baik seperti ini,anger,0
waktu itu kami bertiga puluh dipilih dari sekitar 300 orang yang mendaftar ya bagaimana enggak berasa bangga workshop kami diajar oleh fajar arcana agus noor dan seno gumira ajidarma foto masih username url,happy,4
isu kristenisasi itu sama saja dengan isu kebangkitan pki tanpa data minim fakta dan bilapun ada tak lebih dari oembingkaian di kuar konteks isu yang dibuat untuk membangkitkan hantu demi keuntungan politis dan ekonomis,anger,0
edisi valentine samsung galaxy s22,neutral,3
kalau di lihat kebelakang ternyata sudah 4 tahun terkhir kali benar benar berjuang sampai titik akhir dan sekarang untuk memulai lagi kayaknya masih malas atau memang belum bisa membuka pintu yang lama terkunci atau hanya takut saja yaasudahlah jalani saja hidup ini,fear,1
orang tuanya oh begini toh kelakuan anakku yang sebenarnya sambil muka emosi ala sinetron yang mengomong dalem hati,anger,0
istimewanya sedekah di hari jumat,happy,4
ada orang yang berubah jadi lebih positif atau negatif kita enggak pernah tau the biggest reason kenapa dia berubah kalo salah ya dikasih tau jangan dihujat,sad,2
11 25 selasa juli2018 lihat berita para tokoh tokoh elit politik isinya saling klaim konflik beda pendapat lalu menjatuhkan macam otak di dengkul saja 2018 masih begitu jijik gue,anger,0
mental lo tuh miskin banget anjingggg literan 17k giliran lo butuh baru koar koar benci banget deh gue kalo begini,anger,0
gue merasa cringe banget anjir dari kemarin kayak mau mengetik kak tuh a nya suka hilang jadi kakak memang sama saja sih cuma kan kesannya baku banget kayak gue mengetik kakak tapi di singkat jadi kakak hehe kocak and mengakak deh pokknya,happy,4
di usia 45 tahu walau rasanya muda ternyata kaku belajar sesuatu yang baru sadar sudah terlambat jadi atlet tapi hobby mengurus organisasi pembinaan olahraga olahraga bisa jadi medium komunikasi yang baik seperti beberapa bulan lalu di bandung bicara kebhinekaan url,sad,2
ingat hepatitis berpotensi timbulkan dampak morbiditas dan mortalitas termasuk penyakit kronis dan silent killer seram kan,fear,1
yuk semangat ngeba,happy,4
pengin marah marah tanpa sebab,anger,0
buset sedih tapi wkwk,sad,2
drtd absen harus emosi dulu baru sidik jari benar-benar kebaca,anger,0
alhamdulillah ya allah engkau telah memberikan aku kesempatan untuk memberikan sedikit kebanggaan kepada kedua orang tua yang senantiasa memberikan doa dan kasih sayang nya untuk saya semoga kedepannya dea mampu memberikan banyak kebahagiaan kepada kalian mah apa,happy,4
paling disukai orang bb orderwa 085799289494 bbm d19cb7a3,neutral,3
apalagi buat aku yang suka analisis sikap perilaku orang dan mudah ilfeel bila tak sesuai penilaianku suka lupa kalo diriku ini juga enggak lebih baik sikapnya dari orang yang aku ilfeel ini,sad,2
pertama kali ketemu pas bayi umur 3 bulan dan sekarang sudah 6 tahun kelas 1 sd time sok fast namanya raditya yang punya cita cita jadi petugas pemadam kebakaran pintar ya boleh sekohale,happy,4
awali harimu dengan mendoakan seluruh keluargamu dan hidupmu bisa hari ini dengan,neutral,3
username username username username siapa yang tidak mengakui kalau aher itu gub hebat lihat saja prestasi jabar pemegang kasus intoleran tertinggi periode 2015 2017 kini 2017 2018 akibat imbas pilkada dki yang diusung pks jakarta,happy,4
dengan berbeda suku dan agama marilah kita jaga persatuan persaudaraan kita jangan sampai adanya pemilihan presiden dan bupati kita terpecah belah jangan sampai karena itu kita tidak saling menyapa kita harus tetap bersatu padu username,happy,4
suka marah,anger,0
mengajak balikan nya wkwk putusin tanpa padahal enggak bilang balikan dan anggap teakhir kali diselingkuhin dan wkwk,neutral,3
ingat enggak kita lagi menonton sambil gayem tempe mendoan persis di depan kita ada yang joget2 asik banget kayak boneka mampang,happy,4
follow deh nel lo memperkenalkan ankanya kyl bagaimana tapi aklo kisah teramat nih acc nya nnajeaa,neutral,3
lucu banget kakak tertua takut sama saya,happy,4
ijazah mendadak nyelip itu langsung tiba-tiba terbayang perjuangan dikampus penelitian skripsi deh el el memang ya kudu enggak ada dulu baru berasa,sad,2
pengin kelihatan pintar tapi tolol,anger,0
username anda darimana maukah walikota anda keluar dari a sih di bonceng motor traika datang ke lokasi bom kalau enggak punya jiwa bonek enggak mungkin mau anda mengkritik dpr mpr tapi tangan anda menjabat mereka dan tubuh anda membungkuk pada mereka ag,anger,0
username username username username bercita cita jadi jongos pola pikirnya terbatas pada bagaimana caranya menjongoskan diri dengan baik jadi menurut saya kapasitasnya otaknya tidak mumpuni unt menampung cara berpikir yang tuliskan oleh username,anger,0
qobul anaku ibumu sayangi dan di jalan bila bosan bila kau sakiti kembalikan padaku keluargaku selama masih ku kembali bpk,neutral,3
haloo my lovely jejee gua gapapa kok hehe lu juga semangat ya,happy,4
senang banget bisa berbagi kebahagiaan bersama pengguna jalan juga saudara kita yang menjalankan ibadah puasa tidak hanya bagi bagi tajil makanan untuk berbuka saja tapi ada juga penampilan dari jne idol serta freestyle bola untuk menghibur para penggunajalan saat lampu merah url,happy,4
baru tau dan baru baca berita tentang penyalamatan anak anak di goa di thailand mendadak berkaca kaca karena tau medannya sesulit itu semoga semua anak pelatih beserta orang orang yang membantu penyelamatan ini selalu dilindungi yme,sad,2
selamat pagi om sehat selalu dan tetap semangat,happy,4
tengah ddk baca replies dkt bwh nih tiba-tiba air mata mengalir benda yang paling seram adalah menjadi ibubapa kita xkn tahu satu perkataan yang datang daripada parents boleh memberi kesan seumur hidup,sad,2
mana yang kuat jaga harga diri dan mana yang selow harga dirinya dilecehkan adat ketimuran jangan disamain yang kebablasan selow dilecehin situ perempuan jadi jadian url,anger,0
ya allah mhn berikanlh kekuatan dan kesehatn buat yang menjalankan tugas wakil ketua mpr username dan mendes username dan rombongn serta masyrakt untuk menuju ridhomu aamiin3 username username username username username username url,happy,4
ini enggak pamer pls gue benaran sedih lmao,sad,2
ini yang kelimaa anjing sial mulu dalam seminggu bangsat entar besok apa lagi nih taiik,anger,0
sama adiknya juga tuh sih lita gue enggak mau akrab2 lagi coz mama gue benci banget sama dia maklum mama gue sodara keluarganya ada keturunan saraf jadi ya begitu kebanyakan yang jahat sialan dengki sama gue memang sodara mama gue,anger,0
sedih sedih tapi gapapa setidaknya masih bisa ngabarin fan jadi ya enggak khawatir banget karena ditinggal hilang,sad,2
bb maaf oot kemarin malam di chat aku berantem sama pacar terus aku bilang udahan saja sambil maki2 begitu terus dia balesnya doang sampai sekarang dia enggak ngechat aku juga enggak menurut kalian sudah putus belum sih terima kasih,fear,1
selamat pagi sender kebetulan alec sesuai banget sama kriteria kamu dia main fc nya jaehyun terus side fcnya juyeon dia juga bukan orangnya cuek dingin sama pasangannya justru dia itu sangat talkative dan suka diskusi banyak hal,happy,4
hiyahiyahiya terpesona ku pada pandangan pertama dan tak kuasa menahan emosi,anger,0
aya sudah rapi belum rambutnya habis bangun tidur nih cantik ya mantul deh febby nathania elvarette teman terkebo url,happy,4
paling excited kalo mengobrol sama orang kreatif siap saja kalo bakal tercengang sama ide mereka yang mungkin belum pernah terpikirkan olehmu oh iya kenapa aku baru kepikiran,happy,4
nah terus ai bakil kapan pesan gojek ebuset no signal sekalinya ada dapat driver nih marah-marah ora jelas sudah kakek2 memang tapi ya annoying saja beliau itu ingin berkata kasar tapi diriku lagi penuh dosa jadi ku tahan,anger,0
alhamdulillah aku di jauhkan dari cowok itu tapi rasa takut dan traumanya masih membekas sampai sekarang sulit di hilangkan ketambahan lagi dulu waktu kelas 3 teman cowok2 pada suka kan mengganggu cewek2 nah sih cowok2 itu pada memegang dada sih cewek kalo nggagguin,fear,1
menunggu penjelasan dari yang bersangkutan dulu ndul boleh di cc ndul daku takut men cc nanti kena semprot orang yang mengaku paling dekil seantero tuiter,fear,1
lantunan dawai indah diri isi gegap gempita orkestra kehidupan berikan nada merdu pagelaran kehidupan yang ceria semoga kesehatan selalu isi indahnya alunan nada ntarkan lagu sukses di panggung kebahagiaan kehidupan selamat milad om username barakallahu fii umriik,happy,4
pagi cerah ini diawali dengan snwu manis manis,happy,4
hyper nafsunya hyper sedang menggauli istri dengan penuh perlakuan kewajiban suami enggak pertanyaannya hyper menggauli dengan enggak,neutral,3
mvs sudah menonton kesekian kali dan masih tetap mewek sedih recommended buat yang lagi mau menonton yang sedih sedih,sad,2
username ayah dari dulu sampai sekarang bekerja pindah pindah kota saya merantau beberapa bulan lalu saya pulang ke makassar ayah juga kebetulan pulang tapi tidak sempat ketemu lalu di mnlpon mengajak makan bersama saya tolak dengan alasan pergi bersama tm,sad,2
sepasang muda mudi lagi menonton bioskop ceweknya berbisik mas ada orang onani di sebelahku cuekin saja kata cowoknya enggak enak mas dia paksa pakai tanganku takut,fear,1
anda anak sampai atau sama atau anda merasa keren gabung di di jamin puas,happy,4
enggak ngotak memang adeknya positif mengajak diskusi mengomong enggak enak enakan pintar doang tapi enggak mengerti psikologis orang down,anger,0
seringan apapun masalah karena malas ia terasa berat seberat apapun masalah karena semangat ia bisa diselesaikan menjadi ringan pagi,happy,4
wkwk ngeri kali gaga,fear,1
pembangunan infrastruktur membuat rakyat merasakan hadirnya negara dalam kehidupan tak lain karena kerja nyata pak username selama 3 5 tahun memerintah kedepan url,happy,4
watch this ini yang sulit aku bahasakan ke tman2 pergerakan inti nya pandang cadar sebagai pilihan terlepas dia cocok dengan budaya kita atau tidak karena kita muslim ah ini toleransi url,sad,2
bukan emyu namanya kalo enggak tolol ya goblok,anger,0
3 tahun di bri dan enggak bisa aturan baru setelah 5thn enggak bisa job opening lansung di cut,neutral,3
apabila kamu sudah tidak dianggap ada jangan merasa bahwa kamu itu invisible tapi merasalah intangible seenggaknya kamu tetap berharga meskipun tidak berwujud,sad,2
panik banget tadi akunku ke logout sendiri,fear,1
senang banget,happy,4
alamak kehebohan tiap malam dengan dua eyang ini pengin gadengerin tapi kencang semua suara suara sinetron vol up dan akhirnya hapal jadwal sinetron sctv rcti dari sore sampai malam jam11 pencapaian,sad,2
senang deh baca tweet nya mantan apa konglomerat dan sih pramugari yang lagi viral itu jadi kepengen ngetweet mengenai pengalaman kerja gue jadi kacung kampret bertahun2 yang walaupun naik pangkat cuma ubah level doanng dari cungpret lv 5 jadi lv 4,happy,4
jadi agustus itu 1 jadwal pulang karena teman menikah 2 agenda jalan bareng sama rekan kantor dua pilihan yang sama sama ingin ikut tapi gimanaaaaaaaaa padahal jarang banget aku nemu waktu pas dan hati mau ikut,sad,2
sudah gue duga soalnya tumben banget cube ngegas banget promosinya dll jadi teringat coba helicopter kemarin cube kalo lo sampai ngapa2in anak gue awas ya gue marah benaran marah banget,anger,0
sedih banget liatnyaa jadi ikutan menangis,sad,2
tolong pak gub n wagub username username jangan malu-malui umatnya,anger,0
pagi ini terbangun dengan perasaan campur aduk ya emosi ya sedih bingung mau mengapai rasanya tuh lama banget waktu berputar makin enggak betah di rumah,sad,2
enggak punya mobil ya naik kend umum biar jalan enggak macet enggak ada uang untuk bayar tol ya lewat jalan tol ada pilihan geto saja repot,anger,0
ada pernah yang bahas tentang tinder dan sewaktu itu enggak paham karena penasaran download lah eh pas sudah download dalem hati bilang ini aplikasi apaan menyesal langsung download tanpa baca deskripsi terharu mungkin itu asik buat sebagian orang lain tapi enggak buat aku,sad,2
cintai bahagia karena dia membuatmu ceria tapi cintai juga sedih karena dia membuatmu dewasa,sad,2
who knows dinegara mereka mereka enggak bisa impress sebanyak tapi begitu ke indonesia mereka bisa dihargai pakai dimanfaatin bisa di bilang mereka mengomong gue di indonesia mereka,neutral,3
rangnick siapapun bisa bagaimana dirasakan elanga hancur dan bbc,neutral,3
setetes matamu selembar daun kau akan mu telah mu,neutral,3
sekarang saya tidak bisa lagi menggantungkan sesuatu ke orang lain saya berusaha mengenal dan mencukupi apa yang saya butuhkan sendiri sandaran saya hanya allah dan orang tua tapi saya selalu yakin kelak akan ada orang yang mampu mengisi zona yang lebih baru,happy,4
gela gelaa masih enggak menyangka gue bisa menonton username langsung ini berkat mamang mamang warung kopi yang selalu menghemat pengeluaran makanku url,happy,4
rindu tidak terungkap dalam banyak banyak insan yang aku kenal hanya kau seorang sahaja yang aku rindu rindu sangat sangat walaupun terlampau awal untuk kau pergi tapi aku nak juga rasa kasih sayang dari seorang ibu umi adik rindu umi al fatihah,sad,2
thank you aii sumpah i takut sekarang terpaling redha deh nih,fear,1
username uang yang ada dompet saya sudah 2 bulan tidak bisa di carikan gara-gara di bekukan semua pertanyaan pihak bukalapak soal penjualan yang bermasalah sudah jawab semua sampai bukti-bukti nya pun semua saya kirim tapi sampai sekarang dompet saya masih di,anger,0
enggak enak apalagi kalo orang lain yang pakai kamar mandi itu jorok kemarin pas ngekos suka nemu piring kotor padahal di sana ada tempat cuci piring,happy,4
hari ini aku bangun tidur pas bangun buka ig lihat story ternyata storyku penuh dengan acara wisuda teman-teman sama aku rasanya rasa jebret rasax trauma lihat instastory,sad,2
eh username sama username kalian lahiran congrats ya nih gue kasih hadiah kecil kecilan moga suka sering sering main sama samcho ganteng ya entar biar jadi anak hitz lol url,happy,4
sih dulu begitu bersihin sekarang kucingnya,neutral,3
username username username padahal korban pelecehan ada juga yang pakai seragam sekolah pakai baju kantor pakai jubah lengkap dengan niqab nya ya memang dasar otak sama selangkangan mereka enggak beres tapi perempuan yang disalahin dengan alasan pakaian,anger,0
ml cara ulti flicker ruby itu bagaimana ya aku ulti malah flicker ke depan karena bingung pencet mana dulu hasilnya tertarik enggak malu banget iya,fear,1
cara muvon tercepat direkomedasikan ilfeel kita begitu sebaliknya n im done yeahh fufuufu gimme high five,neutral,3
lucu ya orang disini dia lagi sakit terus malah menyalahkan admin lain katanya gara-gara admin itu dia sakit fix anda punya kekuatan lebih dari tuhan,anger,0
punya tiket gratis menonton di blitz tapi tidak ada yang ngajakin menonton ginidah angus,sad,2
wkwkwk iya benar-benar emosi kalau lihat nino dibanding irvan wkwk dengan ketidak tahu diri dan magadirnya tuh buat gedek,anger,0
username rt jadi bagaimana kamu tetap memilih bertahan meskipun sudah tahu kalau dia sedang menjalin hubungan dengan yang lain mau mengatai bodoh tapi takut dosa sedih 2,anger,0
1 jangan main klarinet 2 jangan pernah melambaikan lampu senter ke depan dan ke belakang terlalu cepat itu dianggap undangan 3 jangan pernah berhenti menatap sekitar 4 jangan makan keju kecuali yang kotak 5 jangan pakai topi sombrero 6 jangan pakai baju bodoh,anger,0
akhir nya 1 fandom,neutral,3
besok sudah mulai kerja yaampun dag dig dug takut susah bangun sudah mulai kerja jam 6 pagi sampai bikin alarm kayak begini takut enggak bisa bangun pffft url,fear,1
tiada henti 2ny ku mengucap syukut alhmdllh sekarang aku bisa uang jadi panitia kemarin alhmdllh trmkah kau bri brlmpah mski tak sbrpa inysllh lma2 mmbukit amn url,happy,4
antara nya skin jutaan rupiah enggak skin dipengen hamba tapi seumur hidupnya kok mode on sih,neutral,3
harusnya cara nya bisa bikin speechless,neutral,3
two twts rj nih bikin emosi mmpir yuk,anger,0
coy ngeri sekomplek wkwk sehat-sehat mat,fear,1
enggak bisa sih tapi lets give a try hshsjsksk fevereverie sih you soon i guess,neutral,3
kaget tapi senang aa changmin,happy,4
sehat dan bahagia untukmu juga,happy,4
tipikal cowok menye menye banget nih paling enggak bisa diajak argumen menyalahkan orang dan mengeluh terus nih manusia maha sempurna pengin mengatai goblok tapi puasa,anger,0
bikin akun karyakarsa di sana,neutral,3
tau nih padahal mah enak aku dm yang lain sudah di block duluan tuh sedih,sad,2
ngeri nih,fear,1
intinya ketika kamu yakin semua seleksi bisa kamu lalui di dunia ini ingattt masih ada seleksi alam yang kamu enggak tau kapan ujiannya dan itu mudah atau sulit,sad,2
emosi banget kalo ada yang bilang cakep harus putih makan taii,anger,0
rada kaget melihat hasil semester kemarin tapi ya mari tingkatin lagi di semester sekarang,fear,1
1 orang cewek mengomongnya halus enggak pernah mengomong kasar enggak pernah sekarang sister di gereja katolik,neutral,3
baru bangun tidur terus mengecek twt terus dapat kabar jimin sembuh tuh masya allah senang banget langsung senyum2 sepagi ini wkkwk i vote for at the 2022,happy,4
yang menyedihkan lagi ada yang menganggap via vallen itu enggak merasa di lecehkan amat malah mau naik pamor demi mencapai keviralan dan itu diungkapkan oleh seorang gue a n i t a addeh sudah jadi korban sesama wanita pula padahal normalnya harus saling dukung saling empati url,sad,2
sehari ini coba transfer dari atm bbri ke a sih bri dan bbmr lah kok gagal semua atm bri kok telo dan memalukan ya katanya punya satelit tapi memalukan banget username username bagaimana ini penjelasan nya,anger,0
banyak maba dikampus mereka tidak tau kalo kuliah itu enggak kayak difilm film pada sumringah semua entar sebulan kuliah langsung kusut muka,sad,2
mendengarkan abang dulu abang 19 tahun bisa piala fa kalo enggak apa-apa perjalanan masih tapi abang sih kayu ijo,neutral,3
kecewa dengan semalam harini mulakan dengan 3 pointers,sad,2
good pagi pagi on this partly cloudy saturday dipagi ini happy day off n semoga harimu menyenangkan semangat theaterannya hari ini,happy,4
realita mengagakan tydack moeda kita turuti,neutral,3
kalo bandnya konser sih,neutral,3
pp boleh meminta kritik dan saran worth enggak ya kalau jadi ready stock takut malah flop begitu tia,fear,1
benarkah ini sudah waktu pagi hanya semilir angin bercampur embun yang kurasakan langit langit masih hitam dan tak membiru cahaya mentari tak jua tiba di ufuk timur,sad,2
day 1 terlalu semangat terus datengnya kepagian dan belum ada orang,happy,4
otak kalo memang deh goblok mau diajak bicara kemanapun selalu dia yang mau menang di ke kiri kita ke kanan kita salah sebaliknya juga kita yang salah selalu kecuali kita ngikut dia baru benar tapi kadang itupun kalo ada masalah juga kita yang disalahin serah lo deh,anger,0
namanya juga tho min,neutral,3
wah sekolah semangat ya,happy,4
alhamdulillah jiminie sudah sembuh jangan sedih lagi ya mangatss,happy,4
username username anda ini mengomong apa hanya orang-orang brengsek yang mengomong kayak begini lembaga terhormat jadi terhina karena disusupi orang yang kayak anda username,anger,0
tidak ada yang lebih patut disyukuri selain kita bisa menikmati alam semesta beserta isinya dengan tubuh yang berdiri tegak dan nafas yang bahagia url,happy,4
pagi pagi bangun deh fucked up bodoh,anger,0
username username jadi mayoritas pun juga hasil paksaan bukan atas keinginan sendiri memang benar banyak yang dipaksa agar terlihat mayoritas jika tak mau jadi mayoritas maka bakal dipersulit url,sad,2
diyann rest well sayang semangat belajarnya jaga kesehatan ya,happy,4
iya nih tvn kan suka memancing emosi penonton,anger,0
halo mas jnt terima kasih sudah mengantarkan paket kesayangan saya tapi nama saya double r,happy,4
kaget dapat berita tetangga satu rt di solo masih 19 tahun meninggal dunia karena typus dan ambeyen diambilnya nyawa benar benar indak melihat umur innalillahi wa innailaihi ro jiun sending al fatihah,sad,2
ih wowo saya pemaf kok tapi maaf saya pendendam tidak usah meminta akun kalau bwat di delcon picik otak lo,anger,0
kok bisa sih,neutral,3
buku di dan temukan kesayanganmu di toko daring kami di shopee tokopedia,neutral,3
gue jadi takut pakai jnt,fear,1
hei semangat aku juga tiap bulan dulunya tebus obat sama konsultasi psikiater tabungan habis buat ngobatin mental doang mahal banget bahkan kadang sampai enggak jajan sebulan benar benar urusan sama mental tuh pejuangan banget mau kantong mau perasaan pokoknya ayo semangat,happy,4
gud mowningg pagi ini diawali dengan kabar baik banget uvvuu alhamdulillah jimin sudah sembuh aku bahagiiaa stayy healthy ya jiminie love you,happy,4
es doger 71m laundry 28m kpk nya usut uenaknya,neutral,3
username whatsapp aku kan sudah terang terangan kamu blokir setelah aku mempergoki kamu secara tidak sengaja bahwasanya kamu kerja di informa ace hardware tapi 6 malamnya aku akan sapa kamu tapi sudah keburu kamu blokir padahal seminggu sebelumnya aku,anger,0
kenapa loyo tuh semangat juga ya iyen jaga kesehatannya jangan lupa,happy,4
username username tetangganya lebih responsif masih walaupun tetap saja masalahnya enggak diperbaiki yang penting pelanggan merasa dipedulikan dulu,anger,0
happy birthday mbar sehat dan bahagia terus ya,happy,4
dulu gojek rame banget dan grab juga masih sepi katanya sebagian saham uber di beli grab jadi macam kerja sama mereka kwkwk tetap gue lebih suka uber sendiri weh enggak mau balik lagi apa ya,happy,4
hidup banyak banget persimpangannya bingung harus ke arah mana di satu sisi pengin hidup yang bebas tapi di sisi lain kepikiran kalo selamanya cuma mau bebas bisa jadi orang enggak,fear,1
je orang begitu rnb,neutral,3
selamat pagi dari pku tante baru bgn nyenyak banget bobonya enggak gerak2 semaleman semoga sehat n happy selalu teman-teman se alter yakin selalu ada rejeki untuk kita hari ini ya cemilan dari momo juga ikut menemani tante visit pku memang begitu tante suka bawa-bawa,happy,4
bersiap bersama bos andalan gue dulu di gm bu amel santosodebora,happy,4
lain kali otak tuh biarkan saja stay di kepala jangan dipindah pindah ke kontol juancok tolol kan jadinya gih musnah saja ngehabis2in oksigen saja kalau hidup,anger,0
yaelahh ente pasti dari partai sapi kurang kelon ente junjungan ente kagak punya nyali kalah sama ahok berani hadapi kasus lebaran telah tiba jik pulanglah atau kagak ada peler,anger,0
orang enggak tau diri itu adalah kursi sebelahnya kosong tapi dibuat naruh jaket tas yang enggak kebagian kursi berdiri di sebelahnya tapi dia tetap enggak mindahin barang2nya senang,anger,0
jangan diam lawan juga mereka yang memparalat hukum dengan tujuan kekuasaan jangan diam lawan juga mereka front linernya komunis berkedok pancasila senang url,anger,0
saat eike bilang mah kok pusingku enggak hilang hilang ya jawaban mama singkat padat mengiris iris hati ya itu karena kamu kegendutan makanya pusing semua penyakit yang ada dalam diri ini selalu mama hubungin karena efek kelemon montok kepunjulen termasuk kecetit gatel,sad,2
username aku bukanlah para penjilat pantat zohri seperti kalian kalau pun kalian merasa iri dan takut akuanggap sih zhri sebagai saudara ambilah oleh kalian jilatilah pantatnya setiap kali dia habis berak kalo aku hiiiyyy ambilhah semuaa,anger,0
paham kamu sbnrnya didengar dan disupport orang kalo sbnrnya didengar daripada diberi judgement right tapi juga paham posisi bestiemu terhadap kamu dan kamu enggak kamu,neutral,3
gm bentar setahun tapi sekarang enggak,neutral,3
masih sedih,sad,2
sudah beberapa kali mencoba yang ada hanya melukai seseorang yang tidak terlibat daripada terus mengulang lebih baik mungkin move on sendiri dulu jangan melibatkan orang lain karena hanya akan menambah luka baru bagi orang itu,sad,2
serius jadi kaget gue,fear,1
tapi baru di jaman ini hutang tembus 4000an t baru di jaman ini juga mako brimob kebobolan dan baru di jaman ini juga bocah cina nghina presiden dibilang lucu2an dan di jaman ini pula geruduk kantor berita sambil sama,anger,0
kemarin cerita2 sama teman fik username yang cerita perjuangan mencari data pasien gagal ginjal untuk skripsinya dibalik drama dan tantangan yang dihadapinya tapi mega dapat hal yang sepadan dengan perjuangan dan air matanya,happy,4
aku biarkan hujan mengurai rindu agar tak pekat salahku mencampur rindu dengan sepi hingga terkecaplah pahit yang nelangsa,sad,2
kalo di slack suka takut chatnya capslock semua,fear,1
cebong memang bangsat,anger,0
hari ini enggak bisa mikir jernih bawaannya sedih terharu thankyou denise you re my favorite maknae,sad,2
tapi glenn fredly industri tanah luar diciptakan glenn fredly saat ini terus masyarakat indonesia,neutral,3
nah lho yang digadang2 bakal benerin dan majuin daerahnya malah pesan barang saja ke luar negeri padahal hasil kerajinan penduduk lokal saja banyak yang bagus enggak habis pikir deh gue giliran begini saja kalian enggak koar2 kalo toko sebelah polah dikit saja pedas tuh mulut kalo diam saja,anger,0
bahkan sampai sekarangpun gue takut dan stres kalo ketemu orang enggak tau kenapa butuh momen nenangin diri lama untuk ketemu orang yang enggak gue kenal atau bahkan yang gue kenal butuh latihan bertahun2 biar bisa pura-pura oke ke dokterpun gue masih takut,fear,1
tgb pilihan ummat ummat islam dari pelbagai penjuru negeri aceh padang riau lampung palembang kaltim sulsel papua dki jabar jateng jogja jatim bali ntb ntb semua menyatakan dukungannya kepada tgb karena mereka merindukan pemimoin yang amanah,happy,4
setiap mau ngeluh mau protes sama hidup and every problem ini itu jadi malu sendiri karena ternyata too many blessings yang kelewat buat disyukurin,sad,2
dibilang sedih ya pasti tapi bagaimana pun harus terima dan dukung denise enggak mau lama-lama sedihnya karena cewek2 ini juga butuh dukungan kita lockeys kuat,sad,2
ceritanya gue lagi dengar lagu terus gue sambungin ke speaker terus ke shufle lagunya suga yang ini nah gue kaget soalnya awalnya suga macam desah begitu takut orang rumah mikir macam-macam gue sampai gugup lari ngecilin volume kok masih keras suaranya cus gue matiin deh,fear,1
ngeri keinjek hp nya min t t,fear,1
pembukaan tidak pernah di amandemen cebong busuk atas berkat rahmat allah yang maha kuasa lo baca pembukaan uud1945 disitu semua dasar negara r i bong20o memang bongak,anger,0
username username takut ulat juga ternyata ku tyda sendiri aku padahal di kelas ada ulet di tas aku menangis malah diceramahin guru besok kalo jadi ibu mau begitu juga ya kan orang namanya takut ya sebelll banget deh,fear,1
ombak pantai parangtritis jogja ngeri ombak pantai pangandaran ngeri ombak pantai rancabuaya ngeri juga ada apa akhir akhir ini semua pantai apa kabar nanti agustus,fear,1
sering banget update sw pas habis minjem duit eh kukira kontaknya sudah terhapus anjing foya foya sambil ngumpet enggak enak tau bangsat,anger,0
alhamdulillah kabar baik juga sudah srpan belum niee,happy,4
memang orang suka begitu sudah nitip enggak tau diri setidaknya kayak hai kak atau pagi kak aku boleh nitip menpes enggak begitu saja pasti bisa kan terus juga jangan lupa bilang terima kasih itu tata krama yang pasti di ajarkan kok dari kecill bikin jengkel saja pagi pagi,anger,0
wah gila sih ini lokasinya mirip2 selly oal dixy persis pula di pengkolan jalan sayang dulu enggak ada mas2 british kayak begini kalo ada mungkin gue seringnya nongkrong di dixy bukan di perpus,sad,2
dengan selalu ke swt,neutral,3
menurut gue cukup gue gaji di bwh 5jt segitu sudah bisa nabung target gue min nabung 1jt bulan kantor gue di slipi kosan gue di toamang ya kalo naik ojol pp 14rb kosan 750 bulan tempat nya layak banget di cuciin pula,happy,4
selamat malam semoga hari ini bisa dijadikan pelajaran sehingga besok kita enggak melakukan kesalahan lagi tetap semangat karena tuhan sayang kita,happy,4
ya tutup matalah karena pejabat bukan cuma pintar tapi tau etika masa dalam satu kabinet main menyerang berani ya berani tapi etika dimana memang kabinet gundul,anger,0
paling malas banget dapat message yang suka ditarik2 iss masalah hidup lo apa sih,anger,0
aku sedih diputuskan pacar katanya aku sudah enggak tampan enggak mapan aku harus bilang apa akurapopo,sad,2
hepibesdey canteeeekk username panjang umur jadi pribadi yang jauh lebih baik semoga apa yang di cita citakan terwujud dan langgeng sama username,happy,4
balas dendam aowkwowkw,happy,4
bukan ku menghindar atau tidak bijak dalam menyikapi masalah namu hanya saja ingin menengankan pikiran sejenak dan tak ingin mementingkan ego tersendiri,sad,2
enggak tau siapa gakenal wkwk itu jelek sangat mel yang di samping kamu siapa sih wkwk new avatar wkwk,happy,4
satu jam yang sia sia itu akhirnya bikin aku berkaca sama diri sendiri berapa banyak waktu orang lain yang sudah aku sia siakan ketika aku enggak tepat waktu memenuhi janji dengan orang lain,sad,2
jne jnt selama saya pakai entah kirim paket beli olshop jastip dari luar kota sampai beda pulau maksimal 3 hari sampai mau itu dia pakai mobil susah cari alamat bingung enggak bisa masuk kompleks gang meski malam sekalipun dibelain jalan ke rumah sampai paketan terkirim dengan baik,happy,4
kayaknya habis ini mataku harus dimandiin pakai abu biar suci karena habis melihat adegan yang tidak senonoh di mcd yang tidak lain adalah adegan orang yang saling bermesrahan didepan mata huhuuu,fear,1
enggak gue enggak ngetes asjckskdkgjahajdjfa tapi tbh kalo benaran enggak,neutral,3
gue kalo mimpi mengomongnya pakai b ing atau lainnya selain indonesia pas bangun suka capek banget kepala pusing apa banget deh,sad,2
kerana palsu bisnes kami sos aminah hassan mahu kembali,neutral,3
sejak hari itu enggak ada satu orang pun yang gue percaya lagi teman sahabat saudara orang tua bukan orang yang tepat buat gue cerita segala senang sedih bahagia maupun susah gue bahkan tuhan pun sepertinya enggan gue jadikan tempat mengadu,sad,2
we ustzh marah sebab takde orang masuk kelas pai lepastu rupanya dia yang salah masuk link,anger,0
itulah ciptakan kekasihmu kau bisa memberinya,neutral,3
kalo di gandeng surat ijin enggak kalo mukul polisi dong penganiayaan,neutral,3
rumahnya tapi tengahnya tv kamarnya 3 muterin ruangan di situ bentar di teras kan masih terus bilang temenku kok masih sih belum separah kan,neutral,3
setelah kucing gua sudah di steril selama 13 hari itu sudah dikurung dirumah dan hari ini kabur dong main lagi ke rumah sih tetangga sinting ini langsung gua kejar eh berharap enggak ketemu dia tau-tau malah sapaan ketemu amnjing benar deh bangsat,anger,0
kemarin sudah benaran giveup sama dasnut 7materi soal quiz cuman belajar quiz dan lainnya cuman sekedar baca dan enggak masuk otak sudah benaran cuman modal doa pasrah sampai benar-benar pusing karena flu juga pas dapat soal dan tau soalnya mau menangis,sad,2
mau balik kampus menemukan kajur badan malah lemes gaenak badan jadi takut mau ke kampus lagi moga saja enggak kenapa aku,fear,1
hal yang membuat anda kecewa me,sad,2
enggak tau ya aku up lagi kapan lagi enggak enak badan dari akhir januari di tambah bulan ini banyak ujian praktek,happy,4
ku sudah prepare semaksimal mungkin pakai recehan khas anak sekolah macam aku tapi aku orgnya enggak bisa boongan kalo keluarga lagi butuh yaudah aku kasih semua yang aku punya toh mereka juga janjiin bakal balikin tapi ekspektasi kan kadang suka,sad,2
jadi enggak mood buka twitter bawaannya jadi sedih,sad,2
haha semangat kerja ssyangku nanti pulangnya tiati ya,happy,4
gerombolan ngawur bin tolol,anger,0
gue maklumin saja omongan mommy gue dia memang enggak bakal setujuin gue url sampai suka demen cowok umurnya beda jauh ya makanya cari duda mapan berumur saja,sad,2
pagi sudah 2 6jt semangat yang hari ini streaming enjoy streamingnya menikmati lagunya sambil berkegiatan ya biar enggak kerasa,happy,4
isi kepala gue why why why kill my night alias child enak banget muter dikepala terus mark lee lo keren banget,happy,4
oke lanjut siap bukber sama teman kampus ke rumah teman katanya dekat tapi untung gue puasa jadi sabar muacet poll dimana sampai rumah teman baru cuma ada gue 1 orang,anger,0
takut banget loch abaikan muka,fear,1
terkaget dirinya saat tiba tiba disapa seseorang takut jika kau menyadari penyamaran nya saat ini,fear,1
paling benci kalo lagi diam terus panik sendiri enggak tau bingung kenapa senang,anger,0
maklum pak jakarta itu sarang gerombolan radikal tapi ditinggal kabur pentolannya ke mekkah,anger,0
lo 1 3 ini kecerdasan fisik tapi nya kan bego tapi sopan gue atau nih galak pula tapi pintar sih gue 1,neutral,3
masih pagi jangan marah bunda,anger,0
puas banget,happy,4
5 24 wansen beixing enggak ah tapi salahnya juga sih wansen nya begitu wkwk terus gao ge malah bikin paham bpk nya,neutral,3
username baru penumpang yamg mau naik kadang saya suka gemessssss mau turun mereka ini sudah berjubel dipintu iya sih mereka mencari nafkah tapi jangan seperti ini biarkan kami para penumpang turun dulu trimakasih,anger,0
ku bersyukur pas menonton fm boleh ngerekam pakai hp yang enggak boleh kamera professional doang wkwkwkkw tengkyu mecima bando2 juga disuruh lepas semua yang menyebalkan ya cuman orang-orang yang ngerekam enggak pakai hati saja enggak usah ngerekam lewatin tinggi kepala kamu kali serakah amat,anger,0
ini orang wajib dipenjarakan username wajib dilaporkan ini orang yang memecah belah,anger,0
iya aku baru ingat dia dulu pernah lelah menunggu aku yang menganggapnya hanya teman dan saat ini aku yang lelah menunggumu untuk kembali memelukku lagi,sad,2
sabar cuma agak sedih,sad,2
tuhan terima kasih sudah mengirimkan orang yang bisa saya bantu ajar terus saya buat jadi orang yang brnilai dan memiliki generosity mindset,happy,4
desain razer mirip banget mbp malah lebih modern dengan bezel tipis n kemampuan untuk gaming artinya spek lebih baik n desain elegan lama kelamaan hipnotis apple akan pudar contoh nya username,happy,4
dilihat alasan kenapa enggak nantinya,neutral,3
wah parah banget sih sendiri tapi sumpah itu ngebayanginnya saja sudah seram banget kepikiran aku juga sampai sekarang temenmu langsung tanggap banget hebat enggak kayak aku cengo sedih,fear,1
gue jadi takut kalo lihat akun besideperth,fear,1
hari ke enam dikota ketiga dan sudah mulah terasa lelahnya kaki dan kangennya melihat mamah bingung hmm sampai lupa abon yang dibekelin kagak ke makan di,sad,2
alhamdulillah jimin ganteng bangun bangun pagi dapat kabar bahagia,happy,4
kesel banget apalagi di memasuki ke grup enggak jelas begini rasanya emosi banget kenal juga enggak hadeh,anger,0
tolol sekali jek,anger,0
sama kaaak pas lihat ibu bumn auranya agak beda jadi takut ke depannya bagaimana semoga yang jahat segera lenyap dan banyak muncul tokoh2 yang benar-benar berjuang buat negara,fear,1
enggak match barusan sangat-sangat menguras di hari,neutral,3
semoga husnul khotimah di a untuk saudara kita ali banat dan saudari kita razan an najjar dalam memperjuangkan agama allah surga menanti,happy,4
username username username username username username username username username username jangan goblok2 amat bos diketawain kirik nu itu nahdlotul ulama kyai staquf pengurus nu cebong benci islam helloooo cebong,anger,0
ya allah hanya engkau yang mengetahui rasa sakit di hati ini sembuhkanlah ya allah,sad,2
ya karena enggak kuat dan merasa jijik sudah dibegitukan aku memilih tutup akun marah banget akhirnya cuman bisa ngomel2 ke teman-teman dekat tersinggung pasti sudah jelas tapi resiko pakai ask fm anon bisa mbacot sakarepe senang,anger,0
haji faisal tarif rp 5 untuk,neutral,3
akibat pernah lihat plat b bawa kendaraan di luar jakarta ugal2an padahal jalanan sepi kayak dikejer setan bego begitu,anger,0
dan ada satu sikap yang buat ambisnya dia itu jadi kelihatan toxic kalau dia kalah dari teman yang ranking 10 besar lainnya dia menangis aku enggak tau mungkin mnurut orang lain wajar tapi for me ya enggak mungkin aku kalau jadi dia juga bakal sedih tapi just keep itu for myself saja soalnya kadg jengkel juga,sad,2
mencoba bikin pudding percobaan 1 salah bikin ternyata yang kubikin jadinya jelly nutrijell percobaan 2 kubikin berlapis sama jelly ternyata rasanya plain percobaan 3 bikin berlapis lagi ternyata nyampur karena belum keras apa salah dan dosaku sayang sedih,sad,2
sedih banget pls,sad,2
didalam semesta luar ini,neutral,3
mimpi kok bikin emosi orang bikin laper lagi pokok e maadyaaaaang sugeng enjing happy weekend,anger,0
habis fotocopy jilid yang menggelontorkan dana sebanyak lebih dari setengah juta sih owner dengan baik hati menawarkan tumpangan untuk diantarkan ke rumah waaaah alhamdulillah,happy,4
lu ngapa sih galau mulu sedih lu kalo galau banyak diam kalau lagi senang enggak bisa diam mangat dong kak nanas senang itu bisa nularin ke orang-orang loh sedih wkwk,sad,2
kalo enggak dipenjemin duit tuh yaudah begitu loh enggak usah yang lo mah enak bla bla diam saja lo diam sebelum gue gebug puting lo,anger,0
rl ku sumpah messed up ku kira yang online sudah fine fine saja jir taunya ya sudah kecewa banget enggak sih,sad,2
ngeri yaampun,fear,1
german pro globohomo dunno tell me,neutral,3
ih ngeri beredar foto luna maya jadi suzzanna bikin merinding url,fear,1
sebagai tim bubur dengan topping kacang kedele yang banyak saya kecewa dengan pendapat anda,sad,2
memang beda viral curhatan personal assistant konglomerat indonesia yang diposting di acoount twitter nya asli baru kebuka deh pikiran kita tentang orang tajir yang ternyata enggak sombong loh url,happy,4
kalo bohong aku mau marah pokoknya sedih,anger,0
selalu takut kalo mama tau gue habis belanja2 padahal belanja juga pakai tabungan sendiri cuma kalo mama sudah ngomel entah kenapa jadi menyesal sendiri sudah belanja online terus,fear,1
i made itu akhirnya minggu berat kemarin terlewati dan puas banget sama hasilnya minggu depan lebih berat tapi setelahnya libur yuk bisa yuk,happy,4
menghilangkan sifat gengsi enggak jelas yang ujungnua cuma bikin capek diri sendiri karena enggak mau dipandang lenih rendah atau buruk dibandingkan orang lain enggak akan ada habisnya kalo nurutin orang mending coba buat menerima kekurangan dan perbaiki sampai jadi kelebihan,anger,0
thanks denise sudah menghiasi akan selalu kami ingat sebagai mm our super main vocal kerandoman denise keceriaan denise thank you for all sumpah sedih banget denise out dari sn enggak tau alasannya apa kok out tapi mau bagaimana pun tetap dukung sn denise,sad,2
username username sudahlah jangan saling tuding jangan memprovokasi orang lain untuk ribut karena sudah berlalu yang terlintas dipikiran yang mengaku aktivis adalah propaganda buat keributan terlebih mereka yang ada di luar kekuasaan tunggu,anger,0
kenapa kalo au bxg peran mingyu tuh cowok buciin cewenya kalo wonu perannya cowok cewenya tapi kenapa au minwon mingyunya cowok se brengseknya cowok dan wonu tersakiti,neutral,3
pahari samandiai nih badminton di kalimantan gass skuy piala kepala bnnp kalteng turnamen badminton se kalimantan tahun 2022 rangka hut bnn ri ke 20,neutral,3
takut enggak sih,fear,1
nangisin cowok muka pas-pasan dan attitudenya jelek is another level of tolol,anger,0
nih sakti deh,neutral,3
mau apapun yang aing post di medsos ya berarti aing merasa hidup aing sudah cukup bukan buat alesan saria nginjem duit kak aing dan enggak bayar hutang makin sini kayak makin tolol saja memang orang-orang,anger,0
semoga bahagia di surga,happy,4
before sakit pas kerja bb naik turun dari 50 49 48 after sakit jadi 42 huft tulang pundak sudah kelihatan banget tapi gua heran pipi ngapa enggak ikutan tirus,sad,2
percayalah orang kita dan membicarakan hal hal kita,neutral,3
ketidak mampuan aku untuk tidak menangis dan memikirkan itu sulit sesulit menenangkan hati ini,happy,4
gue baru bangun dan semalem enggak pilek tau-tau bangun denis bikin kontrak vine masih sekarang enggak juga kah agensi anehsemoga,neutral,3
habis itu sakit hati tolol banget memang,anger,0
duh gue takut ke si,fear,1
gue juga enggak ada masalah dengan gitasav mengomong tentang sexual harassment nya dia yang jadi masalah ketika dia balas dm nya helmi she si rude,anger,0
terima kasih buat pemilik akun cantik sudah selalu hadir mampir singgah di saat sedih di saat letih di saat suka dan gembira,happy,4
pengin percaya diri buat mens team tapi takut juga kesandung wkwk cuman kayany grup neraka sih inimah,fear,1
wajar aku bahkan baru benar benar bisa pakai laptop di kelas 1 smk enggak harus bisa cepat kok kalau keadaan enggak mendukung ya mau bagaimana gapapa nder semangat mulai sekarang sedikit demi sedikit pelajarin ya ke sodara atau teman yang punya laptop kamu meminta ajarkan begitu,happy,4
banyak banget yang bertanya pas tau di hape ada apps twitter memang masih jaman ya main twitter yaelah hari begini main twitter mengapai mengapai main twitter coba hehe cuman bisa begitu sih ya senyum saja kalo balik lagi main twitter senang,happy,4
ajhshs sedih banget sampai menangis,sad,2
kepikiran bikin beginian dari kapan tahun karena merasakan susahnya cari peralatan bayi tapi dipakai cuman sebentar tapi lihat kondisi daerah sini enggak memungkinkan banyak yang sepi jasa sewanya agak meragukan,fear,1
maklum mereka sudah pada gila semua gila cari untung untuk pindah ibu kota gila cari untung dengan uang pasokan aseng gila cari untung dengan akhir masa jabatan lalu sama sama rampok nkri bangsat,anger,0
jadi gue enggak berani masuk dari gerbang rumah plz itu seram banget diliatin ayam jago nya gede banget,fear,1
bisnis haram nih artis indonesia yang suka banget bekerja dengan uang haram hindari dan jauhi bisnisnya karaoke dll biadab banget mengajak masyarakat kepada hal-hal yang negatif jauhi mereka semuanya para artis yang menjerumuskanmu keneraka jahanam naudzubillah mindhaliq,anger,0
salah enggak sih gue yang habis bayar full poltekkes terus yang gue memasuki yang sbm gue takut dihujat macam lu enggak kesian apa sama adek kelas lo dsb tapikan ini demi masa depan kan gue punya hak sedih takut anjir,fear,1
orang sunda masih partainya arteria namanya,neutral,3
konyol bego,anger,0
saking terlalu banyak mikir terlalu jauh pikiran gue terus jadi takut sakit hati ini the end gue yang menyakiti diri gue sendiri,fear,1
ini belum mulai dm sudah mules takut di block,fear,1
barusan menonton ini sedih melihat il rak jadinya dia benaran anaknya sih ha sok itu atau salah sangka doang,sad,2
lu bego banget deh asli,anger,0
enak pasti,happy,4
sepi banget rasanya wkwk,sad,2
hari ini atau,neutral,3
alergi apa coba kok jadi bintik bintik begini kata sudah karena makan ikan tuna apa karena cuaca yang terlalu panas kali ya uucchhh tersiksa kena garukan,fear,1
ketularan kaget pengawasan enggak beres,fear,1
username hahah asal ada wifi juga dia lah enak yang sudah punya pekerjaan mah bisa ngisi waktu sama kerja apa kabar dengan aku yang nganggur pas liburan sedih,sad,2
7 pas cheongsan peluk onjo demi allah gue sampai teriak jangan pergi ahelah terus menangis 8 pas namra mau gigit onjo tapi gajadi itu kan namra teriak frustasi banget sampai merinding gue karena enggak tau ya sedih begitu 9 pas anak-anak nyamperin namra di rooftop gue menangis,sad,2
ayo kaya kita semangat bareeng 3 ramein opmemnya wixst ya,happy,4
cintailah seorang wanita wanita,neutral,3
enggak malu apa ya,fear,1
jadi kukira laporan2 yang ditulis oleh bahkan institusi internasional tuh akan padat berisi tapi ternyata enggak juga ya coy isinya juga bisa mengaco dan enggak logis datanya bisa benar tapi tafsirnya enggak,sad,2
kemarin mampir ngopi dan mencoba custom shop nya ternyata ensss juga gitar nya pondok labu url,happy,4
enak enggak kalau enggak ya enggak mau,happy,4
gue enggak ngestan sn tapi ikut sedih denise out dari grup semoga sukses terus ke depannya buat denise,sad,2
jinjin rocky enggak bisa enggak apa-apa kok cola tapi kakak deh enggak kalo dulu,neutral,3
adalah ide bodoh untuk sebuah kemenangan,neutral,3
generasi jara pacoa terik pagi tadi mengantarkan saya ke sebuah pantai yang sudah termasyhur namanya di bima yaitu pantai kalaki pantai yang tidak seindah pada masanya sekarang di url,sad,2
dibilang setia itu tuntutan aneh banget anjingg kalo memang sudah namanya sayang mah bakal setia dengan sendirinya tanpa diminta apalagi kalo sudah nikah harusnya punya kesadaran sendiri buat setia sama pasangannya lah tolol banget kesel pagipagi sudah dibikin emosi,anger,0
takut namun berusaha percaya diri,fear,1
jangan terlalu banyak kepo kurang2in kepo cek urg mah entar takut jatuh cinta lagi awas nanti kamu cinta,fear,1
sedih membaca isi twitt anda macam tak ada isinya dan amehnya anda menikmati semua komen-komen di lapak anda ini,sad,2
lo takut juga enggak,fear,1
tadi gue lewat jalan yang aga rame orang jualan gua lihat ada yang dagang baju dan baju itu tulisannya gila mesti enggak sih sampai kayak gitunya kadang gua bingung ya sama orang indonesia enggak pernah ada rasa bersyukurnya,anger,0
happy pendadaran username kamu habis ini kerja yang di kantoran saja ya jangan yang turun ke lapangan panas panasan aku takut kamu tambah item url,happy,4
dua kaos saya yang bergambar mirip palu arit diamankan oleh orang tua saya maklum kedua orang tua saya memang pengabdi setia rezim orde baru tapi ya itu enggak masalah sih senang,happy,4
orang orang bodoh masih mengagungkan seseorang tak,neutral,3
halo semuanya semoga kalian tetap bahagia dan juga tetap semangat nge ba nya ya,happy,4
sedih banget farewell giftnya yeppeoseo sedih,sad,2
username libur tapi ini tugas dikumpulin senin aku takut kalo tida selesai p si sekali lagi mengirim foto yoongi yang macam begituan aku block p si si same energy with this pict djkddjdldl url,fear,1
alhamdulillah pagi pagi sudah dapat kabar baik,happy,4
pano anjing gua kaget,fear,1
enggak tau sejak kapan tiap mendengarkan kucing ngeong sama anjing melolong malem2 selalu ngebayangin ada sesuatu di luar kesal dan bikin gaberani bangun,fear,1
ah kamunya ada-ada hehe tante utamanya belum nih pengin tante hmmhh iya iya tapi disini di kamar tante nih di depan niko hehe deh jaka mereka kemudian dan kamar anisa,neutral,3
nder terakhir 15,neutral,3
donut sepi banget sudah 2minggu ini tapi keganti sama proyekan suami yang ada terus enggak motor ya mobil semoga selalu dicukupinn dan hati ini terus bersyukur kecil ataupun gede,sad,2
marah muluu,anger,0
terima kasih juga buat teman-teman basis username yang sudah bersedia meluangkan waktunya untuk menjadi panitia semoga allah swt senantiasa memberikan rezeki yang halal dan berkah untuk kita semua amin,happy,4
sedih karena belum dapat kabar dari ayang,sad,2
sesuatu pikirkan mu dan menjadi tujuanmu sisanya,neutral,3
wow meniaga angin pon raya bodoh tipu plak,neutral,3
akhirnya bangun siang tapi sih bodoh ini kagak solat subuh,anger,0
masih pagi nih jangan bikin saya emosi,anger,0
kita ikuti abud dimana,neutral,3
gud morning selamat pagi ceria sehat selalu,happy,4
akhirnya ingin berkata juga aku enggak mau sakit kenapa migrain ini harus datang saat lagi byk2nya masalah yang membutuhkan tenaga mikir apalagi bentar lagi harus mudik ya allah kenapa coba,sad,2
username paket saya dengan no resi jb0002742336 tertahan di kurir moh toha bandung mohon untuk segera dilanjutkan pengirimannya soalnya sudah terlalu lama,anger,0
niat ingin tidur di awal karena besok pagi anter ibu negara belanja bahan kue terus lagi dan lagi mesti ke capil ektp gue belun kelar sudah mau 2thn maleen,anger,0
soalnya tiap ketemu yang mengaku suka banget sama muse kalo ditanya oh suka muse suka lagu muse apa supermassive dan starlight mas pergi jauh2 kamu,anger,0
liatliat tweet jangan kaget jangan anggep alay namanya juga bot jangan menyesal sudah baca entar gue kasih panserpis kok botbot,anger,0
pas mlaku ijo dikon ngucapke habede tau ilopyu jangan marah ya tau tur nek pas oren kok kon ngucapke ngene njuk boleh mengomong kepie gek lanang,anger,0
kemarin buku ini sempat di twit oleh mas agus noor untuk tagar nya senang begitu lihatnya biarpun gue anak murtad deh sejuta tahun lamanya enggak menulis fiksi url,happy,4
padahal yang suka marah marah itu lo,anger,0
ya kalo merasa ngumpul nya kurang kan bisa ngumpul tempat lain misalnya dirumah siapa begitu biar lebih leluasa ya cuma kalo bukber di rumah orang kan enggak enak juga apalagi yang datang 20 orang lebih huhuhh jadi yang mau pulang ya bisa pulang,sad,2
bang tombyyyyyyy apa kabar lama enggak menampak sehat selalu ya ayo ikutan bang alhamdulillah kabar saya baik dan masih wangi,happy,4
jadi sehari sendirian dirumah lagi mendengarkan lagu pakai speaker eh tbtb mati sendiri padahal dipakai sambil di charge dan biasanya kalo low juga ada tandanya begitu kan ya seram deh abistu teringat film sabrina itu senang lalu ada yang bilang begini url,fear,1
kok set baru semalem juga di go 375k set malah biasanya di bawah juga kalo 150k overprice apalagi 250k dulu kak uangnya tapi seller enggak,neutral,3
berhari hari tidur jam 1 jam 2 terus kayaknya memang bawaan saja enggak bisa tidur cepat enggak tau kenapa padahal capek tapi gedebugan doang enggak bisa tidur,sad,2
balas dendam dengan cari ini memang paling elegant,anger,0
iya cakep emosi nya dapat banget pagi pagi,anger,0
eh iya benar aku kemarin kepilih buat ngisi acara rapat kan nah aku takut kalo mengomongnya belibet terus aku meminta sama allah biar dilancarin semuanya dan benar allah lancarin semuanya sampai acara selesai,happy,4
di sini masih enak banget sih bosnya keluargnya enggak tau bagaimana kalo doi benaran kerja ke tempat yang benar-benar profesional kaget sih pasti wkwk tapi bagus,fear,1
pekerjaan tidak boleh mengganggu hobi hobi tidak boleh merugikan pekerjaan mari berolahraga tweeps username username url,happy,4
pernah teman enggak terus kalian mendem confess atau bagaimana,neutral,3
tetangga ku baik baik semua agak kepoan sih tapi masih batas wajar enggak kepo2 banget suka tolong menolong murah senyum pokoknya betah deh,happy,4
bagaimana nusantara sekarang juga kita barang barang kita anggap luar catatan sejarah adalah potret waktu sejarah,neutral,3
hari ini jadwal presentasi proker di lppm karena ada praktikum jadinya pak ketua di temani sekretaris 1 tapi selaku penanggung jawab ada di sekretaris 2 jadi deg deg an ini bismillah pak ketua btw pengin upload foto pak ketua tapi jangan dulu ya,fear,1
kalo tema arus arok dedes sih,neutral,3
laptop sudah 6 tahun jam awet sampai 3 tahun baru bterai mati sepatu awet sampai 2 3 tahun tapi enggak sampai rusak kadang sudah beli suka addict kalau sama sepatu,happy,4
pln memang php surat edaran maintain daerah a sampai jam 1 tapi sekarang sudah jam 2 40 listrik belum hidup juga kalau telat dikit bayar tagihan langsung denda ini kalo mati listrik mulu dapat potongan enggak username,anger,0
semangat om podo saja iki kene lagi usum,happy,4
sepertinya semua orang diwajibkan menjadi bunglon di negara antah berantah ini apakah ini konsekuensi dari sistem pemerintahan presidensial tapi penerapannya l sistem pemerintahan url,sad,2
bismillahirrahmaanirrahiim joe biden kritisi ikn tapi pemimpin negeri ini kan pdip memaksakan ikn paham rtl,neutral,3
risol kenapa enak banget ya,happy,4
cukup sehari kalau kelamaan kemudian betah nanti malah repot terima kasih cakleg username rumahnya selalu jadi tempat singgah yang menyenangkan,happy,4
aku suka kepipinan muda yang diisi oleh orang muda tapi sayang kenapa join ph,sad,2
sedih banget ya,sad,2
2in hehe fix ini enak banget,happy,4
untuk jiwa jiwaa,neutral,3
having faith is a bless atau ke bikin dan dibikin enggak,neutral,3
ke suatu daerah dijamin kerumunan enggak masyarakat kuncinya ke daerah mereka ke daerah,neutral,3
takdir tahun ini berulang tahun dengan keindahan alam yang menyejukkan serta tempat-tempat bersejarah sesuai keinginan hehe terima kasih tim ici adventure pekanbaru atas kegiatannya bahagia,happy,4
ada saatnya sakit hati itu kita menikmati dengan cara kita menangis salah satunya gembira pun bisa jadi alternatif lain yang terpenting semua itu bisa kita lewatin walaupun gagal,sad,2
ada anak sama habis perpisahan atau semacam wisuda sekolah foto bareng sama teman temannya sejawat dengan pakai kebaya lalu di post di ig dengan caption nanti siapa ya yang bakal nikah duluan ku langsung tertunduk lesu dan seraya ingin minum extra joss cuk,sad,2
aku bingung mau sedih atau senang i vote for for the at the sedih,sad,2
banyak yang paling kuingat pas mau bayar kuliah beberapa tahun lalu waktu pembayaran masih agak lama tapi kubilang 3 hari lagi deadline hanya karena ingin cepat nyusun jadwal beberapa jam kemudian beliau telpon kalo duitnya sudah dikirim,happy,4
keinginan dan makanya zombi,neutral,3
dulu sering ngumpulin uang untuk main diwartel buat telpon boneka poci yang bisa bahasa inggris sama indonesiamitosnya bisa disamperin,happy,4
muhammad ali lebih dari sekedar petinju ia muslim terbaik manusia terbaik di era modern teguh berprinsip namun lembut pada penggemar amp,happy,4
sedih bestie habis makan enggak disuruh minum sama moots,sad,2
hal yang sedih pagi ini adalah saat aku merasa kasihan sama diri sendiri saat sadar diri banyak hal yang harus diperbaiki saat sadar kalo aku enggak boleh terus an kayak begini saat aku harus lebih berani untuk terima perubahan saat aku harus menguatkan diri untuk sekedar mencoba,sad,2
username setidaknya beri saya kejelasan uang saya dan langkah2nya ketika nasabah memiliki problem seperti ini sudah satu bulan lebih loh tolong yang bank mandiri terutama untuk kantor cabang sabang jakarta pusat,anger,0
jujur saja saya sedang mengalami kejenuhan di zona yang sekarang mulai jenuh dengan keseharian orang-orang yang cuman itu2 saja obrolan yang itu2 saja dan semua yang itu itu saja,sad,2
kalian pernah enggak sih merasai bagaimana rasanya telponan sama orang berjam jam videocall setiap malam share with them padahal bukan siapa siapa dan dia selalu meluangkan waktu buat bertanya how was ur day sesibuk apapun dia,happy,4
mun ujar jhon tralala semangat cantik,happy,4
kamu nyinyirn ku sama antek2 nya berharap ku marah tenang ku punya jurus jitu ku balas pakai solawatan dzolim kesel sendiri kan hahaha,anger,0
khawatir tidak jelas,fear,1
makasii lu juga semangat ya,happy,4
haai sender selamat pagi aku mau memperkenalkan anak aku namanya kaitlyn yang bisa banget kamu ajak food date mcflurry hari ini loh kalau untuk varian mcflurrynya kaitlyn suka yang mana saja kok atau nanti kamu bisa obrolin lagi sama kath ya sender,happy,4
terus fakta lainnya adalah kakel gue rumahnya searah sama rumah gue pernah pulsek dia lewat jalanan rumah gue anjrit gue di belakangnya kaget lah kok dia belok kesini,fear,1
aku yakin aku akan bahagia jauh lebih bahagia ketimbang dulu aku bahagia sama kamu aku pasti bisa dpetin bahagia itu pasti pasti pasti,happy,4
patut kali aku buka hati aku untuk terima orang lain tapi aku takut at the end dia berubah hati angin kali deh tup2 jeng2 we re not meant tapi be together,fear,1
beh mangkug tut bah malu nae,fear,1
pemantauan dan sosialisasi di wilayah krb iii dengan melaksanakan patroli rutin tetap semangat dan tetap waspada url,fear,1
langsung mewek baca thread ini keren maksimal usaha semua orang dalam misi penyelamatan sampai harus ada yang gugur url,sad,2
bersin dikit gue parno pengin swab astaga benci banget omicron bikin hidup enggak tenang,anger,0
tiap kali nak marah mesti kena macam nih hahah takpela tak jadi nak marah,anger,0
aa sedih banget progja sudah selesai semuaa hwaa enggak mau udahan kkn nya,sad,2
sedih banget teman gue,sad,2
ter oon memang ada yang 540 kenapa download yang 720 sih habis kan 1gb padahal buat download about time eps 06 sama miss hammburabi eps 06 juga,sad,2
emyu sedang melu ngab,neutral,3
gue juga dibebasin dulu sama bapak mau main sampai jam berapa tapi kalo sampai pagi ya tau diri saja bapak enggak marah yang was wes wos tapi diam ini mending ada yang mengingatkan karena sekarang ya taulah enggak ada tempat yang aman buat kaum hawa,anger,0
ketika sudah lama tinggal dijakarta dimana masyarakat disana pemahaman akan antrian sangat tinggi bahkan tanpa ada tulisan mohon antri pun mereka sudah paham bahwa budaya antri itu ada dimana mana,happy,4
dulu saja waktu jadi timses jokowi anies di banggakan sekarang giliran di dukung oposisi pemerintah di hujat url,sad,2
selagi aku masih baik silakan datang dan pergi seenakmu saja tapi ingat suatu saat aku akan berubah drastis jadi jangan tanya kenapa aku berubah tanyakan saja kepada dirimu sendiri senang,sad,2
seminggu enggak on,neutral,3
ketika menghampiri ikuti pertanyaan rasakan kamu untuk mempercayai,neutral,3
ada saja ya yutuber kesannya review barang tapi kalo dia indak suka sama barang itu ya jadinya menjelekkan wkwk tapi selalu bilang tidak menjelekkan pendapat pribadi saja sambil terus ngulang silakan kalo mau beli saya sih enggak mending dibelikan apalah yang kesannya lebih berfaedah,sad,2
selamat pagi tapanuli utara semoga semua sehattttt,happy,4
tapi senang juga karena username secara langsung merilis mini album pertama rilis 6 april pada waktu perkuliahan semester 6 dan terdapat 6 lagu di dalam ep tersebut this how itu works,happy,4
aku baru bangun tidur langsung lihat ada kabar baik alhamdulillah jimin sudah sembuh,happy,4
dia memang begitu aku juga greget gemas soft banget di rl tapi kalo lihat film dramanya kaget sekeren itu,happy,4
pagi2 sudah di buat emosi senang,anger,0
pagi lagi dah kena spam ending aot dengan demon slayer dekat tiktok murung weh sabtu nih,sad,2
tapi child enak banget sih pas sama suara mark lee,happy,4
astungkaraa oh gara-gara ini sedih,sad,2
kayanya enak banget deh,happy,4
pagi siang dibuat jengkel antri lama di rsu siang sore dibuat jengkel salah paham dan buru buru ke solo sore malam dibuat jengkel mau kesebuah lokasi ancer2nya enggak jelas selepas taraweh bareng fisika 2014 jengkel dari pagi hilang langsung mood balik bikin senang,anger,0
anjir ini anak macam apa eike saja mengidam ayam wow tinggal gofood enggak nitip2 kesiapapun 19 tahun mah mengerti kali teknologi kayak bagaimana ini antara dimanjain enggak ketulungan atau enggak cari perhatian orang tua tapi caranya bocah banget,anger,0
aku benci tahun ini,anger,0
masih juga bego dia dihukum atau ditembak enggak masalah dan enggak ada yang bela nah sibangsat cabul kabur padahal yang bela 7jt orang tolol masih enggak berani juga balik kenapa kalau waras berpikir pasti kau tau jawabannya url,anger,0
adalah paling di orang tapi orang akan jika melakukan,neutral,3
lu harus tau rasanya sedeket itu sama orang gila takut banget gua tuh terus teman gua ternyata dengar dia bilang wah gede juga ya pahanya yalord aing teh cuma mau piknik naha ada geginian terus akhirnya gue nelpon teman pakai mengomong seakan akan dia bapak gua dan nyuruh jemput sedih,fear,1
intinya ketika kamu yakin dengan semua seleksi yang bisa kamu lalui igtt masih masih ada seleksi alam yang enggak terduga ujiannya dan kita enggak tau itu sulit atau mudah,sad,2
sekarang gue kerjaannya cari info cara ibu yang baru melahirkan buat refreshing karena kalo enggak refreshing tubuh enggak bisa bohong enggak sih takutnya drop dan malah ngaruh ke sih bayi,fear,1
ini bagaimana sih ngerasanya kosong begitu tombol ekspresi entah dimana dkit lagi kalo ada yang tiba-tiba nemu terus kepencet kayaknya aku langsung meledak ini mah bahaya,fear,1
saat terjadi sesuatu jangan langsung kau tunjuk musuhmu sebagai biang keroknya pelajari dan dalami dulu jangan langsung menuduh itu juga fitnah namanya jika memang dirimu tahu dan ada bukti tampilkan ke permukaan jangan hanya bisa menilai dengan asumsi,anger,0
menjijikan sekali sedih kesel marah sedih takut ngerrriii ah,fear,1
malu banget makxskxj mau pacaran sama hyomin anjay,fear,1
dari mau tidur tidur sampai bgn tidur kok ya kayak merasa aneh enggak enak hati sudah dibawa istighfar masih saja bgn tidur kayak sedih kayak mikir enggak puguh ini kenapa banget coba sedih,sad,2
uang kita tapi ngobrolin rencana2 bisa bikin kita,neutral,3
selamat sore raper tampan senang,happy,4
tahajud dhuha tiap hari powernya di luar nder,neutral,3
semangat mar,happy,4
malunya gkpp kita,neutral,3
haha 2 change be 5 feb kaw kaw sih suami tak sih isteri ayah kahwin tadi ini harini adalah my 2nd sis,neutral,3
no 3 sama 4 tolol banget bngst,anger,0
oh begitu ya kalau gue mah dari awal gue masa bodoh dengan corences gue enggak meminta ya tapi kalau gue mati dibunuh dia gue ora urus berarti itu memang suratan takdir gue sampai sekarang saja gue anti vaksin kok dari awal gue anggap corences itu sama dengan flu kalau gue ada gejala cukup gue menjauhi orang saja,anger,0
username seperti kata pepatah tak kenal maka tak sayang berarti kalau sudah kenal apa boleh disayang lho wkwk btw kalau aku jelasin memang mas nya tau wwk jadi kapan berkunjung ke planet ku bekasi hahaha,happy,4
sale pisang 8k ini enak banget dom tangerang 5 qa link toko ada di bawah ya,happy,4
enak dong enak tuh p hapy lunch late,happy,4
good morning semangat harus semangat pokoknya semangat mencari rezeki,happy,4
kalo boleh jujur gua kadang merasa sebel sama itu orang tau kok kalo memang cinta banget sama w1 tapi enggak usah sebegitunya sungguh bnrbnr enggak mau kalah banget sumpah,anger,0
apalagi bodoh,anger,0
mau genre apapun kalo ceritanya bikin sedih aku pasti menangis ini tadi aku nangisin zombie di all of us are dead senang,sad,2
semangat ya dirimu tak takut tetap berjuang,happy,4
ya bagaimana sih yang awalnya gasuka tapi kalo diperjuangin terus jadi rada suka begitu berarti dia benaran ya tapi kalo sudah diperjuangin jangan kurang ajar sudah diperjuangin eh malah pasif kasihan yang merjuangin tuh,anger,0
emosi ya,anger,0
username username username budayakan mencari dan membaca sebelum bertanya ya sudah pernah dijelaskan berkali2 kok senang url,anger,0
lorr sih pernyataan covid 19,neutral,3
jalan jatibaru bagian dari wilayah tn abang pengaturan wilayah tgg jawab dan wwnang gub tng abng soal rumit sejak gub2 trdahulu sekarang sedng dibenahi agr bermnfaat semua pihak mohon yang punya otak berpikirlah dengan wajar kecuali otaknya butek ya kamu url,anger,0
haha kasihan juga kepada akun ini belum sembuh juga sakit dendamnya sepnjang hari kerjanya usilin anies dikiranya anies aware egp padahal konco2nya sudah banyak yang insaf yang ini belum tunggu struk url,anger,0
aku mengadu ke dia dong tatang marah mengajak aku ke tempat ayato disana dia langsung ngomelin ayato lu jadi ketua kelompok enggak becus banget sih malah anggota lu yang nyariin buat ngajakin kerja kelompok sampai babak belur begini diboongin preman sekolah,anger,0
kalau memang mau negakin syariat jangan setengah2 dan yang enak saja orang-orang kayak begini yang bikin citra poligami buruk dimata orang-orang banyak orang jadi nganggap poligami karena sangean doang bikin emosi,anger,0
kalo gugup tuh rasa nya kaya sudah mau mati gara-gara enggak bisa nafas,fear,1
takut ah tapi wkwk,fear,1
username sebenarnya 2 kubu sama saja doyan mempolitisir agama apalagi keluarga wiro sableng parah begitulah nasib bangsa negara yang tak melewati abad pencerahan enggak bisa move on dari agama,anger,0
bingung 1 dibuat bundling dan semuanya ditawarkan saat weekdays momentum di mana harga harga hotel di singapura bertarif sangat tinggi,sad,2
ketika lu menganggap sexual harrassment itu wajar berarti lu l nte alias lu senang kalo ada yang ngelecehin lu via vallen speak up itu sudah tindakan yang paling benar menurut gue sebagai warning ke laki-laki lain enggak semua cewek bisa diperlakukan begitu,anger,0
semangat qq,happy,4
hari ini ibumu sudah berusia 29 tahun ulang tahun ke 2 tanpa ada kue drku dan aku di dktnya qyara kau tau begitu inginnya aku selalu ada di setiap moment dalam hidupnya betapa aku ingin hadir dalam segala hal yang menyenangkan dalam hidupnya tapi tak bisa kulakukan itu sayang,sad,2
tahun 2024 bangsa ini pks negara indonesia bisa syiria irak yaman iran afganisthan indonesia bosan kan adem ayem kan bercinta kita truss gadis kita bisa,neutral,3
ya begitu lah hidup di cluster coronces tiap hari panik selalu ada yang positif,fear,1
ya kalau mau jodoh yang baik yuk perbaiki diri ini berlaku terus biarpum sudah menikah supaya tetap baik seterusnya,happy,4
pura army dan pura baru meletoy i as the at the 2022,neutral,3
username tambahkan ya cantik kayak lihat malaikat enggak punya kelemahan sempurna banget hidupnya baik hati dan tidak sombong rajin menabung paling bahagia,happy,4
wah kasihan kucingnya pasti sakit deh di ha ada semut keinjek kucing memang ada yang kcelakan,sad,2
setuju sudah banyak setan yang ber sorban ngaku2 ulama hadits yang di ucapkan hadits2 palsu,anger,0
salah satu efek merapi sama bom bagi orang yang mau bikin event negara lain takut ke jogja dan indonesia karena jadi aku lagi ada event internasional dan beberapa negara belum konfirmasi karena takut sama merapi sama teror juga moga merapi lekas reda senang moga enggak ada bom lagi,sad,2
alay but pkn se enggak suka itu aku sama pkn dan kebetulan dikasih tugasnya banyak banget terharu,sad,2
tapi masih sepi basenya belum ada lagi mainin pasir kucing,sad,2
otomatis lah gue marah gue jelasin juga ke teman gue kalau gue enggak ada sedikitpun niat buat merebut pacar teman gue sendiri kayak enggak ada cowok lain saja hih,anger,0
sedih tapi tetap happy kiyowo because baekhyun is there,happy,4
blio juga yang kasih pernyataan ofensif ke menag pas lagi rapat dengan dpr tentang travel agent umroh haji well ketahuan lah ya seperti apa kapasitasnya,anger,0
kaget masuk topik,fear,1
subhanallah setelah ngetes anak mi yang sudah khatam al qur an baca surat pendek dan lancar bupati hebat sekarang kamu mengomong sama pak bupati mau hadiah apa apa saja boleh tinggal mengomong saja nanti pak bupati kasih siswa aku minta hadiah doa saja dari pak bupati,happy,4
ku ingat ayahku yang berpulang hampir 3bulan lalu kalo ada kesempatan sekali lagi rasanya aku enggak mau ada yang waktu yang kebuang bersama ayah,sad,2
tapi tanpa apapun mitsuhiko tsuburaya,neutral,3
adalah dengan dan mengeluh dengan dihadapi,neutral,3
bodoh banget enggak sih,anger,0
wkwkwk tolol,anger,0
dari dulu kalo punya peliharaan dirumah selalu deg deg an banget kalo dia lagi mls makan takut kenapa kenapa terus sakit gue nya jadi ikutan stres kalo begini kan,fear,1
bagaimana pengin kehidupan,neutral,3
rumor seperti ini umpatan apalagi bagi partai oposisi untuk mencela citra sosok presiden ir h joko widodo enggak banget deh lu,anger,0
ku lak dolan pondk mojo area pethok keniten bendo mojo lho malah seng iku keniten pernah soale ku mas,neutral,3
benar banget gue exol dari jaman overdose pas orang tau gue exol pada bingung begitu kok gue masih suka sama mereka padahal mereka sudah enggak terkenal dan sudah tua pengin banget gue sumpel mulutnya pakai kaos kaki gue enggak jawab karena takutnya jadi ribut langsung gue tinggal saja,anger,0
pada saat itu aku mungkin berpikir bahwa kami semua sudah ikhlas namun sekarang aku sadar bahwa pada saat itu kami sama sekali belum ikhlas,sad,2
vedevah kartu multi trip malah jadi enggak jelas penggunaannya mengapai gua isi saldo buat kmt kalo akhirnya tap suruh beli kartu thb etttaaann,anger,0
oii mangkuk sebelum ph 22 bulan pun harga ayam lat tesco memang 5 99 bahalol untungla kontol bodoh free,anger,0
terus satu lagi bunda anak asuhnya aku satu lagi hiperaktif jadi suka hilang hilang begitu ya namanya anak maklum tapi capek juga enggak sempat ngerjain pekerjaan lainnya kalo harus menunggu anak yang satu ini help me,sad,2
life style perubahan gaya hidup pola makan utamanya yang santai dijalani membunuh tanpa disadari konyolnya mayoritas enggak peduli nanti kalau sakit desperate menyalahkan genetik atau faktor kali url,sad,2
mau dong mutualan beb akun baru menetes masih sepi banget sedih,sad,2
dulu maba pernah pulang ngelewatin perbatasan provinsi jam 9 perbatasannya tuh bukit begitu paling truk2 dan jarang motor samsek enggak dan pertama kali motoran berjam jam ke luar,neutral,3
iya aku lihat ini di berita sedih banget bapak e menangis,sad,2
chaki nih buatmu aku bete banget deh kemarinan waktu kamu ngebet mau jodohin aku sama kak heeseung kaget puool taunya pernah jadi teman satu oa ku kelakuanmu beda maksimal real,fear,1
pernah pada saat itu punya tipe cewek yang harus gua pacarin tapi lagi lagi kandas ditengah jalan setelah itu mulai berpikir kalo cinta ya cinta saja tanpa alesan syarat,sad,2
aku beberapa hari yang lalu habis isya ketiduran kan ya bangun bangun kok enggak bisa gerak ketindihan kalau kata orang seram banget deh,fear,1
username kepada yang terhormat username username mohon untuk di kroscek pemesanan saya nomor pemesanan sensitive no karena sudah 3 hari status masih di merchant,anger,0
exol juaranya maluin fandom,neutral,3
mimpi zombie terus drama banget lah sedih begitu akhirnya gja kegigit dan jadi zombie tapi zombie yang sadar begitu bisa ngendaliin diri terus ada anak svt lupa siapa,sad,2
sebelum situng diralat sedih tegang,fear,1
bersabar dengan emosi yang ada di dalam diri ini,anger,0
h 10 kamu saja yang kembali biar aku tetap disini dia memilihmu untuk apa kupaksa berbahagialah karena aku tak akan mengganggu lagi berhappylah bersama orang yang katanya kau cinta selasa 5 juni 2018 berjan gebang purworejo 23 05 wib,sad,2
selamat pagi ya jangan semangat,happy,4
lah anjir kalo sudah biasa manggil adik mah adik saja kali enggak jelas lu anjir memang lu saja aneh masih cari pembelaan,anger,0
pengin bisa sambil jalan jalan tapi gaji,neutral,3
sedih banget aaaaa,sad,2
jimin sembuhjimin bisa melakukan aktivitas sehari hari,neutral,3
padahal tinggal bilang maaf saja sudah cukup bikin gua buat biasa lagi kok sedih,sad,2
aku bukan siapa siapa nya tapi kok ikutan sedih ya senang,sad,2
juli tak terlihat ke mana,neutral,3
pagi pagi lihat orang bikin pie kelihatan enak banget enggak taunya slime day ruined jengkel,anger,0
mengira saya saja yang enggak suka seblak nyium aroma ya saja mual,fear,1
rindu sekali dengan ipe rindu tempat saya menangis orang yang saya jadikan alasan untuk suka dengan buah naga foto ini diambil ketika kita memperjuangkan ugm dan melepas penat belajar ke pasar kangen yogyakarta,sad,2
enggak tau tiba tiba gue takut saja kan ya pas menengok tau tau thomasnya mengajak gue mengobrol bagaimana ya allah pengsan lah aku jadi gue balik saja deh bantalnya begini,fear,1
username memikirkan blunder nya saat bulan puasa kok menuduh username username sudah melahirkan 2 koruptor besar url,anger,0
berkumpul dengan teman teman sampai yes sampai yang pernah berjuang bersama 14 tahun yang lalu sudah jadi bapak dan calon bapak saya sih harusnya sudah jadi calon bapak juga kalau saja tahun lalu iya tahun lalu ah sudahlah haha,sad,2
sih dibujuk tapi waktu waktu dulu baru dibujuk,neutral,3
username username rejimpanik ulama kami kalian kriminalisasi saudara kami kalian bacok rumah sahabat kami kalian lempar bom mobil bunda kami kalian bakar maunya apa sih kami tidak akan takut apalagi mundur,anger,0
rasanya tuh enak banget kalo di gadoin apalagi kalo habis dari posyandu begitu suka dikasih terus gadoin bareng sama teman-teman,happy,4
secukupnya seperlunya sekedarnya sebanyak,neutral,3
kalo enggak lu username mbak muth yang ngeblurrr wkwkwk ada saja sih yang ngeblur foto terakhir semuanya blur nya wkwk url,happy,4
ah alibi siamah bebeja weh teu bisa menahan sange embung coli jadi weh predator emosi pagi pagi,anger,0
jebal kajja sedih banget pas dia mengomong kayak begitu,sad,2
jujur gue enggak pernah mengomong sama ini orang terus tb2 jadi closefriend nya dia di ig dan setiap malam gue menyaksikan dia lagi mabok mabok ria bersama teman temannya aku kudu piye,sad,2
pagiku cerah ku market ku hijau hijau,happy,4
lagi berada di fase pengin menangis tapi enggak tau kenapa bawaanya sedih saja padahal enggak ada yang menyedihkan,sad,2
tl nya sepi sedih,sad,2
lintasan waktu danilla 2017 nci panutanq kelihatan true colornya disini tapi gue suka banget kayaknya rada2 keinspirasi sama mac demarco lagu-lagunya dan memang enak banget enggak heran kemarin jadi nominee ica tapi sayang saingannya album2 pop senang gue suka entah ingin kemana laguland aaa url,happy,4
pembenci paling pak dan kepada pembencinya enggak terlintas sedikitpun dan beliau muhammad saw saat dibenci oleh yahudi hindun begitulah rahmatan lil alamin,neutral,3
congratss nderr mau banget dong nderr sedih banget sudah senang keterima ternyata penipuan perusahaan gede lagi mau menangis,sad,2
pengin makan seblakk tapi lagi irit duiitt takut enggak cukup sampai akhor bulan wkwkw,fear,1
ml tadi brawl bingung kok valentina akhir enggak copy hero ternyata buildnya mengaco ini video toktok ngide pakai hero mage tapi build mm berkali kali di ingame di loading,neutral,3
baru mengirim bekasi,neutral,3
ini satu2nya bapak sehari sebelum pernah mukul istri atau kamu,neutral,3
anjir kenapa apkl gojek harus ada nomor telp nya sudah kayak bpjs saja no telp wajib enggak sekalian tuh wajib nama orangtua biar bisa ijab qobul kesal,anger,0
ahahaaa khas buzzerp jokowi menuduh orang mau dituduh marah,anger,0
menteri bumn erick thohir menggagas tani et bertujuan membumikan bertani kepada masyarakat bisa menghasilkan pertanian secara,neutral,3
pernah tak begitu tapi dan tawa,neutral,3
pikirkan kegagalan kemarin hari ini diraih selama masih,neutral,3
sepi aneh kayak ada yang perhatikan tapi enggak ada sapa,fear,1
enggak katla enggak wordle yang hari ini bikin tegang semua,fear,1
kak terima kasih banyak yaampun denise sedih banget,sad,2
itu serius mbak denise keluar sedih banget tolong walaupun gue bukan fansnya ss tapi gue ikut sedih,sad,2
kalean apa bangsat,anger,0
hari ini enggak semangat gara gara belum di mengucapkan selamat pagi sama ayang,sad,2
username pernyataan sandi ini mulai waras mas gun persoalan radikalisme jauh lebih besar dibanding persoalan elektion selama ini aku bnykn mau muntah dengar statemen sandi kali ini oke tapi username jangan hanya pintar bikin statement tapi juga harus aksi dia ekse,fear,1
ya pagi pagi luar biasa,happy,4
dimaksud oknum habib walaupun oknum habaib toh begitu kok nya,neutral,3
baru banget beres baca dibawahnya ada bonchap dong enggak bisa ngeclaim lagi l bagus banget au nya aku suka dan jarang banget nemu au seokjin thanks,happy,4
di hening bising untuk telingamu di kepalamu berisik,neutral,3
is astaga pengin beneh mencok aaaaa sesantap is asinan enak jua gaknya sabar len masih belum buka puasa masih lama,happy,4
pembenci paling pak jokowi dan kepada pembencinya enggak terlintas sedikitpun dan beliau muhammad saw saat dibenci oleh yahudi hindun begitulah rahmatan lil alamin,neutral,3
gilsssss pegawai username distasiun parung panjang pelayanannya enggak ramah ngetssss duh maaf mbaknya lagi enggak mood kerja ya apa lagi berantem sama cwonya aku cuma bertanya ajaaaa jawabnya nada tinggi malah enggak tengok sama sekali,anger,0
pagii mau ngenalin anak lama yang aku pribadi suka banget sama backstorynya karena kayak fabel xixi ini malam sama senja dulunya mereka hewan asli lho tapi dewi bulan dan matahari ngerestuin mereka jadi manusia karena beberapa hal,happy,4
pasaran kak merusak pasar wkwk,neutral,3
haah bisa didapatkan berkali kali hela napasnya mengudara berpuluh ia untuk mengetahui kasusnya bahkan database nya berulang kali mengirimkan kasus,neutral,3
salah sendiri baperan tolol,anger,0
apa cuma gua doang yang mengakak menonton username saat username tanya sama ali mochtar ngabalin hahaaa simpulkan sendiri wkwkk bang karni paling bisa,happy,4
si enggak sekarang you re undergoing changes and si tapi have everything agak kelabakan at first,neutral,3
jangan ngecengin gua lagi ya gaes username username username orang ini sudah ada blog nya juga ya walaupun nulisnya enggak jam 2 dinihari sih,fear,1
suka kesel enggak sih ketika sudah dibantuin tuh enggak bilang terima kasih bukannya gua mau ngemis ucapan terima kasih tapi kayak sifat lo kesannya jadi jelek di gua apa susahnya mengetik terima kasih begitu apalagi lo meminta bantuan sama orang random ketemu di internet,anger,0
noo eter niat mau mencari kembarannya malah sedih banget,sad,2
emosy deh sama cowok yang suka bertanya begini mangnya semua cewek cuma mau naik mobil kalo misal dulu pernah punya pengalaman begitu sama cewek ya berarti memang cewek itu bukan target pasar lo soalnya cewek juga biasa kemana2 naik ojol broo,anger,0
username maaf nih min paket saya kenapa lama banget ya padahal saya butuh banget ini karena saya ngejar keberangkatan dari kemarin sudah sampai gempol kenapa kok lama padahal saya di pasuruan kota,anger,0
pasar lagi sepi sedih,sad,2
alhamdulillah kalau nanti balik lagi panik banget tadi tapi bersyukur saja deh,happy,4
uaa naf thank youu wowkwow tentu saja pastinya dong,happy,4
sulit menerima kenyataan memang bahwa ada sebagian yang menganggap ketika kita berinteraksi dengan satu orang dari satu golongan tertentu kita langsung mengatakan golongan tertentu sesaat tanpa kita mempelajari secara utuh dan mengklaim diri kita paling benar,sad,2
semangat wkwk,happy,4
negara memang suka begitu ya ada isu satu yang gede dia bikin kebijakan biar bikin pecah fokus itu isu anak pak lurah deh hilang gegara ikn ini isu wadas hilang lagi nih gegara jht cuma bisa dicairin pas usia 56 tahun jago banget memang main caturnya heuheu miris nasih rakyat,anger,0
woohh tuh caakk labu siam kan ukuran atau lalapan biasanya lu,neutral,3
ih padahal enak yang beras merahh malah diganti syeddih,sad,2
kalo habis saur suka langsung kulsub kuliah subuh habis adzan subuh sudah nya main sampai matahari terbit patariktatik lodong sama anak rw sebelah,happy,4
iya itu di sana takut,fear,1
mesti itu mirip sama wajib ya ya enggak juga sih kalo dibilang mesti kalo memang mesti mereka yang maaf enggak bisa punya keturunan bagaimana senua tergantung niat awal menikah niatin saja buat ibadah kalo diniatin nya mau punya anak nanti pasti kecewa kalo enggak dikasih jadi ya was saja,sad,2
gue mau pencitraan ah kalo ada orang yang bertanya di grup angkatan bakalan gue jawab meskipun gue enggak tau wkwkkw jadi tenang saja temund2 yang malas bertanya sesuatu digrup angkatan karena takut dicuekin kalo misal enggak ada yang jawab pasti gue jawab kok,happy,4
seminar proposal stay positive work hard and memakai itu happen terima kasih teman teman semua your presence is more tahan enough semangat,happy,4
pernah dan ini derby della madoninna milano siamo noi momen derby della madoninna kapan tak terlupakan kalian,neutral,3
hai para penghujat kpopers aku pikir musik itu selera kayak makan mie instan kamu suka mie sedap aku suka indomie aku suka korean kalian suka pop ada yang dandut and more simpel sekali hanya masalah pilihan yang nyaman di telinga saja kok,anger,0
buat kalian yang butuh epha app prem yang murah fastrespon dan suka kasih promo aku opres batch 2 sampai full member nih mau intip pl atau mau nanya2 dulu bisa banget rep saja nanti kuketuk dm nya 3,happy,4
orang kalo di bicara mengomong hah,neutral,3
tamsil islam nusantara karena kau cuma tiang yang dipancang tergesa gesa kemarin sore dan pangkalmu cuma dangkal dangkal saja ditanam maka engkau jadi takut setengah mati pada angin bahkan semilir yang segar pun kau caci dan kau kutuki,fear,1
kemudian browsing dan ada nemu modus penipuan oleh orang yang mengaku bernama indra gunawan dari call center gojek namanya sama suaranya sama wooo nipu kok namanya enggak ganti,anger,0
username jasa pengiriman sangat tidak profesional sampai kapanpun enggak akan pakai jasa pengiriman ini lagi menanggapi pengaduan lama awas saja paket saya yang nyasar karena petugas anda salah input sampai hilang berarti su viralkan,anger,0
yang suka merusak tatanan jangan di kasih ruang wahabi lokal,anger,0
anjg kaget gue,fear,1
setiap ada manusia ini di media kok enggak pengin baca beritanya tapi lgsng baca komennya pasti seru url fadli zon ragu tiga orang terduga teroris yang diamankan di kampus unri menjadikan gedung dpr atau dprd sebagai target pengeboman kenapa,happy,4
sampai kapan kamu mau pura pura bahagia,happy,4
username untuk kesekian kalinya enggak sepaham sama akun anonim ini sudah mulai kebablasan dalam kebebasan berargumen banyak hal yang dikritisi namun enggak pakai nalar dan hati nurani awalnya saya tertarik dengan tweetnya makin kesini makin enggak punya kontrol ah,anger,0
pagii semangat juga ya,happy,4
itu tukang sate bego amat ya kenapa memang masa bara api dikipasin sampai mampus juga enggak bakal dingin,anger,0
hwaah jadi malu dibilang wendy og tetap bersyukur di terima kasih banyak kiel,happy,4
aku loh sering banget begini sampai teman temenku suka sampai sumpah serapahin aku asli lupa banget kayak berasa sudah membalas eh taunya aku balesnya dalem hati sampai ada yang 6bulan kemudian batu ku balas itupun aku ngehnya gara-gara scroll chat kalo enggak scroll bisa setahun,sad,2
inilah yang sudah lama kunanti akhirnya mengadakan webinar yang topiknya nendang banget yaitu tentang toxic relationship yuk lah bestie yang masih suka galau2 masalah percintaan mending ikutan ini,happy,4
juga srpan belum ini,neutral,3
gurindam 12 karya raja ali haji sudah saya baca dari sd jadi bacaan saat belajar arab melayu ini fenomenal serius harus coba baca seluruhnya url,happy,4
rebahan tapi pengin cuan bisa di indihome sekarang juga dan uang hingga ratusan ribu rupiah dengan kamu dimanapun dan kapanpun,neutral,3
apa yang allah berikan adalah yang terbaik untuk kita jika apa yang kita meminta tidak sesuai dengan yang allah kasih jangan bersedih lapangkan dada ikhlaskan hati,happy,4
beria lah hype ku kau tak nih marketing indonesia ceh,neutral,3
sebenarnya badan ini kurang sehat dibawa makan susah keringet dingin dari pagi tapi dibawa sehat untuk di bawel apalagi ada acha karena janji sudah lama sudah ke toilet 5x ditahan kalo enggak ditahan bakal lebih hmmm,sad,2
ternyata diperlakukan cewek juga specialnya dimata,neutral,3
semakin terang semakin jelas betapa busuknya orang yang menjatuhkan memenjarakan ahok berkedok agama sesunguhnya mereka orang paling jahat setara setan iblis sebab agama pun dijadikan kedok mengelabui umat hanya orang-orang dungu,anger,0
siapa sih yang dipercaya fz polisi yang sudah bekerja dengan tepat waktu dan cekatan tetap enggak di percayai mungkin hanya di sekarang lari ke arab itu saja yang dipercaya bagaimana rakyat mau percaya fz dan fh yang selalu nyinyir tanpa bukti,anger,0
sudah survey ke beberapa cewek yang bilang cowok itu omonganya enggak bisa di pegang ternyata mitos gaes dan sekarang sih cewek itulah yang begitu jadi yang tidak bisa di pegang omongannya siapa coba kita survey untuk yang ini apakah sama atau berbeda ku rasa pasti sama,anger,0
ada kelass lagi nanti jam 1 30 nanti kalo tidur takut kelupaan jamm,fear,1
username username username username username username kesal semoga lebaran tahun ini banyak memberikan kegembiraan ungkap menpar antusias dan dengan harapan tinggi akan program ini,happy,4
sumpah sedih banget ini,sad,2
terus barusan dia reach out aku terus meminta tolong buat bantu project dia yaallaah aaaa jujur agak takut pressure tapi ok gapapa,fear,1
iya tuh bapak emak gue memang bodoh,anger,0
ngeri kieu euy enggak tilil idiot bego bodoh,anger,0
username username tolong cek resi enggak 82894911 no pesanan 18060412216q2rm barang belum dipickup tapi status sudah sampai dikirim driver wari hp sensitive no tolong pickup ulang dan tindak driver yang nakal terimakasih,anger,0
saking asiknya test organo enggak sadar pabrik sudah sepi dan kekunci di dalem untung saja masih ada sinyal buat ngabarin orang kantor sudah begitu saja,happy,4
kurang suka kadang wkwk kalau sudah cerita berarti sudah bingung banget mending di omongkan langsung ke pacar di cari solusinya sama sama kadang kalau berantem tuh kalau kita sebagai pacar pasti bisa memaafi dan ngebucin lagi tapi kalau cerita ke teman belum tentu mereka bisa,sad,2
lo saja kali yang terbebani aneh kalau enggak mau menolong yaudah enggak usah aneh banget sih lu gua saja enggak terbebani malahan suka menawari boncengan kaaya baru bisa naik motor saja monyet,anger,0
kenapa enggak berobat simple takut suatu hari snap lalu od sekarang gue lihat benda tajem saja masih suka takut takut tiba-tiba melakukan yang aneh-aneh,fear,1
sedikit sedih kemarin enggak jadi tindakan injeksi tapi memang benar kata dokternya aku deh vakum 3 bulanan jadi kalo langsung injeksi lagi nanti kaget malah kemarin cuma dikasi obat sama salep begitu banyak benar jadi takut sendiri,fear,1
alhamdulillah semoga ini momen yang sangat tepat bagi pak username username username username username username untuk dapat memberikan contoh kepada bangsa ini dan ummat islam bahwa menyambung menjalin menguatkan tali silaturahmi itu akan membawa keberkahan,happy,4
makin kesini snowdrop stan makin melawak sudah enggak ada sedih sedihnya,happy,4
sudah solo stan masih saja dukungnya stengah stengah wkwk apa rasanya faves kalian lebih sayang sama member yang kalian enggak suka lol wkwkwk,happy,4
begini nih kalau punya netizen goblok banget ini bahas bola apa mau bahas tentang apa memang lazio enggak di roma pintar dikit kenapa apa harus semua di jelaskan sejelas jelasnya kalau kagak paham diam jangan norak kalau bilang lazio ibukota prancis nah protes enggak apa-apa tolol,anger,0
username gue bukan antrinya sih ya tapi menunggu tanda tangan wadek akademik ini masyaallah banget ya belum lagi kalo elemen2 yang tempat berurusan sudah dtng ya apalagi ini bulan puasa dtng telat pulang cepat hmmm,anger,0
aku meriang jadi enggak menonton juga sedih sedih,sad,2
kenapa maknae suka kayak begini sih kayak semua hyungnya sedih mewek kebanyakan maknae tetap padahal asilnya kan juga sedih tapi kayak enggak bisa menangis didepan kamera terutama maknae big hit sih tubatu kalian pasti sukses pasti aku yakin,sad,2
menghimpun menjayakan indonesia menjalankan rakernas i rpi salam yanuardi indonesia,neutral,3
morning semangat,happy,4
ikut belajar dan berlatih dengan keseharian militer ternyata banyak hikmahnya terutama masalah kedisiplinan yaitu disiplin ibadah shalatnya tbm,happy,4
yang mengesalkan lagi nih kalo ada klien bertanya fee dijawab sebenarnya lalu kaget lah lu bayar dokter cuma konsultasi hitungan menit rela bayar mahal lah sama psikolog mana ada konsultasi cuma 5 10 menit sejam saja sudah bagus kalo ketemu akar masalahnya hhhh,anger,0
mode reader dm authornya apalagi alurnya begitu puebinya acak2an tapi sekarang enggak sih diminta mengasih krisannya sempat marah-marah dulu di wp readernya ngoreksi tulisan padahal bahasanya sopan2,neutral,3
siapa bilang pilkada tidak panas ini buktinya ada yang marah marah karena batal jadi calon gubernur jatim,anger,0
tapi tetap gue msi enggak terima anjg maksud lo apa tadi buka baju tadi kaget ajg,anger,0
yuhuuu gue panutanqu username andra photo happy sekali ketemu lagi dilain acara,happy,4
semalam super random banget beli tiket ke makassar padahal habis beli tiket baru kepikiran mau mengapai ya di makassar kangen jalan se random dulu lagi,happy,4
username username username username username username alhamdulillah keadilan sosial sungguh merata keseluruh penjuru nusantara url,happy,4
me as a girlfriend always pujuk my bf if dia merajuk because i dont want tapi lose him perasaan takut itu automatik datang bila kita deh sayang hmm,fear,1
dengar suara orang yang makannya ngecap asli emosi aink,anger,0
penyelamat saat laper ya cuma pop mie sob enaknya bikin nagih dan enggak bikin bawa perasaan makanya yuk nyetok pop mie dari sekarang biar serunya lanjut terus url,happy,4
username belajar melt and pour yuk ar hahahaha hasilnya tetap cakep tapi kelemahan nya kita enggak tau komposisi soap nya aku ada link yt sabun lucu nih,happy,4
lebih nyaman sendiri sebenarnya karena enggak menyusahkan orang lain cuma kadang suka mikir masa sama sendiri terus memang aku enggak se worth itu itu tes tes menangis,sad,2
ikutan sedih bacanya keputusan berat tapi aku yakin denise pasti sudah pertimbangan hal ini yang terbaik untuk denise semangat juga lockeys,sad,2
entah tolol benaran atau pura pura tolol yang masih butuh informasi tentang saya ketika semua akun sosial saya terbuka untuk umum,anger,0
bertahun tahun bertahan hubungan lu sama pacar lu aman lancar tak ada kendala sampai lu bucin banget tapi tiap lihat crush lu langsung kepikiran lagi berusaha pengin tetap dekat tapi takut melewati batas pertemanan,fear,1
ada saja yang nyinyir tentang hijrah kamu hijrah cuma pengin mndapatkan yang baik dengan modal dalil yang baik akan di satukan dengan yang baik hmmm bingung deh sama orang yang sepertinya enggak happy melihat orang lain merubah dirinya untuk menjadi lebih baik,sad,2
senang bermain salju,happy,4
nder lirik sebelum mootsnya btw ini thread nder,neutral,3
baru sadar ternyata senyesek ini suka sama orang yang sudah punya pacar gue menyalahkan diri sendiri karena dulu terlalu takut padahal dia deh kasih kode sering chat random sering menempel sama gue mulu tapi gue terlalu takut mulai hal baru n tadi lihat dia repost story pacarnya like harusnya itu gue,sad,2
sebuah keindahan diatas keindahan apabila aku bisa menikmati puncak itu bersamamu auftttt,happy,4
iya enak banget coba dengar banyak idol yang suka juga dan tentunya ost main vocal gfriend hehe,happy,4
sampai rumah masuk2 dijudesin bokap bilang begini kamu lama-lama kayak artis ya terus gue bingung lah ngapa perasaan tadi brgkt cuman bedakan plus gincu arab an karena memang ganiat mau kemana2 fyi gincu arab itu enggak menor samsek kayak natural begitu terus gue mengaca ajg kok gue menor banget,sad,2
kemarin habis sulam alis 6d dan hari ini terlihat masih ketebalan kayak sincan karena hasil lukanya mengering biasanya peel off setelah 7 hari entar hasilnya kayak bulu alis alami semoga ye enggak sia sia wa menahan sakit sama jauh jauh ke kelapa gading url,fear,1
wkwkwkkwkwk semangat nguli cla,happy,4
kenapa sekarang bisa beda banget sama pas sama ya di tanah rantau benar benar sadar kalo enggak semua orang itu bahagia enggak semua orang itu tulus,sad,2
topa tolol bukan berarti semua orang ikut pindah,anger,0
deh wkwk lo aka mental lo akan,neutral,3
anjing anjing kesel kecewa banget sama diri sendiri heeuh,anger,0
oknum yang enggak merasai malu tadi pas presentasi pls tadi kalo lu join zoom rasanya mau pindah planet,fear,1
weekend mah dan alias event,neutral,3
enggak gue begitu anggep me time kan juga,neutral,3
luar biasa pak,happy,4
eps 7 saya kesal dengan gwinam nih ngapa kagak die sih memang zombie immortal ya sudah jatuh dari lantai 4 bos apa harus di shot gun baru die nih orang terus namra bisa feel gwinam tapi gwinam enggak bisa atau enggak mengerti,anger,0
deh dua tahun doi jadi spv jadi deh biasa gue tidur sendiri doi pulang subuh paginy gue kerja dia tidur gue pulang dia sudah brgkt padahal serumah kadang 3 hari baru ketemu begitu kok ya ada yang mengatai gue posesif enggak bisa ditinggal pengin gue makan jadi lauk samyang,anger,0
benar benar kalau lagi emosi enggak ada yang bisa kontrol tapi ujungnya selalu ada yang mengalah duluan buat bilang maaf,anger,0
naik mobil yang disopirin bapakku ekstrim banget mentang2 jalan papua sepi kecepatannya selalu di atas 100 rasanya kayak diajak mati,fear,1
kaget ajg tapi seru wkwkwkwkwkwk,happy,4
diminta teman bantuin bungkus kado untuk istrinya sebagai hadiah ultah pernikahan terus disuruh juga sekalian selipkan quote romantis saya ahlinya katanya dalam hati meringis tau senang,sad,2
kok masih sepi ya,sad,2
aku dari minggu lalu pengin ke pantai and tempat yang dingin dingin begitu kayak bukit tapi enggak kesampaian,sad,2
punya kucing putih dengan paw pink hanya impian di rumah ini tapi enggak papa selama dia bahagia toh milky enggak naik ke kasur atau nginjek2 sajadah,happy,4
tapi kalo yang tbtb kata mbak nya bilang mau putus sekolah ya kaya nya bukan mak gue saja yang marahh bapak gue juga lebih marah lagi jangan lupa tetangga pun pastinya ikut bergonjang ganjing atas hidup ini wkwk,anger,0
ku benerin nder,neutral,3
bisa enggak sih langsung tanggal 11 saja enggak usah ada tanggal 10 gua takut banget mana 2 hari lagi,fear,1
pusing banget tapi suka sedih jadinya ya enggak kesampaian,sad,2
semangat untuk hari ini,happy,4
kalau sepi pasien ya begini agak bosan jadinya,sad,2
hii amaraa semangat ya buat hari ini have a great day 33,happy,4
kalian yang belum menonton mending menonton sih awalnya menonton ini karena di o tapi malah suka ke jo ini sung nya juga plot twist nya bikin menangis banget apalagi scene ini,happy,4
aa maafi neng suka mengomong kasar sama aa,sad,2
indak semangat on rp,happy,4
pejabat kaget itu budaya kumpulan orang 2 bego bermain drama prestasi menjilat korupnya enggak kira-kira,anger,0
beresin tugass harinya bisa dipakai rebahan hbu kamu mengapai,neutral,3
alhamdulillah prof setelah berbicara semalam di username adem rasanya semoga membawa keberkahan amin ya rabbal aalamiin,happy,4
ah iya banget hazaa kayak tbtb bawaannya mellow banget ya semangat hazaa semoga mellow2 kzl sedih gajelasnya cpt2 hilang ya,happy,4
syiap deh ke intinya,neutral,3
takut enggak ada yang mau pembesan sama gue maybe,fear,1
masih jengkel maksimal tapi tetap ada ditengah tengah ada 2 kaki yang terus berusaha di seimbangkan you did well sis keep goin cuma lebih objektif dan bijak saja jangan mau dibodohi 1 pihak ini hidupmu kamu berhak bahagia jangan enggak bahagia demi bikin orang lain bahagia,anger,0
username masih saja pejabat melakukan korupsi memberikan contoh yang buruk kepada masyarakat ayo kpk tunjukkan taring mu banyak daerah lain yang belum kau sentuh,anger,0
username tabungan rencana bagus karena dipaksa jeleknya ada penalti kalo berhenti di tengah jalan bunganya enggak jauh beda sama deposito yang bisa dicopet2 dikit di tengah jalan kalau butuh sekarang pun masih bayarin sekolah sekolah ibunya amme tapi,sad,2
one day eh memperkenalkan nih dimas lu dimas cuk ye dimas dimas gue dimas kenapa dirumahlu poto ye dimas budeg ye lu,neutral,3
ngeri juga 5 quote gaib,fear,1
heran gue masih pagi sudah nyinyir saja yaampun bagaimana gue enggak suka sedih ya even kesibukan gue saja lo enggak berusaha cari tau begitu malah begituu,sad,2
username username mustinya di biarkan saja itu bom pas lo tidur lagi rapat saja meledaknya jadi kan enggak kerasa ya bro tau-tau sudah di alam lain amp,anger,0
wkwk oke baiklah di,happy,4
akibat dari telat bangun anak ikut bangun dan dapur dan rumah tidak kepegang sampai jam segini sedih karena berantakan tapi gppa deh penting anak deh mandi dan kenyang dulu alon alon asal kelakon,sad,2
oematmu tolol sih enggak bisa membedakan mana bunglon mana asli kebanyakan halu ngentod sama bidadari transparan ya begini jadinya otack tydak dipakai ya gesya,anger,0
aku begini mamah nya masih sering banget meminta temenin pegi atau enggak nyuruh main kerumah padahal mamahnya tau kita sudah enggak bareng berasa takut takut bikin risih pasangan doi nantinya dan akhirnya aku suka cari alesan begitu dan aga mengasih space,fear,1
enak banget lord,happy,4
kakak ku pernah bigwin di salah satu host enggak indonesia dan itu pertama kali dia senang banget,happy,4
jadi dulu pernah bilang begini mas lu cuma maen2 doang ya sama gua ya kagak lah bege kalo buat main doang mengapai gua sampai menunggu lu bertahun2 rajin banget gua and finally putus2 juga wkwkw makan tuh,anger,0
5 cara belajarmelihat mendengar terus mengulanginya,neutral,3
sedang mencoba freeman mask yang lemon mint sumpaah ini muka enak beett kayak adem2 lucu bagaimana gtttt karena ada mint nya mungkin tapi enak banget sih wkaka,happy,4
seburuk apapun lo sebanyak apapun lo lo lo lo melakukan cuman lo bakal orang tepat,neutral,3
alhamdulillah di tempat kami tempat belanja lokal malah jauh lebih murah dan lengkap dari lapak sebelah enggak usah disuruh sudah saja semua ke sana usaha yang ihsan dan rapi harusnya milik punya orang islam url,happy,4
sayang tapi memang holmes juga akan lebih dapat menit di suns kelebihan muscala di outside shooting jadi pembeda di sini,happy,4
agak ngeri enggak segrup jangan-jangan ketemu di final,fear,1
selamat ulang tahun istriku tersayang yulyyanti armal prasetiyo semoga panjang umur sehat selalu rejekinya lancar tetap menjadi istri yang salihah mendapatkan kemuliaan di url,happy,4
berpura lah bodoh mnyakitkan mndeskripsikn orang tapi ahlak mu tak,neutral,3
risih enggak suka banget soalnya kayak yang terlalu bagaimana begitu,anger,0
terlalu semangat demi mendapatkan ayang,happy,4
menyesal baru menonton film romcom the wedding planner matthew mcconaughey jaman muda membuatku bahagia hanya dengan melihatnya tertawa,happy,4
perkokoh mengapa diperkokoh setiap pengusung ishlah di jalan perjuangan adalah keniscayaan orang orang diuji apalagi orang berjuang,neutral,3
sek pagi wes emosi udaah mau 3 hari enggak bisa login,anger,0
sih gue gue deketan cowok eh nya gonta cewek tapi teman begitu bahkan julukan player ykwim,neutral,3
sampai rumah di lantai 2 dekat tangga kecium bau pandan yang nyengat banget padahal enggak ada apa-apa disana makanan atau pandan enggak ada sedih terus gue takut,fear,1
kecewa dikit,sad,2
ahahaha gemas duo dumberku ini asuma mengucapkan ulang tahun ke oikawa hshahshahah huhuhu selamat ulang tahun sampahkawa ku kangen kamu tapi kamu enggak muncul muncul lagi,happy,4
username username username biasa pakai itu juga iseng beli yang paketan langsung di salah satu minimarket jadi bulan beli pulsa dan ternyata paketnya zonk di bagi dan pembagiannya enggak jelas aku enggak mau di bagi aku enggak bisa dibeginikan nangispojok,sad,2
lagi ngelatih 1 2 tahun dikasih amanat tugas dari master untuk ngelatih atlet yang mau ke korea go international semoga bisa jadi pelatih profesional,happy,4
pas lewat juga kaget banget begini banget deh netizen indonesia sempat record saking kagetnya beda banget sama komen orang luar orang tua nya kalo lihat terus ditranslate pasti sedih banget,sad,2
aku enggak tau tapi kenapa akhir2 ini banyak akun aneh yang ngefollow seram-seram lagi aku harus apa haruskah ganti uname delete acc terus buat baru,fear,1
username wah bagus deh itu yang mau duet juga yang sudah legend btw mereka ada mengomong mau dueg itu dimana dan kapan iya sih cuma takut suara dia jadi rusak berubah begitu karena salah teknik,fear,1
namun meski berat masih lebih baik dari pada tidak mengikhlaskan yang akhirnya meninggalkan rasa sesak kejadian yang masih membekas sampai sekarang adalah sewaktu tim kami kalah dalam putaran final lcc 4 pilar mpr tahun 2012 di jakarta,sad,2
hujan begini paling enak baca magangverse sesuai sama alur cerita yekan mana bulan februari pula latar ceritanya elaahh mas bii kiciww,happy,4
kasihan karyawan bapakku ini mau lebaran malah jatuh sakit dan masuk rumah dan sekarang mudik terlalu cepat ke kampung halaman gusti allah kadang memberikan hal yang tidak terpikirkan oleh manusia sebagai manusia ya cuma bisa menerima,sad,2
pokok semangat sek,happy,4
lagi di atm antriannya lumayan panjang ada nih ibu ibu antri di belakang saya bawa anaknya sa mengecek saldo sih anak ini mengintip mengintip terus bertanya ke ibunya tadi mama mama memang enam ribu bisa diambil bathin saya teriris mental saya cidera serius,sad,2
iya mau makan yang enak yang banyak,happy,4
kaget anjir mini,fear,1
asli takut di bagian reading sama speaking,fear,1
tft nur indah wkwkwk menyenangkan ya di,happy,4
iya anjir wkwk mengakak sama kayak sakura pada ikut-ikutan benci menonton juga kagak anehh mending villain yang hakikatnya memang jadi musuh lah ini mereka bukan villain anjir punya chara development deh lah imo yang benci mereka kebanyakan cuma kaum ikut-ikutan biar dikata keren wkwk,happy,4
lebih semangat dari hari sebelumnya,happy,4
hari ini dengan riang gembira aku mulai mencuci celana jeansku yang tidak dicuci selama dua minggu dengan gerakan sekali bilas kamu mau kan maz terima aku apa adanya,happy,4
etika menaiki kucari di internet semalam di kompartemen asal kau berisik dan kompartemen,neutral,3
momen nya belum gelaran formula e maka kpk alasan untuk sekarang kpk malah akan dituduh gelaran f e oleh balaikota,neutral,3
awalnya pengin menonton tapi reviewnya begitu bilang beberapa scene enggak bisa klimaks enggak kerasa problemnya bisa juga kebal wkwkw,neutral,3
selalu katakan masih waktu atau lakukan gunakan waktumu dengan,neutral,3
dan beres nih aku cari kan siapa tau jatuh tapi dah enggak mungkin karena enggak ada gedebuk jatohnya begitu kan aku cari cari cari enggak ada pedahal aku tuh posisi enggak pindah pindah depan kaca saja sudah hhhh why sih kesal,anger,0
dgrin child smbl ingat dulu nntonin mereka jmn rookies agak sedih begitu dah pada gede semua enggak ada yang kepala 1 lagi padahal dulu enggak terlalu suka mereka karena lihatnya kayak masih bocah begitu padahal juga gedean mereka tertawa,sad,2
kak wa viu start 6k memakai sebulan bisa req r untuk sih juga untuk payment via shopee pay ditutup shopee pay preset lightroom via gdrive no rush order,neutral,3
lagu sedih di campur perasaan beuhh makinn,sad,2
entah berapa tahun yang lalu terakhir kesini terimakasih masih di kasih kesempatan bisa ke tempat ini lagi,happy,4
kurang 400k sampai target ya semangat markf,happy,4
jangan jadikan beban percaya sama kemampuan sendiri sendiri semangat pasti bisa,happy,4
username username kemarin listrik kami disegel karena keterlambatan pembayaran saat itu juga kami melakukan pelunasan dan telah melaporkan mll call center 123 namun progress reportnya sangat lamban,anger,0
tapi panasnya 65 ngeredain untuk kalo seminggu baru ke dokter enggak berani menyarankan,neutral,3
dan pas di jalan tiap waktu aku menengok ke belakang masih ada mobil mereka pas sudah sampai surabaya tbtb mobil mereka sudah enggak kelihatan sedih aku takut banget mereka kenapa2 sedih,fear,1
sedih anjay makin susah nakes nakes puskesmas vaksin booster sampai turun ke rumah rumah bawa tni polri tracing kasus baru dibilang dicovidkan jawaban mereka sama covid itu enggak ada kehilangan sosok contoh rakyat ini,sad,2
kaget akun gua ke log out sendiri,fear,1
inayah ke iyaiya sudah tidak usah sedih begitu,sad,2
para penipu kasihan ibukota negara gue di pimpin sama mereka-mereka yang haus jabatan tanpa mementingkan rakyatnya tahi buat username username,anger,0
kayaknya sudah lama sekali tidak mengisi materi dalam acara fortasi tiba tiba ada yang menghubungi dari muallimin untuk menjadi pemateri wah padahal sudah uzur di dunia ipm,happy,4
username username picik banget meng kait kan persoalan gempa dengan politik atau sejenisnya anda kalau ingin membantu silakan via dompet bantuan enggak perlu nyinyir di medsos,anger,0
duh sakit sekali karena saya orang yang jujur saya bakal bilang kalau saya ada perasaan sama dia namun saya tidak memaksanya membalas perasaan saya dan membiarkan dia mengejar orang yang dia suka saja,sad,2
username username username ganti presiden cuma sama kaos itu pilpres diman bro jadi sebutin presiden lo bukan koar2 ganti presiden sadar diri n partai,anger,0
orang pesimis mengeluhkan tentang angin,sad,2
semangat ayangg,happy,4
duh tuh anaknya nanti kelakuannya mirip gue banget deh biar bisa dinasehatin terus tiap hari daripada dulu suka menyindir gue berkedok self reminder mending langsung kasih copy pastenya saja ke mereka tuhan haha,anger,0
setiap orang pasti ada masalah masalah nya berbeda beda asalkan kita mampu mengatasi masalah itu sendiri tapi masalah yang aku hadapi sulit untuk diatasi sendiri bingung resah url,fear,1
begitu ke dokter cowok seusia sekarang nih dokter enggak tuh judge ini di abisan apapun ibunya solutif solutifnya luar emaknya dokter dengan muka,neutral,3
dilema baru pengin ikutan reuni sama tapi enggak pengin bikin janji juga tapi kalo diem2 saja dikira enggak kangen sama teman-teman lama tapi kalo benaran enggak bisa datang yang mana bukan kemauan gue gue bakal dikucilkan di kelex dan dicap tukang php,sad,2
gue sudah pernah makan semua wkwkwk fave itu cinlok gue suka ke kontrakan abangnya buat mendapatkan cinlok pagi2 tanpa antri sabana saat khilap makan ayam dan surabi solo kalau sore harus mampir dan ini rebutan banget,happy,4
oh kenapa beritahu kau kesini sapaan untuk kagetnya akan mempan untuk lee dan bila dilihat raut wajahnya lee dan sejoon cara,neutral,3
park shin hye son yejin bagiku 2 ratunya,neutral,3
username reply1988 im not robot fight for my way its okay thats cinta goblin itu yang ingat kayaknya gua demen mewek terutama drama yang ditinggal meninggal begitu memang cengeng terharu,sad,2
ini komprenya perkelompok satu jam kah asaan yang kelompok minggu kemarin maju katanya cuma sebentar gasampe setengah jam lah ini sudah mau satu jam bikin degdegan woii sedih,fear,1
intinya mimpin keluarga dulu baru boleh bermimpi memimpin yang lain 1 000 semua orang setuju yang enggak setuju ya brati bukan orang begitu saja kok repot,anger,0
sukadeh sama teman yang ngetweet konten-konten yang berwawasan apalagi di dunia nyata bisa share ilmu jadi nyinyiran kritikan bisa lebih bermanfaat apalagi kalo menyambung mengomongnya enggak cuma bahas lamtur lipen saja,happy,4
alhamdulillahi rabbil alamin terimakasih atas segenap dukungan dan doa semua keluarga dan kerabat telah lahir putra kami hari ini 9 juli 2018 pukul 9 28 dengan berat 3 55kg rumah url,happy,4
berkali kali ada debt colector ke rumah bertanya nama yang aku sendiri enggak kenal huhu takut,fear,1
hari ini dapat kabar baik,happy,4
rumah sepi nih,sad,2
aga emosi pengin datengin ksy terus tanyakan lo sudah punya pacar benaran enggak sih emosi banget suka tmi ke anak yang ngecrush ini lo gelud kita yuk ayo lanjut lagi pengin marah-marah tapi enggak ada hal yang mau ku marahin,anger,0
09 15 antrian kendaran dikeempat kaki situasi arus lalulintas,neutral,3
baru seminggu menikah tapi rasanya bersyukur sudah memilih jalan yang allah berikan ini masyaallah dikasih abang yang sungguh pengertian dan mau menerima cia apa adanya sampai enggak bisa ngebayangin kalau diganti orang lain,happy,4
dusta kamu seseorang tapi kenyataan bahwa tak bisa kamu,neutral,3
dengar kata foto ini satu satu mukanya dan yang bilang jenderal bintang 4 mantang pangkostrad warga kehormatan kopassus dan tentunya pimpinan tertinggi angkatan darat ngeri bos wkwk,fear,1
aku coba mendengarkan album2nya ya terus jatuh cinta dong sama sealbum identify habis itu aku mulai lah menonton jaman-jaman debut ssi nya naaah 2 bulan setelah belajar dikit comeback just right,happy,4
saya sangat kecewa banget kalo sampai enggak jadi murtad loh karena sepak terjangnya selama ini kan,sad,2
kan memang anjing sih simon ini tuh sih chio memang dah suka sama ibel tapi dia takut kalo dia jatuh cinta sama sih ibel bakalan melakukan kesalahan yang sama kayak sih simon,anger,0
hey semangat,happy,4
masih dong wkkwkwtar kalo enggak semangat enggak bisa bucinin bebep2 aku,happy,4
gua ngeri ke lock,fear,1
yellow iya pas sedih wkwk viva lah vida enggak terlalu sih,sad,2
kenapa sih akhir akhir ini kata radikal lagi booming menurut saya radikalitas dalam berjuang itu perlu biar enggak roboh diterpa angin dan hanyut terbawa gelombang menjadi seperti pohon oak yang tumbuh melawan angin kokoh dan kuat seperti semen tiga roda url,happy,4
sedih mereka putus mantanan paling asoy mereka membuktikan kalo cewek cowok baik saling sayang type masing-masing tapi bisa saja udahan hubungannya kalo sudah enggak cocok enggak harus ada yang salah url,sad,2
kalo ditembak nanti pacarku marah 3,fear,1
aaaaaaaa ayang deh sembuh alhamdulillah jimin menangis weh rada trauma kalo dapat notif dari wvtp alhamdulillah dapat kabar baik,happy,4
username anjay seram baca replyannya dulu gue daftarnya tekkim karena suka kimia tapi enggak lolos untung nyasar ke farmasi fisikanya enggak begitu banyak,fear,1
username gue deg-degan sepanjang baca ini tapi gue setuju soal jangan kelihatan takut tapi berani besok2 cepat-cepat ke petugas keamanan di sekitar kalian ya,fear,1
alhamdulillah di izinkan allah swt untuk berjamaah dzuhur disini unik mesjid seribu tiang ini semua penyangganya tiang tanpa ada dinding subhanallah,happy,4
kenangan bersama mamita username,sad,2
jangan bikin gue panik dan jangan ganggu gue kalo moodnya enggak bagus bisa,anger,0
bertanya mengancingkan kemejanya dan memakai jaketnya sungguh kembali ican menggelengkan kepala melihat kelakuan sahabatnya ini sudah ganteng mah mau diapakan juga bagus thanks balas ezra tersenyum pada ican ah memang indahnya,happy,4
warga masyarakat singgahan tolak segala bentuk hoax dan mendukung pilkada damai url,anger,0
takut kecengklak kalo salting pagi pagi,fear,1
iyoo daa kawannyo pon nan daa caliak ke norak annya,neutral,3
ronaldo enggak gue juga dulu lu tapi parahan lu sih,neutral,3
username iya mau september sudah ajuin ke atasan jadi agustus aku gaperlu cuti pas pulang kerumah ketemu kamu yang kangen nya sudah tingkat dewa sediain kamar jangan bosan tidur berdua,happy,4
tim zombie yang meningoy takut gadapet universitas tapi pengin tep rebahan,fear,1
iya aku juga jadi takut sedih,fear,1
jaman sampai aku sering banget menangis merasa aku orang yang paling menyedihkan punya banyak masalah semakin tambah usia aku baru sadar ternyata hidupku enggak ada apa apanya sama orang lain enggak serumit orang lain kadang suka mengakak apalagi kalo nangisin cowok,happy,4
ada yang teriak2 indonesia di serang tka asal china padahal ada wan abud yang order plastik sampah sampai jerman 9m bisa bikin pabriknya kali ya,anger,0
penularan secara vertikal ada 95 waduh seram banget ya makanya disarankan ibu hamil harus terus menjaga bayinya dan secara horizontal ada 5,fear,1
terima kasih kak username cantik lukis digitalnya kak dinda juga ya,happy,4
pecat saja enggak mengemis pada pemerintah berhenti jadi munafik,anger,0
sudah lagi pusing di chat abang gojek yang mana deh lupa karena deh banyak banget yang jadi driverku terus di chat sama anak seangkatan yang chat nya alay banget lum bubu sih pengin muntah,anger,0
rame benar ya org22 padahal mau twitter kayak apa instagram kayak apa ya kita mah begini begini saja yakan kayak rakyat begitu biasa yang pada umumnya standar saja begitu,sad,2
sbenarnya panik juga sih,fear,1
ternyata anak tersebut meminta di doakan agar kelak bisa jadi dokter dan apa bupati mencium tangan anak tersebut serta di doakan luar biasa username username,happy,4
sepanjang perjalanan hidup ini terlalu banyak perkara aku lalui banyak juga kenangan yang telah tercipta aku harap dimasa akan datang aku hidup lebih bahagia,happy,4
masih 21k di pinned ku dulu,neutral,3
itu pesan masuknya sudah sexual harrasement sih dan itu sesuatu yang enggak bisa dibilang biasa saja di budaya yang paham patriarki nya tinggi memang hal itu kelihatan enggak penting tapi coba yang diperlakukan begitu saudari kalian teman atau pacar tetap semangat gita amp,anger,0
gempa di lombok belum berhenti setidaknya sudah dua ratusan lebih terjadi gempa susulan sejak pagi kemarin terus aku bayangkan bagaimana rasanya jadi rangorang yang ada di sana sekarang pasti enggak nyenyak tidurnya karena cemas,fear,1
semangat nyucinya ayah,happy,4
terima kasih teman-teman hmj d3 keperawatan stikes al irsyad cilacap sudah berbagi kebahagiaan bersama mbah kakung dan mbah putri username url,happy,4
pola tidur gue berantakan yawlaaaa sejak hari minggu yang lalu sampai tadii baru bisa benar-benar merem kalau habis sahur deh itu saja set8 musti bangun buat kerja,sad,2
jika kau kau akan disaat apapun jaguar di sauro,neutral,3
kepancing bodohnyakan rizik bangsat cabul mau salah atau enggak kaum kampret model kau pasti membela takut enggak masuk surga otaknya dimane mikirnya coba url,anger,0
tegang banget kak santuy saja santuy,fear,1
sudah mah takut belok terlalu miring karena pernah jatuh konyol dan pernah hampir jatuh masuk jurang karena ban benjol sekarang lagi ngebut parah tiba tiba enggak bisa ngontrol gas sama rem yang bikin hampir mati atau tabrakan pertanda apa coba ini,fear,1
username itu pak marjuki mengerti indak faham indak yang di waspadai yang radikal kalo indak radikal ya indak usah hawatir kalo tersinggung jangan-jangan termasuk radikal ya,anger,0
ternyata setelah sidang skripsi makin sadar kalo skripsi itu cuma bagian kecil dalam hidup yang sebenarnya enggak ada apa apanya dibandingin kehidupan setelahnya,sad,2
pengin teman-teman tapi ngechat eh malah kapan pertanyaan bisa kujawab dengan atau berujung dengan kubalas,neutral,3
beh kaget tiba tiba makasii min wkwkwk,happy,4
barusan lihat trend denise katanya keluar dari sn ya ampun sedih banget baru bangun baca beginian,sad,2
trauma penyakit almarhum kakak gue masih sangat besar di gue paling enggak bisa melihat ada orang yang sakit di sekitar gue apalagi orang terdekat gue rasanya mau meledak,fear,1
yaallah kaget banget tiba-tiba di dm kak anin tau taunya win,fear,1
sejujurnya masih sesedih itu enggak bisa nurutin ambisi yang selama ini dipengenin tapi memang harus belajar ikhlas ridho benar benar menyerahkan semuanya ke tuhan kudu legowo,sad,2
kok sepi lagi yanc,sad,2
katanya aku dsuruh berdoa mudah-mudahan besok pagi ada cewek cantik enggak tau tiba-tiba ada didpan rumah yang enggak masuk akal jatuh cinta sama gue aku pikir2 kalo dia gila bagaimana tertawa,fear,1
mereka suka playvic begitu knpsi sumpah pajamas kesel banget nanti merembet kemana mana ya kayak semalem membela tahu dibilang solo stan kan anehh,anger,0
keinginanku untuk membeli ini itu seketika terhenti karena 1 kalimat memang punya duit cuma nyokap doang yang bisa mengomong begitu karena bagaimana ya kan beli pakai uang jajan dari siapa,sad,2
baru jadian langsung ganti status di facebook berpacaran dengan kalo putus langsung saat itu juga ganti status di facebook lajang,happy,4
username username mengakui jaringan 4g nya lemah ya tolong di perkuat dong jangan sampai harga kuota yang 12 giga di rp 95 000 tidak sebanding dengan kualitas sinyalnya perkuat di daerah sariwates kiaracondong kota bandung cc username url,anger,0
khawatir sih takut terjadi yang aneh-aneh sama dia tapi aku tetap kekeh enggak mau hubungi dia dulu,fear,1
ahaha betuls takut kayak yang waktu kemarin sudah percaya diri salah nah yang sekarang benar,fear,1
mengaku saja lah bego ngajak2 enggak nder yang nganggep adek cuma anak kecil lu doang,anger,0
makanya bersiap kecewa sama wakilnya sendiri,sad,2
cakap senanglah tapi memang senang pun kalau hati kering haha,happy,4
beli dodol lipet yang bisa dibentuk2 gue paling suka bentung burung2an yang bisa bunyi atau kalo lagi bosan dodolnya dikasih sagu terus jadi kayak rambut nenek sihir begitu lol,happy,4
obrolan dengan dospem 1 2 di grup wa menjelang besok sidang dos 1 fir latar belakangmu masih kurang kuat dos 2 menurut saya latar belakang sudah cukup hanya kurang kuat di tujuan penulisan saya baik sensei saya revisi habis itu revisi bab 1,sad,2
ini antrian bri bisa buat nyuci baju nyetrika jilbab sampai lancip bikin kolak buat buka puasa lihat video tasya farasya unboxing bikin adonan tempe goreng memilih store buat lihat perbandingan harga sirup marjan nih,anger,0
iya terus eps 10 maren tuh banyak animator anime yang keren ditarik jadi memang hasinya ngeri mantap banget sih,happy,4
selama gue jadi head of dept sampai jadi gm hotel gue paling benci and langsung kepala gue bertanduk kalo ada anak buah gue ditanya jawabnya enggak tau sekali gue memaafi kedua kali ketiga dst masih jawab enggak tau plaakkk,anger,0
enggak jadi deh aku mau kak mark saja biar kamu emosi,anger,0
username gua kelas 1sd bawa hp karena buat hubungin mama tau tau dicolong teman gua diam saja bego memang bibi kantin ngabarin nyokap gua dan langsung datang lah mama terus bapanya meminta maaf eh beberapa hari kemudian anaknya pindah sekolah ya,sad,2
bagaimana sih susul dulu kita sarapan bubur di,neutral,3
ternyata gue di block sama cowok kira di ig gegara dia pas meminta foto yang aneh ke gue terus gue tolak lagian meminta foto yang aneh mulu dikata gue bego apa,anger,0
un sd gatakut samsek un sampai lumayan deh degdegan un sama panik panik ajaib eh pas sudah sampai tugas akhir tbtb kepikiran semuanya ngeri enggak luluslah daftar sidang kapanlah habis lulus kerja dimana lah yaampon,fear,1
aku enggak pakai yang niacinn tapi yang botol ungu gila banget kaget bisa langsung cerah sekali pakai agak ngeri,fear,1
humorku sebatas dengar rekaman penipu yang enggak tau bank standard chartered lalu dia dengernya bank pancar bank pancer bank sejahtera lalu ujung2nya oh bank rakyat indonesia itu pak bukan stanchart bank nya enggak ada di jakarta itu pak ya lord begitu saja aku mengakak,happy,4
semangat mboll saya support therapy kayak a blessing begitu buat hidup gue goblgoblhlblb btw info tadi itu semua psikolog ya bukan psikiater okter sapa kj jadi enggak pakai medikasi begitu treatment nya kcuali diarahin ita meminta arahan terus cocok2an memang jadi kalo belum cocok jangan menyerah mbol,happy,4
nyokap tipe dulu guanya musti jelasin ini beliau teman temannya kita kita juga ngawasin orang,neutral,3
marah nih nunaa,anger,0
media sosial malah ngeri cuk tapi yakini kebenarannya aku lahir nk suroboyo gede ya nk suroboyo lek persebaya ku di idek2 ya wani dep2 an persebaya iku harga diri,anger,0
gue pun juga mengatai sesama perempuan memutus rantai akan julit memang susah owislah ibarate sego uwis dadi bubur flying money money,sad,2
motivasinya kembali ingin dicapai,neutral,3
nah iya kalo personal atau ke kita baru deh sender kamu enggak maluin kok kamu kan juga di,neutral,3
username semua orang pasti beda url aku krja begini juga aku target karena dari keluarga yang sangat sdrhana setiap pemasukan aku catat n hanya seperlunya yang aku beli sisanya dtabung sudah ada niat untuk brhnti url ada saja cobaan,sad,2
mereka adalah kadal hidupnya dan dipermukaan dan kejauhan begitu dideketin dan ditengok tersilit2 lobang seolah semesta dilakukan terus menerus selama hidupnya,neutral,3
dimana mana kamu dimana enggak tau dimana sedih enggak ada dimana mana,sad,2
ah jadi emo anjir enggak berasa sudah mau jadi mahasiswa saja masih agak cemas dan takut bayangkan ke depannya kayak bagaimana lingkungan yang benar-benar baru dan orang-orang dari berbagai daerah semoga gue bisa ngejalaninnya sedih,fear,1
alhamdulillah cepat banget sembuhnya take a rest angel senang banget beb padahal aku lagi sedih ngedit sih al menangis,happy,4
pak anis for presiden insyaallah saya dukung why karena rekam jejak beliau yang baik walaupun beliau pernah dikhianati tapi beliau tidak dendam membalasnya dengan pekerjaan hasil yang baik bukan cuma omong doang bacot yang di kedepankan namun mengedepankan hati kecerdasan,anger,0
tka enggak usah asal jeplak kalau tidak tahu budaya orang indonesia bodoh jangan di pertontonkan tka buzzerrp dapat berapa receh dasar lambe arus,anger,0
memastikan kembali kurikulum diisi semester 5 kan min,neutral,3
senang banget bangun tidur dapat kabar jimin sudah sembuh dari covid,happy,4
semangat dan bertambah kuatlah kalian frp natsud frp lucyheart frp wendy,happy,4
saat ini bekerja di swasta maupun pemerintahan atau jika ingin membawa buku ini bisa menjadi wawasan mencerahkan bagaimana bekerja,neutral,3
pikirkan bagaimana kondisi kita di akhirat nanti perbanyak bekal untuk akhirat atau kita lebih suka amalan kita dibalas di dunia apakah kenikmatan dunia sudah menjadi tujuan utama,fear,1
anak nevolone marah gara-gara anton,anger,0
twt tolong coba tatar mereka biar tau sopan santun jangan songong kurang ajar begitu,anger,0
anjing gue baru menonton all of us dead bawaannya emosi bgst,anger,0
beeuughhh dari jaman duluuuu sudah sering parno ngebayangin ini tiap lihat tukang cukur bersihkan rambut laki-laki pakai pisau2 ituloh pasti langsung terbayang itu pisonya dipakai rame-rame terus kalo berdarah terus kena yang lain sterilkah url,fear,1
dimana mana hatiku senang,happy,4
itu enggak tau harga akun apa bagaimana suka menyesak kalo ditawar sampai jatuh banget mana upf sekarang susah,anger,0
jujur malah sedih sih lihat kenyataan nya,sad,2
tapi lebih tolol fenss nya sih,anger,0
laki-laki kalo enggak selalu ngeduluin atau enggak paksuku,neutral,3
enggak tau tapi dengernya sedih banget,sad,2
dih sepi amat,sad,2
iya yang diskrinsut itu mbak boo para neto berhasil menemukan siapa orang tersebut hanya bermodalkan gambar lengan wkwk iya sih mbak hal kayak begitu enggak pantas dibuat becandaan,sad,2
renjana beuhh bagus banget sempat baca sampai tamat di wattpad sebelum naik cetak biasa nya enggak begitu suka baca novel tentang reinkarnasi soalnya bahasanya biasanya berat tapi disini bahasa nya mudah dimengerti,happy,4
lah iya mphi serius kakak takut lihat taehyung jadi psikopat kakak di siksa di suntik obat biar enggak kabur karena di sana dia suka kakak tapi kakak sudah punya pacar,fear,1
home visit pasien ternyata pasiennya sudah meninngal tanda pasti kematian secara medis sudah diperiksa kalau sudah begini baru ingat ingat kalau kematian sedeket itu,fear,1
dulu honeystar deh enggak cereal,neutral,3
hai widyaa jangan lupa sarapan dan bahagia ya hari ini have a good weekend,happy,4
suka sedih sama orang yang benci sama diri nya sendiri kayak please banget disaat diluar sana orang orang jahat dan enggak suka sama diri kita please lah cuman satu orang yang bisa cinta dan sayang sama kita yaitu diri kita sendiri aku yakin untuk mencintai diri sendiri itu,sad,2
kau cuma kaget2an ayam gue juga bisa kaget idiot amat jadi orang,anger,0
sudah keterlaluan perilaku para pecundang itu jelas buronan punya tutur kata kasar intoleran anti pancasila kok ya disambangi memang mereka sudah anggap enggak ada lagi ulama yang baik dinegara ini,anger,0
semangat aktivis rpw,happy,4
niat ke masjid sholat nya di lantai 2 berharap bisa obob manjah karena biasanya enggak banyak yang solat disini fact fullhouse mpe shaf belakang bhay,sad,2
level ketika pms lu atau tapi,neutral,3
kalo dia marah sampai ngancurin barang kayak hp dia atau apa plis tinggalkan,anger,0
ketimpangan sosial apa picak mata lu kaum kampret model kau selalu memutarbalikan fakta sebenarnya pada tolol mikirnya,anger,0
senang bisa menimba ilmu dari guru besar semoga suatu saat bisa seperti mereka thanks prof benny and prof teddy,happy,4
this user sedang tidak baik baik saja sedang stres,sad,2
pernah menonton enggak di satu video tentang bullying coba cari deh ada tuh examplenya kayak misal kita di bilang kamu jelek deh enggak usah naik pitam balas saja yes i sama a worthless human being thanks for reminding me that dijamin mingkem,anger,0
kita mah merasa enggak enak kalo membiarkan orang soalnya sudah sering merasai enggak enaknya di biarkan sama orang tapi kok begitu sih mereka,anger,0
atuh kristen jahat lo mah mampus mah ke neraka lo sama laki lo penipuan saja korup bangga najisssin banget lo sialan gue nikah sama duda tajir mapan enggak url undang lo catat lihat saja gue dendem sama kata-kata lo sepupu iblis cln penghuni neraka,anger,0
kaget loh kak msi pagi,fear,1
terkadangg kalo ada yang lapor ke pihak berwajib jawabnya alah cuma dipegang alah kamu menikmati kan alah cuma dipanggil salah siapa pakai baju sexy please kita punya hak atas diri dan tubuh kita memang kalo situ ngaceng gara-gara lihat kita pakai baju sexy itu salah kita,anger,0
ada yang marah pada kelas editing katanya saya mau belajar fotografi bukan belajar sulap sesungguhnya saat memotret itu kita sudah merancang hasil dan editing adalah bagian menyempurnakan rancangan yang tak bisa diatasi saat memotret karena berbagai hal,anger,0
di langitmu mungkin aku hanya bersinar sebagai bintang memang terang tapi aku hanya satu diantara ribuan pilihan aku cukup paham jika bagimu hilangku bukan masalah besar untukmu,sad,2
aihh banyak yang bilang begitu tapi banyak yang kecewa juga setelah mencubit pipi aku pipi aku enggak ada isinyaa,sad,2
ina enggak terbeban orang blnya juga di sini,neutral,3
beuhh kaget,fear,1
username seperti itulah awalnya mengobrol baik seolah olah dia memang rp yang baik lebih seram yang terselubung dari pada yang terang terangan,fear,1
cerah banget,happy,4
saat itu juga pengin gua tonjok tapi ditahan jadinya gua dorong saja sampai jatuh dari bangku kalo suka itu bilang lah ini malah bikin 3 kelas benci gua semua manaan ada yang bikin grup haters nya bella kenapasi alay banget goblok,anger,0
orang hari ini disembuhkan dijaga kesehatannya semoga,neutral,3
bukankah kamu atau sesuatu di pikiranmu memaksakan keras akan,neutral,3
seaweed costume vs kitty motif pertempuran paling asburd kenapa denise bajunya dibilang motif kitty,neutral,3
username kepentok dikit langsung kereboot otomatis bbnya kalau sudah terlalu lelet dan nekan apapun enggak bisa ya jalan satu2nya copot batrenya biar restart lagi produk gagal memang itu merk tapi di masanya rame pula yang berbondong2 untuk beli hp itu hany,sad,2
marah marahh sedih,anger,0
saja suka twitter soalny perempuan ji semua temanku disini biar mengomel sampai tablengker ndada bahayanya bahas monsteration juga bebas bahas indak puasa juga bebas di wa mau update status streskan monsteration kita harus tapi dulu blok semua cowok baru mengupdate,happy,4
bersin pertama ah paling kena bulu bersin kedua debu nih bersin ketiga gatel banget hidung saya bersin keempat kelima keenama fix mau flu nih,sad,2
kenapa au yang aku baca masih pada on going aku kesal,anger,0
kaget heran akhh,fear,1
covid 19 telah investasi untuk membangun infrastruktur a terwujudnya infrastruktur di asia a,neutral,3
tapi enggak kalo kasarin pasangan se apapun barang enggak nyentuh fisik,neutral,3
tapi kadang terasa dilema ibarat orang yang menikah lalu menghadapi kdrt tentu ada trauma besar ketika hendak memulai hubungan baru begitu juga aku aku menjadi rendah diri dan trauma mencari pekerjaan baru mentalku sudah jatuh aku hari ini tidak lebih dari loser,fear,1
anak jaman now enggak tau kalo dulu mau testimonial dibalesnya seminggu mana harus bikin url sedih sekarang pdkt tinggal match no match di kinder senang,sad,2
mahkamah konstitusi dear username hapus ambang batas nyapres rakyat mau banyak pilihan tandatangani petisi url lewat username,anger,0
kesayangan kakak kak vin sini kakak kakak pernah dan dicurhatin pergamonan bisa kamu wake up call kamu bisa menentukan kami selanjutnya tapi kak vin enggak akan kamu pakai seram-seram,neutral,3
username suka skinship cuma sama pacar peluk cium nangkring di paha duduk di pangkuan ya begitu deh wkwkw kalo sama teman cewek agak canggung nyahah,happy,4
gaiss menyarankan micellar water untuk skintype tapi dry kandungan fragrance enggak,neutral,3
gapapa beli skinnya dulu orangnya datang nanti gapapa tapi tetap saja sedih banget anjing arghhhh mau menangis,sad,2
tau apa yang buat gue marah lagi baca au tbtb ke out sendiri,anger,0
mandiri secara finansial adalah langkah pertama menuju kedewasaan tidak mungkin anda bisa dianggap dewasa oleh siapapun bila makan dan beli pulsa handphone saja masih meminta pada orang tua miliki pekerjaan yang layak dan hidupi diri anda sendiri,sad,2
nih wasit kemarin kepemimpinan nya bagus sekarang apan,anger,0
kok aku merinding sekaligus takut ya di takut kejebak sama imajinasi sendiri bahwa diam diam ternyata di hidupku ada kehadiran orang yang kamu jelaskan itu dan aku enggak sadar,fear,1
temenku non kpopers tbtb suka lagu ini wkwk terkejuttt wkwk,happy,4
cewek cewek lain kalo bikin instastory suaranya pada cakep banget alus begitu ye kan kalah manisnya gula mah lah gue mendengarkan suara sendiri saja kayak tikus kejepit sedih annoying banget suara ku wkwkwk,sad,2
bodo amat anjrit bulan kemarin terakhir gue minjemin lo duit itu 2 7jt gue balikin dulu bangsat,anger,0
sedih tengok orang argue pasal islamic financing menindas dia sama saja ada lah beberapa manfaat untuk orang islam tapi basically sama saja cuma ditukar ke term arabic sikit total pembayaran balik sama hampir sama saja dengan konvensional punya benda cari makan,sad,2
selalu kat adik merata2 kedai depan kene langgar dengan motor ayah mintak dengan diorang siap2,neutral,3
setelah kita ke psikolog biasanya nih kita ke trigger ke masa bikin kita dll tapi disitu kita juga oh iya diumur gue begitu,neutral,3
alhamdulillah pagi2 kabar baik,happy,4
terkadang kita selalu memaafkan seseorang hanya karena takut kehilangan,fear,1
komentarnya bangsat semua,anger,0
bisa ngelaprak juga kak sinii,neutral,3
dokter ngmongin pola pikir sama treatmentnya disebelah mana mati semua ini gue masih hidup gue ngmong orang tua gue bahagia setelah mati karena gue ikhlas kagak gue mengajak debat biar pro pemerintah kagak najis reply gue baca lagi yang gagal nanganin pandemic enggak indonesia cuma indonesia kok,anger,0
masama mbak semangat pagi,happy,4
di chip enak biyanget,happy,4
ngopi pisgor pagi begini enak kali ya,happy,4
selamat buat produser raampunjabi n mvp yang telah kembali memproduksi film box office semoga berkelanjutan dengan film2 berikutnya url,happy,4
dangdut enak,happy,4
okay makin kesini makin yakin untuk segera pindah dari kata-kata bisa jadi kenyataan bahaya nih harus benar-benar perhatikan sama omongan takutnya kejadian,fear,1
wah kalo ini aku nih yang suka menangis berantem sama cowokku kadang gue malu sama tetangga depan wkakaka tapi yaudah lah ya cuek2an saja hahaha tapi gue enggak sampai pindah sih,sad,2
tolong jangan benci fany fany baik baik kok enggak makan orang kok,anger,0
untunge mereka tanggung jawab kasih kaos ganti setelah diguyur air kadi korban keisengan teman-teman username username aisjogja aisjateng plat h,happy,4
pagi pagi sudah dibikin emosi saja sama skuad ferrari,anger,0
bagusnya denise klarifikasi lockey enggak sana sini kalo agensi denise dikeluarin padahal enggak vine melakukan hal bodoh,neutral,3
kadang suka kasihan sama tukang parkir kebingungan begitu kalo markirin jet acu saking gedenya jadi sekarang prefer naik ufo saja deh lebih minimalis tempat parkirnya,sad,2
username username username baru keluar goa ya lu enggak tau presiden lu diancam bunuh dikacung2in sama bicah pula viral video nya enggak mungkin kalo enggak tau parah lu,anger,0
admin kenapa sekarang stasiun bisa tap ini tap out dengan menggunakan tapcash tadinya pakai tapcash untuk pp stasiun tigaraksa sejak januari bisa,neutral,3
username username anak sipil kuliah 4tahun buat lulus ada jerih payah tiap detiknya cuma dinyirnyirin enggak jelas begini ya allah ya rabb mulut netizen maha benar memang,sad,2
kalau orang yang dibegitukan pakai hijab bukan penyanyi dangdut dan berpakian tertutup gue rasa orang masih akan bela tapi hanya karena via vallen penyanyi dangdut yang terkenal dengan gay seksi she deserved tapi be sexually harrased,anger,0
ah denise nyanyi yeposo gue jadi double sedih sedih karena denise sedih karena jae hdh,sad,2
terus mengapai dipacarin kalo enggak bisa kasih kepastian entar kalo ditinggal nikah sedih menyesal,sad,2
i know that some ppl disappointed with his official appearance kalo gue sih enggak because pretty ayato is justice,neutral,3
harus bisa me manage waktu lebih baik lagi nih harus benar-benar memfilter mana yang jadi prioritas kan kalo management waktu nya oke hidup bisa,sad,2
nabilahjkt48 suatu saat kita kan berdua 1 atap bahagia bahkan untuk selamanya,happy,4
nya dulu rakyat kecapai bagaimana gue 2thn pemilihan ke bagaimana gue,neutral,3
menyeduh kopi dengan air mata yang cukup panas menghasilkan kepulan masa lalu dari manisnya kenangan pahitnya ditinggalkan,sad,2
agak capek juga debat dengan orang-orang yang melihat sgalanya dalam konteks hitam putih kenapa bisa berubah pandangan mis dari kontra jadi pro apakah hanya soal kepentingan instan bisa saja tapi semua keputusan pasti sudah mlewati pengalaman ttt ya harus dipahami dalam konteks pengalaman itu,sad,2
ini pas banget gue habis baca buku ada bule pdkt bilang carikan rumah sama mobil dicariin mobil sama rumah mewah sih bule ok dan niat kirim uang sekitar 100jt tapi pakai pos bilang sama hadiah lain tapi enggak masuk akal kirim yang sebanyak itu pakai pos url,fear,1
mau kirim salam buat username yang makin hari makin nyantol di hati salam juga buat om andre taulani yang mau jadi member ke8nya username,happy,4
dan yang terjadi adalah seseorang membalas wa status ku begini bang kenapa diklaim sampai kekgitu kan cuma foto cuma foto dek balasku begitu walaupun cuma foto itu juga hakcipta aku kembali bertanya seandainya karyamu digunakan orang lain tanpa izin perasaanmu bagaimana,anger,0
username username bukannya kalo puasa harus suci dan bersih kalo misal dalam keadaan junub kita puasa berarti sama saja diperbolehkan keluar sperma saat puasa dong benar enggak,fear,1
hina saja aku terus lama lama aku muak dengan keluarga ini,anger,0
morningg irish semangat hari ini,happy,4
sampai kalah awas kamu ya,anger,0
sedih banget sedib,sad,2
tanpa keberpihakan politik tertentu saya salut dengan beliau dan semoga jejaknya diikuti oleh yang senada kegiatannya dengan beliau dunia politik biar dijalankan oleh politisi harus ada yang jaga gawang masing masing,happy,4
congratulations on your 1st holly communion xellent mommy papa ompung unty tulang bou sudah amp,happy,4
yang saya inginkan di acara dari dulu di kota ku ada tim patroli beginian dan sekarang kesampaian akhirnya polres tuban punya tim macan ronggolawe buat patroli sudut2 username hehee terimakasih bapak2 polisi,happy,4
bertahanku bisa tapi kalo di siasiakan di evaluasi jalan,neutral,3
sudah semingguan enggak ada kabar wkwkwkwk akunya sibuk mengurus rapot sama ijazah anak terus enggak bertanya kabarnya dia juga selama seminggu sahabat macam apa kamu,sad,2
sedih gila dia cukup camtu,sad,2
eh ist ini 12 hari enggak apapun atau lu berkabar,neutral,3
nah iya kaget banget terus mikir kok bisa dia suka sama gue,fear,1
ya allah aku takut kalau ada host yang main ratio sama fanbase kpop sedih,fear,1
esensi tentang memakai up buat saya selain happy lihat wajah orang makin cantik bisa dapat banyak teman dan sodara itu pasti jadi ngejalanin passion makin happy ceilah berat amat obrolan eike,happy,4
hiih kamu harus ikhlas semangat berproses semuanya,happy,4
agan agan sudah pada mencoba belum nih pempek kapal selamnya joeragan dibuat dari 100 ikan tenggiri segar enak loh,happy,4
akhir akhir ini banyak ketemu orang orang baik padahal umur mereka masih muda tapi masyaallah ibadahnya luar biasa aku waktu ukur segitu mengapai saja sibuk sama oppa korea,happy,4
kalian kerja qeras bagay quda banget ya buat kambek kali ini t t baiklah besok2 streaming melon sama mv nya lebih semangaaatttzzzsss yaaaaa username,happy,4
begini amat punya motor kudu nyuci sendiri entar kotor sendiri dhehxhwh kesal,anger,0
senang banget dengernya congrats er sidang bakalan ada yang menunggu wisuda ada yang digandeng yuhoee,happy,4
innalillahi wa inna ilaihi raji un mohon doanya teman-teman ayahnya username barusan saja meninggal semoga diampuni segala dosa2nya dan keluarganya di beri keikhlasan dan kekuatan amin ya rabbalallaamiin,sad,2
username kalah sudah kalah pamor ya beginilah jadinya mengomongnya asal njeplak wae melemahkan seseorang menciptakan ujaran kebencian menyebarkan berita hoak dll tak pantaslah seorang yang katanya tokoh nasional di negeri ini bicaranya selalu ke,anger,0
scorpio jika kekasih maka dan perasaan bermain,neutral,3
rokok itu candu bukan berarti tidak bisa berhenti karena nyatanya saya juga bisa berhenti dengan kesadaran penuh tapi sulit akan lebih mudah mencegah sih calon perokok daripada menasihati sih keras kepala yang terlanjur memuja dan menghamba pada asap rokok,fear,1
ranah bin kecuali ditertawakan,neutral,3
alhamdulillah luar biasa allahuakbar,happy,4
bisa jadi tuh kak di sini juga kemarin begitu benaran masih abang ini sih tapi semoga hari ini cerah,happy,4
spill cara ayang enggak ges,neutral,3
kadang cewek suka masang topeng sok tegar sok fine sok its gonna be okay padahal hatinya lagi menyesak banget terharu,sad,2
promonya dong sapiens berapa,neutral,3
ih kok enak liburr,happy,4
saat ini lebih merasa pengin manfaatin waktu sebaik baiknya kalau masih bisa pulang tepat waktu ya pulang biar bisa buka di rumah bareng keluarga karena moment ini priceless banget,happy,4
alhamdulillah jimin pagi2 kabar baik,happy,4
lebih bagus lo murtad dari pada mengaku islam tapi bikin sampah di islam malah ngotor ngotorin saja,anger,0
5 cuacanya selalu terik untuk hal ini saya harus banyak bersyukur ya di sorong selama puasa ini rajin hujan bahkan bali tempat mamake saja enggak sesering di sini hari-hari biasanya juga enggak terik2 banget btw biak kalo pun panas udaranya bikin segar,sad,2
iya e mas aku cuma mentingin mengaji dan ngejar khataman dulu indak bisa tiap waktu ngabarin halo kamu lagi mengapai kalo cuma jadi bahan biar kuat merasa tersakiti banget mah mas mengapai dulu mau sama aku ehe,sad,2
ada nad barusan tapi takut makruh kalo marah marah mengomong kasar,fear,1
username username bisa juga dengan sepatah awalan di depan kalimat makanya kan sudah gue bilang ngotot sih dikasih tau kepala batu sih et cetera,anger,0
banyak yang kecewa sama desainnya ayangto karena beda banget sama fanart2 yang ada,sad,2
username ijin min barusan kirim gosend pakai gopay dapat driver lah dan pas dekat posisi ane dia klik ambil dan kirim gopay ane kepotong tapi barang belum diambil sedih,sad,2
bicara asal ngejiplak saja sok tahu sangat sih at sos wisma slipi lantai 7,anger,0
sama sama semangat terus kak nulisnya,happy,4
waktu punya ld belum pernah deh iseng kenain ke air wkwk takut,fear,1
username sebaiknya baca doa terus karena kalo sudah mimpi begitu katanya katanya itu jinnya suka sama kamu hehe seram ya aku juga takut wkwk,fear,1
pernah suka pernah sayang tapi enggak jadian 3 terharu,sad,2
lah lepa sup best kat padang brown,neutral,3
papa min di toko ijo barang di toko ijo enggak,neutral,3
ngulang 1 3 tapi kamu tryhard chamber 1 2 3 nya tapi clear,neutral,3
finally karena tujuan sudah tercapai berani buka twitt lagi tak takut spoiler lagi ohhooo,happy,4
aku terlalu takut untuk pulang ke rumah dan memutuskan menghabiskan malam di supermarket itu hingga pagi,fear,1
secret admirer mah begitu instagram difollback doi saja langsung bikin pengumuman ke teman teman padahal mah doi memang begitu orangnya suka follback siapapun yang follow dia sampai olshop pun mungkin juga difollback sedih url,sad,2
username username setuju bang yang beginian bikin hidupnya enggak tenang saja ya enggak memikirkan yang lain kaya bagaimana mencari orderan pengin enak sendiri saja jadinya gue saja gedek benar yang bikin opik begituan,anger,0
kala brown keong cup cocok banget nih buat kalian yang suka barang cantik dan unik,happy,4
jeongharu onetweet au,neutral,3
terlaku bodoh untuk awak awak bodohkan tapi sejujurnya tak sebodoh awaki know the truth before you did,neutral,3
eeee bak je baca nih aku enggak mau emosi sndirian dia yang minjem kok dia yang mengatur pantek ajan leme cicingan ini,anger,0
kenapa ya perasaan ku enggak enak mau pergi padahal nanti,fear,1
revisi proposal dikira 30k revisi tapi perintahnya nambahin penjelasan 2 variabel lain hasil penelitian dari tiap variabel senang menghilang berhari2 dateng2 menuduh nipu padahal cust yang lain suka aku kasih bonus page atau pengurangan harga,sad,2
kadang gue sedih kenapa jadi orang yang kalau ada apa-apa diampet dewe kan jadi mumet dewe,sad,2
sedap juga berwisata ketinggian di jakarta bisa lihat dengan jelas betapa berpolusinya kota ini jakarta indonesia url,sad,2
jadi beberapa hari ini sih dia kasihan lihat saya dirumah main sama sih mungil terus akhirnya bilang kamu enggak belanja kemudian mikir keras belanja apa beli baju lebaran kata dia,happy,4
enggak biasa bahkan enggak pernah naik ojol di salah satu st hampir saja bermasalah disamperin opang untung gue dan sih mas ojol ganteng masih dijaga sama allah ngeri banget sih,fear,1
joki mandarin berupa realtime tulis hanzi dll bisa ke joki tulis joki ketik juga bisa di 1 universitas di beijing hsk 4 dengan score 289 pengerjaan fee,neutral,3
misi mas numpang ngamen kau membuatku merasakan indahnya jatuh cinta indahnya dicintai saat kau jadi milikku terima kasih kalo enggak punya receh pakai cinta juga gapapa mas username url,happy,4
nyontek pas ujian seni musik ya allah percayalah di sekolah gue semua anak lebih takut remidi musik ketimbang pelajaran eksakta lainnya soalnya susah dan malas banget gurunya paling killer seantero sekolah,fear,1
enggak mengerti lagi sama ciwi ciwi yang nyinyir via vallen ini dia itu korban loh sesusah itukah untuk saling support satu sama lain gurlzz,anger,0
zoo anabul kecil tetangga aku enggak mau diam kadang suka tbtb masuk kerumah kadang suka pup diteras rumah juga apa karena sering kita kasih makan jadi begitu ya,fear,1
iya kalo kita belum lulus terus ada begituan ngeri anjir apalagi ditanya soal kimia fisika matematika,fear,1
kakak jadi malu tau sedih,fear,1
mvp pun kene marah tak capai kpi ke,anger,0
masih retwit enggak,neutral,3
wartawan di bunuh guru di bunuh aktivis di bunuh sesorang di bunuh belasan orang di bunuh puluhan orang di bunuh ratusan orang di bunuh ribuan orang di bunuh puluan ribu orang di bunuh ratusan ribu orang di bunuh jutaan orang di bunuh,anger,0
dibonceng bcs sampai sekarang suka bego kalo lampu merah kadang kelabas untung saja masih hidup terus capek juga bwa mtr sendiri rada takut nyebrang kalo enggak modal nekat,fear,1
jangan lupa jaga kesehatan jangan keseringan begadang makan sayur kalo sudah selesai kuliah sekolah langsunh pulang jangan suka keluyuran ibu khawatir,fear,1
yaampun aslii deh enggak lagi ngopi malem2 alhasil enggak bisa tidur sampai jm 4 pagi terus jam 6 sudah kebangun lagi dan enggak bisa merem lagi sampai sekarang padahal mata berat tapi enggak bisa diajak merem juga,sad,2
melihat barang-barang sudah hampir kosong makin sedih kesal,sad,2
telor dikocok butter dipanasin di atas teflon memasuki telornya dorong saja atasnya kagak usah dibalik jadi yang bawah mateng atasnya agak stengah mateng jadi shiny dan lembut begitu enak deh mencoba wkwk,happy,4
pertanyaan salah jawaban salah jawaban salah emosi salah emosi salah keputusan salah keputusan salah tindakan salah tindakan salah hasil salah hasil salah nasib salah nasib salah hidup salah,anger,0
lokasi kamar di lantai 3 paling hujuuung protes berisik banget anjir di bawah sana depan kost an masih ada yang ulang tahunnya disiram siram,anger,0
ingat saat kalian bergabung dengan twitter saya ingat dari sampai entahlah sampai sekarang dari yang pertama rame sekali twitter sampai hampa begitu tl sepe banget hufth kayak hati saya begitu eaaaaa hahahaha url,sad,2
phi deh enggak pernah merhatiin tanggalan hari tuh tak hari,neutral,3
akhirnya setelah beberapa pertimbangan gue enggak deactivate tapi gue logout apps untuk akun alter gue ini gue masih belum bisa sih tahun kemarin gue gue bermain disini dm gue masih walaupun enggak kapan bakal dmnya,neutral,3
wih enak kayaknya,happy,4
shade cushion memakai over lebih cocok yang mana ya kalo warm ivory keterangan enggak aku baru pertama kali mau beli bingung memilih shade takut salah,fear,1
iya mbak berkokoknya enggak lama enggak dah semenit yang seram sik kalo ada anjing yang bunyinya ngelonglong kalo itu baru setan lewat ya,fear,1
yakan demen muji tapi dipuji balik malah malu demen menatap mata member giliran ditatap balik juga malu sendiri cekidaw,fear,1
teman smartfren kucing kak alin,neutral,3
yang komen buruk ini benaran ada masalah sama otaknya kayaknya tolol banget,anger,0
tidak ada maksud untuk melemahkan negara islam secara umumnya tapi persatuan bangsa islam kapan terwujud dan saya melihat yang turki dengan erdogan nya sudah berbuat tapi belum cukup saya sebagai seorang muslim melihat nya keterlaluan yang di perbuat israel laknatullah url,sad,2
ibu gurunya menjelaskan siswanya ngumpet,neutral,3
ih sedih bayanginnya gimanapun suatu hari semuanya pasti mencapai akhir kan ya sedih,sad,2
2010 pertama kali ngetwit muncul setelah yang marak merajalela pada saat itu masa dimana kenakalan remaja berangsur angsur melebur demi meraih cita begitu indahnya saat itu url,happy,4
username username ini price list yang ada dari facebook nya mereka web nya di url semoga membantu senang anyway ini myday yang biasanya sering karaoke disana username senang url,happy,4
username saya enggak butuh maaf 3 minggu berturut2 network kalian down terus kami sebagai pelanggan dirugikan saya meminta kompensasi username username username cc username username username,anger,0
bangsat masih berani main sosmed,anger,0
ya makanya diganti pakai unsur setiap orang biar semuanya kena katanya mau mengkriminalisasi semua perbuatan cabul url,anger,0
enggak ada yang salah dengan meminta tolong ke teman saya bisa sebut normal malah tapi pertanyaan yang selalu muncul apakah mereka hanya ingat saya ketika berkaitan dengan apa yang bisa saya lakukan ingat kalau lagi butuh bantuan,sad,2
lebih menyeramkan kalo punya grup wa keluarga yang isinya sharing2 hadist ayat al qur an dan grup wa lingkungan paroki gereja seram kalo salah reply,fear,1
ngeri lah kalau begitu caranya,fear,1
username username aduh ribut saja soal islam nusantara indonesia kan menurut mereka dikenal ramah oleh dunia luar begitu lho istilah zmn now masa kagak mengerti cui wlupun kenyataannya suka berlku tak adil pada yang mnritas di neg ini sadar enggak,anger,0
senyum2 sendiri baca karena memang gue ngalamain yang rata-rata di twit haha kayak di suruh beli minyak tanah ke warung terus dirigenya ditendang2 pakai dengkul kaki,happy,4
berkarir internasional bro nasional nya kuenceng,neutral,3
aing macan marah,anger,0
yang pada menangis dimotor begitu memang gapada takut tbtb bawa motor jadi enggak fokus dan malah jatuh atau tabrakan ya gua pernah menangis dimotor tapi enggak histeris dan malah kepikiran seram saja entar tbtb gua ketabrak gara-gara enggak fokus nyetir terharu drama memang sedih url,fear,1
bubarkan saja enggak sono manfaate opo kontribusi gawe negara edan,anger,0
huee mengakak that ah wkwk lumayan lah suntikan semangat sebelum perform,happy,4
hampir 30 dolar sekalia semahal2nya di sana 10 dolar bangsa cuman rentang sekian hari kalo jalan ke sana sisanya di bawah 5 dolar wkwk,neutral,3
pemesanan dengan delivery dilakukan maks 1 hari sebelum waktu mengingat permintaan antar,neutral,3
ini mah enak di suami semua kga enak di istri gblk,anger,0
agak sedih tapi gaoaoa semoga tahun depan bisa ngehype birthday jisung lagi,sad,2
ada bws yang ngert tweet ku dia ngira aku benci karena enggak ada moment bawa teh aku benci karena trailernya penuh sad moments,anger,0
takut banget lagi pilek,fear,1
laah yang bicara soal hoax siapa bos hoax itu tentu aturan hukumnya disini bahas kelakuan buzzerp yang seluruh berbeda pandangan politik lalu disebut kadrun kalau soal hoax ya pasti pidana lah jangan kau katakan orang kritik ke pemerintah itu hanya menebarkan hoax saja pea,anger,0
mau menonton biar enggak sedih karena di ghosting senang,sad,2
fomo adalah singkatan fear of missing out dengan sebuah perasaan atau sebuah aktivitas atau tertentu,neutral,3
username username username username enggak usah heran bu yang buat kebijakan dan jadi presiden sekarang satu partaimu bersama pemimpin partai sang nyonya besar,anger,0
perkenalkan murid baru saya nathan namanya anaknya baik pendiam sopan cerdas murid idaman setiap guru senang bisa mengajar nathan kita pasti bisa,happy,4
po di mirfa dp 100k bookslot 50k dicicil dom tangerang bisa shopee all payment,neutral,3
ya allah ngeri banget tadi yang brusan sawa ukuran pipa pralon begitu makanya gue menutupi sela2 pintu tkt badannya elastis bisa masuk sela2 url,fear,1
lah ken dimana pertanyaan paling gila apalagi pas ketemu itu diulang2 mbok ya kalau kangen doi chat ya aku mana selalu tau ken ngapa2in sedih ya kalau aku cemburu kami chat itu hakku tapi kalau kamu mau chat juga hakmu,sad,2
malah minyak adanya di awang awang kudu produksi minyaknya,neutral,3
username username username username username username username username zon jangan lihat bajunya saja sekali sekali pegang burungnya liar atau jinak,anger,0
semangat bestie,happy,4
benar tapi juga bikin kesal lama-lama lihat mukanya,anger,0
bused agak ngeri notifnya,fear,1
denise sayangkuu gue sudah ngira bakal begini endingnya tapi tetap saja gue sedih banget,sad,2
aku dulu ada teman sekolah gayanya selangit sok kayak banget mana julid lagi suka berantem dan merasa punya kekuasaan eh ternyata meminta keringanan biaya karena dia miskin terus teman kuliah dia orang kayak punya warnet meminta keringanan dari kampus buat bayar sampai 3 semester,anger,0
berita palsu jangan sebar tindakan tegas akan diambil,fear,1
soale takut ada yang macam macam kalo bawa teman kan seenggaknya ada yang bisa bantuin,fear,1
sih you again when i sih you jogja ini beberapa partner yang menyukseskan liburan kemarin siapa tau ada yang butuh untuk membantu liburan di jogja hotel 5 6 juli,happy,4
akhirnya syuting lagi semangat sayang,happy,4
kesel enggak sih anjing lo tuh dibanguninnya kayak di kagetin begitu marah kan bgst memang emosi gua,anger,0
malah enak,happy,4
belum bisa move on dari keseruan event torch relay asian games 2018 rumah jabatan gubernur provinsi sulawesi selatan url,happy,4
bukan tidak mendukung atau mendoakan cuma menyikapi apa yang sudah2 itu pilihanmu dan berupayalah mempertahankannya disini aku dari jauh seharusnya bahagia tapi melihatmu sedih kebahagianku pudar seperti saat kala itu menerima undangan pernikahanmu,sad,2
sedang santap sahur sambil menyimak ceramah di tv tiba tiba muncul bunyi hati hati yon itu syiah seketika itt sahur jadi hilang selera,fear,1
waktu yang kita gunakan lebih banyak di tempat makan atau sekedar duduk sambil menikmati es moci favorit dengan harga merakyat banyaknya teman yang sudah berkeluarga mereka lah yang masih menemani hari-hari libur ku untuk mengabiskan sisa waktu di rumah,happy,4
waktu sebelum lebaran kemarin saya juga ada kiriman paket dari aceh juga lebih berat malah tapi pakai perusahaan lain itu cepat kirim tanggal 7 tanggal 11 pagi sudah sampai ini pakai saja t kok ribet ya prosesnya,anger,0
yuk akhirnya masuk minggu awal bulan juni 2018 enggak terasa sudah setengah tahun saja ternyata banyak target yang belum terealisasi sampai sekarang harus belajar displin amp,sad,2
halah mengaku saja nya enggak usah malu malu dasar munafik,anger,0
kemarin menangis kangen jimin sekarang dapat kabar dia sembuh puji tuhan banget,happy,4
sabtu rasanya weekend tapi enggak bisa tagihan menanti,neutral,3
pagi pagi sedih,sad,2
proyek dibalik kepanikan atau panik dibalik keproyekan,fear,1
masa keemasan saya ketika mampu menyabet double dengan patner saya dwi sulistyono di kejuaraan badminton piala bupati 2008 dan 2010 kala itu banyak yang menganjurkan untuk fokus badminton ikut audisi sirnas dll tapi bapak ngotot untuk sekolah saja,sad,2
lebih murah dan lebih enak ini daripada si ri r t1,happy,4
gue pernah baca review film nya dimana ya pokoknya barengan sama review film nya dewi persik wkwkwk seram anjir gue bacanya enggak mau menonton aku cupu url,fear,1
saya yang ngejalanin mah biasa saja cuma kadang kasihan keluarga saja takut mereka malu,fear,1
imbis tok akhirnya bubar lah wes dikei janji2 palsu ki,neutral,3
semangat buat hari ini have a great day,happy,4
hari pertama tanpamu aku benar-benar merasakan kesepian minggu pertama mulai kangen bulan pertama mulai timbul rasa keingin memiliki lagi di kangen kamu,sad,2
coba tanya username apakah market mampu memprediksi kondisi ekonomi kedepan dari kondisi politik saat itu isu2 pasti sudah ada entah siapapun,fear,1
gara-gara pernah baca orang ditelp cuma ditanya benar ini dengan sebut nama yang ditelp dan sih penerima jawab iya habis itu ditutup telpnya sekarang tiap angkat telepon dari nomor enggak dikenal selalu balik bertanya dari siapa perlu apa sebelum jawab nama gue benar yang dia sebut ngeri cuy,fear,1
bergantung financial dengan suami terkdg mmbuat saya berpikir jauh buat kedepan karena enggak slmanya gue hidup sama dia enggak slmanya dia punya duit persiapan buat anak sekolah nanti karena pasti biaya tambah membengkak giliran pengin krja enggak di ijinin gue enggak mengerti kudu bagaimana kalo kaya begini,sad,2
username oppa kenal yang kyungie charain enggak tak kenal maka tak sayang makan nya sini kenalan sama kyungie dan mengobrol sama kyungie pasti kita cocok kyungie bakal melakukan terbaik sebisa kyungie kalo ke verif makannya oppa verif kyungie saja,happy,4
baguslah akhirnya kamu yang ateis muridnya mumun ini mengaku dan menyembah teori darwin yang konyol dan tahayul itu selamat ya,happy,4
demi keamanan dimaksud bpk untuk mengirimkan ke email mandiricare cowok id atau call 1400 dilakukan pengecekan semoga selalu tks fatma 2,neutral,3
terfavorit nih lagu dari album asteriska yang ke 2 judulnya karvanda sederhana sih cerita dibalik lagu ini karvanda adalah nama seseorang yang di suka tapi yang suka ini enggak tau apakah orang yang di suka ini punya rasa yang sama url,happy,4
sekarang gue ngatau tadi di rs bocah cwk cwk,neutral,3
dikasih tau adik simbah nanyain ini bajunya enggak pernah lihat dipakai keluar dipakai di kamar ya baju tidur tali spageti yamasa ku pakai keluar2 kan malu ini kalau beli lingerie yang aneh-aneh ya jelas jadi pertanyaan sudah paling benar beli daster midi saja,fear,1
oleh paman nya kemarin namun tiba tiba ada seorang pria paruh baya datang menghampiri nya sambil membawa sebuah papan nama bertuliskan namanya ini mas jefry tanya nya dengan agak sedikit ragu karena sepertinya dia takut salah mengira orang,fear,1
takut aku kecewa,fear,1
nyuruh ignore tapi dia sibuk mengurusi juga haha sesama perempuan kok saling manjatuhkan semoga mbaknya sehat selalu ya,sad,2
username pakai arkana gue enggak bisa main tapi selalu diajari terus jadi ingat sampai set nya ti 2018 dendi miracle and etc sedih tadi sore habis streaming eh enggak bertanya ya,sad,2
semoga semua anak di thailand itu bisa selamat ya ini kalo dibuat dokumenter asli bikin merinding baca thread2 orang saja merinding2 akuny,fear,1
nesv penghilang keputihan perapat v pin 5d54c01d wa 089614822337,neutral,3
pks jangan mimpi saat pilkada dki rakyat dki bisa kau bego2in tapi pilpres 2019 bukan pilkada dki ini rakyat indonesia yang sudah cerdas dalam memilih pemimpin,anger,0
michi menaksir doi temannya takut ada keributan,fear,1
punya sahabat cowok 2 nih tapi sering nya enggak konsisten terus sering bohong lagi kenapa sih sudah berkali2 dimarahi karena sering bohong tapi enggak mempan2 juga apa kodratnya suka bohong apa bagaimana,anger,0
kalo dia enggak perduli kenapa kita harus memperhatikannya kalo dia tak mau dengar kenapa kita harus bicara kepadanya kalo dia memutuskan untuk pergi kenapa kita harus bertahan mengikutinya tak perlu mencari jawabannya karena kamu hanya perlu menghilangkan kalo kenapa,sad,2
btw sepanjang jl jakarta bahaya banget ya banyak jalan berlubang apakabar nih dinas punya malang diam diam baee,anger,0
kasih puas hati member,happy,4
yang bego gue maraton baca seminggu doang di wt eng pas tau dia bakal daily pas,anger,0
suka ksl sama buat banget deh dia suka marah kalo aku enggak ngabarin dia dulu kalo mau pergi tapi dia sendiri kalo mau pergi ngabarinnya pas sudah di tempat ks gaksi,anger,0
menangis dipundak kamu boleh aku pilu sungguh,sad,2
dan juga firdyy,neutral,3
pernah pertanyaan kamu seorang individualis atau berkelompok iya begitu,neutral,3
merugikan sebagian orang kamu tak akan dengan kebencianmu,neutral,3
username username username username username ahy pasangan siapapun pasti kalah nilai jual ahy bukan rendah tapi tidak ada,anger,0
ini papa nya saja belum ada kabar enggak sih aku laper belum disuruh makan sama ayang,sad,2
mohon username segera perintahkan menkes untuk menambah ruangan khusus sakit jiwa pada setiap rumah sakit sbab tidak menutup kemungkinan usai pilpres setiap rumah sakit akan dibanjiri pasien sakit jiwa saat ini saja semua pada stres,anger,0
disaat orang orang rame di twitter gue lagi riweh nyiapin menonton bareng piala dunia 28 hari menonton bareng dengan durasi acara 5 sampai 12 jam,happy,4
biasanya yang suka maksa tuh sales asuransinya mana mengomongnya cepat banget enggak bisa dipotong sedih,sad,2
haha iya deh sudah tidur saja p bagen sehat wkwk,happy,4
enggak terbayang gue langsung panik,fear,1
username username sukarno yang bubarkan masyumi lai jaleh dek ang jiang masyumi vs pki sukarno bela pki zaman sih jok atau bosnya mega anak sukarno bubarkan hti alasan sama waktu bubarkan masyumi,anger,0
kongkalikong paling enak memang sama beliau saja juaranya,happy,4
dan bila 1 trilyun uang di sumbangkan untuk pendidikan belum bisa tentunya meringan kan pungli di negeri tak terbeban kan kepada tak biaya pembangunan kls biaya honorer dll dll,neutral,3
lagi ngebayangin entar wisuda punya calon pacar datang kasih kado sambil ada caption calon wife selamat lulus sambil senyum bahagia yaampun semoga jadi kenyataan,happy,4
ini sih zam mengapai dm gue gue takut anying,fear,1
itu tim kru username juga kena hal hal yang seram ih ngeri ya rajin rajin istighfar mbak saran saja sih,fear,1
kenapa pas gue kirim pas banget dibaca dari bawah anjengg malu banget untung enggak dikasih lihat nama pengirim nya siapa,fear,1
jika kita tidak membangun apakah lebih kayak kalian khawatir indonesia akan dapat dana yang sangat besar dari timur tengah dll mengawatirkan ya bisa maju negara ini sulit dibodohi,anger,0
nasip gue dan adek gue hampir sama kita sama-sama enggak niat daftar poltekkes hampir mau cabut pas mau tes ngasal isi jawaban enggak ada harapan mau masuk situ ujung2nya keterima senang cuman gue jurusan kesehatan lingkungan dia kebidanan,happy,4
ih jadi malu dipanggil bestie sama makji tapi happi,happy,4
dulu kayak hampir setengah jam atau 2 kali sesi jelasin orang korea kata cie sampai pakai di dramain biat pada menyambung akhirnya baru pada mengerti dan nemu padanan kata ke korea terus sekarang gue yang lupa bahasa koreanya cie apa hahahhaa url,happy,4
gue enggak tau kenapa bisa ikut bahagia ketika kamu sedang bahagia dibilang kontak batin takutnya gue salah gue sudah terlalu sering menganggap semuanya pure dari kontak batin tapi terkadang hal tersebut yang bikin gue kecewa dan gue enggak mau mengulanginya dibilang care iya banget,sad,2
harap demam biasa sedih takut copid,fear,1
alhamdulillah pagi pagi dengar kabar baik,happy,4
bangsat memang lu sudah,anger,0
oh my god sudah sesuai sayang malah lebih bagus dari punyaku aaaaaaaaa anak kitaaaa di menangis bahagya,happy,4
gua benci sabtu,anger,0
jangan bodoh ya ta dia sudah hapus nmor ita berarti dia pengin hapus ita dari hidupnya sok ita harus bisa untuk tidak peduli dengan kehidupan sosmednya dia saja bisa masa ita enggak bisa please jadilah kuat,anger,0
ketika kamu tapi kamu bersyukurlah kamu terburuk,neutral,3
username kayak enggak makin harga segitu om gue yakin di range 15jt an cuma enggak lebih dari 20 habis lihat reviewnya gadgetin dan peminatnya makin hanya sedikit lagian game2 mobile enggak banyak juga yang bagus masih bisa dihitung jari orang normal mending beli ps4 atau build,fear,1
enggak usah di aminin doa lu enggak akan mustajab sama kayak orang umroh dengan niat politik enggak akan di qobul lu kira dngn kampanye sambil teriak takbir sang pencipta bakal ikut nyoblos url,anger,0
setelah dilihat lihat akhir2 ini profil gue hanya diisi dengan jokes2 twitter yang gue ritwit dan keluhan insomnia yang tidak kunjung ada habisnya wth is wrong with me,anger,0
yeahh aku akan semangat,happy,4
bahkan dalam fisik terluka dan bathin yang sakit ia masih bisa berkata aku masih sayang kamu tapi engkau malah memilih untuk pergi apa hendak dikata sesal tiada arti jika sudah di akhir,sad,2
username pelanggan setia tagihan anda bulan mau rp 17 751 lakukan pembayaran sebelum jatuh tempo tanggal 18 06 2018 abaikan jika sudah bayar cs twitter username ini tagihan apa sensitive no,anger,0
jangan apa-apa kebanyakan diumbar2 melulu kalo gajadi malu gila,fear,1
setuju padal aku termasuk orang yang kepo banget sama ayato pas tahu ayato ke leaks duluan jadi kayak kecewa dan enggak excited lagi sama ayato mending drip marketingnya dari mihoyo langsung,sad,2
semakin dekat dengan orang maka yang sangat diperlukan itu sebuah pengertian yang besar mengerti kalo dia banyak kekurangan dan kamu juga begitu ini susah banget sih dilakuin di kehidupan nyata heemmmm,sad,2
hmch twitter gue sangat sepi sadly,sad,2
gua lihat lysyn dejun sedih iya enggak apa-apa jun kita menunggu wayv kombekmaaf ya jun semangat wayv,happy,4
username lah hahahaha namanya villa salse tapi dia hotel terus ada warungnya begitu menurut aku bagus sih kak nyaman begitu terus nanti naik ke atas ada biru park,happy,4
main pakai first e pon kalah enggak dengan kelab bodoh apa bala lah sama lu nih,anger,0
kenapa belum sarapan dong enggak sarapan,neutral,3
askmf serius bertanya kucing kalo bangun jamberapa ya aku ngambil anak kucing di jalan terus aku umpetin di bawah kolong kursi karena takut ketahuan bunda takutnya besok pagi bunda bangun dan malah buang anak kucingnya,fear,1
shawn mendes kalo pas nyanyi tanpa kita lihat orangnya cuma bikin mesem2 gegara suaranya enak saja pas sambil lihat orangnya ya begini deh url,happy,4
semangat dong aeril,happy,4
hehe semangat ayang,happy,4
username username username username username username username username username username duh keren n matap sama dulur2 yang tiada hnti untuk sayangi bumi semoga ditularkan didaerah seantero nkri,happy,4
ensenang indramayu pakdhe username semoga ada pintu tol yang dekat dengan pusat kota indramayu untuk mempermudah mengakses tol cipali indramayu dilalui tol cipali tapi warganya sulit untuk bisa menikmati last but not least saja klalen mangan pindang gombyang ndas manyung pakdhe url,happy,4
aku yang sesungguhnya ada di situ yang dibunderin ijo2 close friends saja alias curhat saja isinya sebagian lagi di twitter karena aku invisible di sini,sad,2
serial komedi tahun 2013 cuma 1 season ceritanya mba2 yang masih muda nikah sama duda 3 anak kadang malah dua mantan istrinya juga ngumpul di rumah receh banget asli,happy,4
kalo habis pup pas pagi pagi tuh enak banget enggak sih perutnya jadi rata langsing,happy,4
kalo kapan bisa kalo begitu no wa dulu supa kita bisa kipas jam berapa bisa thoo,neutral,3
selalu memilki cara untuk membuka matamu orang orang memanfaatkanmu pernah akan hal,neutral,3
niatnya sih tidur terus buka twitter eh scroll twitter sampai enggak ada habisnya iya kayak sayang aku ke kamu enggak ada habisnya sayangmu ke aku habislah sudah sedih seperti tida pernah ada,sad,2
askmf pacar gue enggak tau ada masalah apa di rumah sampai enggak mau pulang dia bilang dia lagi keluyuran sama temannya gue khawatir takut dia kenapa kenapa mendingan gue bersikap bagaimana ya drtd gue cuman bisa bilang jangan lupa ngabarin ya hati hati kamu,fear,1
morning cantik kebetulan nih kala pakai fc taehyung dan side fc nya jungkook jadi pas buat kamu wkwkw avail buat hari ini bisa kok tipikal aku itu suka banget bawel sama pacar terus juga kadang suka cerita hal random begitu dari mulai sambang sampai merauke wkwk bahasanya,happy,4
angka tapi teteup enggak apalagi enggak juga dll barang nabung dulu atau baru deh enggak tiap barang berkedok self reward,neutral,3
kak username lagi belajar buat ujian apa sudah istirahat enggak niat muncul bilang terima kasih sketsa hari ini lucu begitu atau apalah jangan pelit2 muncul kak haha kalau lagi belajar semangat ya siapin cemilan jangan begadang dek senang,happy,4
uwah semangat besok lusa ya,happy,4
pasa sini kita hibur di gdm dan have fun,neutral,3
deh kaunter pertanyaan,neutral,3
kali baru sekarang,neutral,3
wkwkw puas banget,happy,4
beda kasus lagi pas sudah balik ke kampung halaman saya sangat prihatin jelas jelas sudah ada tulisan tapi masih saja menyerobot antrian,sad,2
username itu menurutmu tapi menurutku ini menyeramkan kamu kalo terjadi apa apa disini karena ulah monster itu gerutunya dengan kesal ariel tidak mau melihat ke sekitarnya ia hanya menunduk melihat jalan bebatuan yang ada di depannya dia takut un,fear,1
soalnya dari kecil sudah dicekokin kalo yang cakep itu yang kulitnya putih alias tolol,anger,0
sdf rek info sarapan pagi seng enak wkwkw,happy,4
saat sendiri hanya saya yang tau dan mungkin baru baru ini saya rasakan yang sebenarnya saya alami disana tertekan ya saya tertekan disana malu takut merasa bodoh,fear,1
menteri bumn erick thohir mengajak warga manfaatkan lahan perumahan mjd lokasi pertanian erick thohir mnggagas program tani et tani brtujuan mmbumikn bertani shingga masyrkt mnghasilkn pertanian secara,neutral,3
username username oh iya bisa tuh tapi mesti bikin mold bentuk panda dulu hahahaha aku pengin nya bikin marble soap nis kayak begini url,happy,4
duh kok sedih ya naikin berat badan susah tapi turunnya mudah banget puasa seminggu turun 6kg lebih apalagi sekarang sudah puasa ke20an celana melorot semua ya allah doaku semoga habis lebaran nanti aku dikasih gemuk kayak ayam negeri amin,sad,2
sebagai dokter gue punya kelegaan tersendiri kalau pasien terutama yang menengah ke bawah punya bpjs karena itu artinya seandainya mereka harus dirujuk misalnya gue enggak perlu stres sama pertimbangan keuangan,happy,4
begitu diumumkan lulus 100 mereka semua sujud syukur dan langsung mengambil bunga saat dia menghampiri langsung memeluk menciumku air mata tak kuasa kubendung mom this is my birthday present for lu,happy,4
jika kau bisa mengendalikan dan pikiranmu kau akan minato,neutral,3
jangan pernah bosan menunggu selama dalam menunggu itu di jalan allah allah pasti akan memberikan kejutan yang tak pernah kamu bayangkan,happy,4
seleksi akan menganggapmu teman dan menganggapmu be wise,neutral,3
kemarin dan tidurpun kok tadi baru bisa subuh eh jam 6 malah nelpon,neutral,3
the thing i like about this 11t pro is charge less 20 minutes deh full tapi selalu juga lah overcharge tinggal2 je time charge pastu terus masa charge phone taktau lah kenapa benda ini tak ye tapi time use,neutral,3
orang bodoh demi akan untuk ryo saeba,neutral,3
makin jeblok suara pdip di jawa barat buat orang sunda semangkin benci,anger,0
lagunya mark enak banget asli,happy,4
kalo makan pakai mie enak,happy,4
gmnasi rasanya teman kelasnya di acak tbh biasa saja sebenarnya soalnya pas sampai juga begini cuman lebih enggak semangat kayak hari hari biasanya saja lebih banyak ngeluh sendiri pendem semuanya sendiri bingung juga sih kadang tbtb merasa sedih bawaannya pengin menangis,sad,2
kuuyy kak mau lihat haekal bahagia tapi kalau sad end bakal lebih berkesan lagi hadu gue kayanya mencari penyakit deh,happy,4
menjadi tempat berkeluh kesah teman cerita teman makan bahkan sering lontaran kak ayok makan yang aku rindukan saat jauh dan harus menunggu waktu liburan untuk kembali jumpa menumpahkan rindu,sad,2
pensil warna ketemu tapi enggak yakin takut ngerusak gambarnya,fear,1
mas put sakit apa tetap jaga kesehatan dan jangan lupa bahagia karena bahagia adalah obat dari segala penyakit cepat sembuh ya mas,happy,4
username perempuan macam mana lah yang opininya bisa segoblok itu astaga kebanyakan mengasih free ke cowok lain kali ya jdnya b saja begitu gila sih kesel bacanya gue,anger,0
pengin mengumpat seperti biasa,anger,0
okok yung eciye sepertinya mau curhat sms saja yaw wahaha tragedi apa ini serius amat sepertinya,happy,4
perkembangan teknologi enggak akan ada habisnya deh semakin lama manusia akan terus menerus berinovasi bagi teknologi termasuk koneksi internet positifnya hal tersebut pasti bisa membantu dan mempermudah pekerjaan manusia,happy,4
itu teman yang sok enggak perlihatkan temannya ketika bertemu hati-hati saja suatu hari nanti yakin deh kalo lo menengok kembali enggak bakalan ada yang perlihatkan haha lucu melihat hal itu miris dan kasihan,anger,0
zenwalk gnu linux 15 0 220204 diumumkan yanga baru,neutral,3
semangat terus pejuang receh di pasar,happy,4
bingung banget sih kaget tapi mari kita hadapi dengan percaya diri dan dengan gayamu sendiri saf semangat,happy,4
aku ini orang yang enggak bisa menyindir menyindir bisanya adalah mengomong langsung tanpa ampun disertai dengan sedikit bumbu kekesalan dan setelah itu meminta maaf dan teuteup ngoreksi lagi dia harus kayak bagaimana,anger,0
username rambut aku kering ngembang dan ikal naturally terus makin parah karena tiap hari banget pakai hair dryer jadi kasihan saja pengin di treatment akhirnya keratin karena dia hasilnya bikin tekstur rambut bagus dan rapi,happy,4
komentarnya enggak jauh dari kata normal sakit hati gua bacanya,sad,2
lihatnya saja sudah panas tapi enggak apa-apa semangat meski emosiii,anger,0
wes tak sepurokan,neutral,3
jadi lokasinya tepat di tengah segara anakan yang tertutup mangrove kalo siang sekolahnya kerendem air laut yang naik jadi anak anak sekolah biasanya pulang copot sepatu mereka miris melihatnya sekaligus menampar diri gue pribadi url,sad,2
tengil songong tapi jarang orangnya galau osisnya juga tapi kok nurut 1001 alasan dulu untuk beberapa hal contohnya,neutral,3
orang bodoh melakukan berulang2 kali,neutral,3
sedih amat pagi pagi,sad,2
gue sedih banget kayak huhuu kisah mereka mulus sekali t t mana relate banget sama lirik di samping,sad,2
jadi takut hehe,fear,1
tapi terlarut wajahmu terus basah percayalah setelah,neutral,3
pagi pagi deh rosak mood lah thial nak orang tolong kau tak payah lah marah marah elok orang ikhlas jadi terpaksa pula halah,anger,0
dengan senang hati kak ini semoga bisa bantu memandu ya,happy,4
username hatiku loh rek gemeter bagaimana begitu menontonnya menangis palagi dicermati liriknya begini yang enggak punya rasa arema sejati mah takkan merasai url,sad,2
semoga secangkir toraja bisa menjadi teman penyemangatmu yuk beraktivitas,happy,4
pohon plastik tong sampah indak ada yang menarik perhatianku hanya satu perhatianku sampah mencari konten status nyinyir tapi enggak ada sumbangsih terhadap kebersihan semudah jari membuat status nyinyir berbanding terbalik dengan niat pada hal yang nyata hidup hanya sebatas kuota,anger,0
processed food sana n fast food restaurant bersepah n,neutral,3
orang di rumah sakit sudah biasa ketemu dokter lah aku malah takutan,fear,1
hehe have a nice dayy semoga hari ini dapat kabar baik,happy,4
hehehe iya kak benar daripada sakit hati mending pindah ke tempat lain kan masih banyak tuh di bali tempat yang bisa lebih menghargai turis yang liburan ke bali karena sekarang juga di bali sepi banget dan hampir semua di phk dan gulung tikar jadi masih ada turis lokal pun syukurnya meminta ampun,sad,2
mandi air anget pakai garam enak juga ya langsung freshh ke badan,happy,4
ada enggak sih cewek yang tulus ke aku takut patah hati,fear,1
kak bisa ke sf juga keren deh jujur takut tapi seruuuu,happy,4
bukan pick me tapi dijamin emosi,anger,0
sinb kamu tiati mukanya ya takut karena evil edit,fear,1
yosh semangat teruus maacii asmakdoen pantjen ouye semangat juga buat lu maakk penasaran nih gue sama hari senin lu nanti di,happy,4
happy birthday tapi sedih season nih maybe tiada hadiah silverware with club epl sudah sah jauh ketinggalan ucl je lah tinggal itupun kalau mampu,sad,2
bodoh betul enggak lah check orang yang xcden itu dulu,anger,0
kadang saya rindu rindu ketika awal kita berkenalan rindu ketika kamu selalu ada waktu dan rindu canda tawa yang kita ciptakan pada setiap chat ya lord,sad,2
aku salkir ke orang astagfirullah malu,fear,1
akhirnya baru merasai disaat banyak orang yang sedang jalan di instagram story dan disini gue hanya diam merenungi semester pendek saja wkwk,sad,2
okok gue enggak covid begimana sih sekarang,neutral,3
sabtu ini jadwal bersih bersih kamar kost berantakannya luar klora di sini usia kepala tiga tahun ini,neutral,3
tapi kalo ditelisik lagi ya anjir harus siap ini itu bebet bobot bibit apanyalah kan sulit lulus kuliah saja beloman memikirkan begituan terlalu visioner bung,fear,1
dah mbak enggak usah dilanjutin debatnya cowok cuma mikir enak mah sudah mbak stop saja capek entar bikin kesel saja,anger,0
apalagi musim enggak enggak apa-apa buah2an baru kemarin begitu juga huhu,neutral,3
sebuah luar untuk bahwa teknologi masih belum dibandingkan gejala,neutral,3
pernah enggak kalian merasai dulu kalian pernah amat sangat menginginkan sesuatu dan berjuang mati2an buat dapetinnya tapi suatu saat kalian berhadapan sangat dekat dengan hal tersebut dan tatap dalam2 lalu terlintas pikiran wait kayaknya sekarang aku sudah enggak mau ini lagi deh,sad,2
salah dap jadi enggak suka,happy,4
mirip kucingku semalam dia ketabrak motor terus mati ya allah sedih banget,sad,2
memangnya nilai dan ngejudge orang itu gampang banget deh apalagi kalo sudah pernah hidup bareng wuuuh berasa sudah tau semuanya dong hidup ngekos bareng 2 bulan mengalahkan yang hidup bareng 20 tahun,anger,0
not sender tapi aku juga sudah selesai baca ini genre romance mental health bagus banget kalo suka cerita yang enggak cuma ada romance nya tapi juga bahas banyak hal tentang mental health yang banyak bahasan psikologi nya juga dibawa jalan-jalan juga karena authornya ngedeskripsiin tempatnya bagus,happy,4
aph mu nak,neutral,3
tapi kemarin hs memang benci banget sekarang lagi kangen gegara masuk kamar ada poto dia sebell plesbek minggu menonton lihat meme,sad,2
siap sayang semangat ya,happy,4
bangst gue enjoy bersedih sedih karena gue suka menahan diri untuk enggak bersedih atau menangis stres relief ku adalah kisah angst,sad,2
nah yang saya takutkan itu mas nanti di tumpangi politik dibalut agama itu yang bahaya soale masyarakat kita sedang sensitif dengan hal tersebut,fear,1
yaallah kabar baik bismillah yaallah ini jalannya,happy,4
jangan lupa join pin ku ya masih sepi huhu thank lu semoga cepat bigwin ya,sad,2
aku benci isi kepala ku isi hatiku dan semua,anger,0
username via vallen mendapatkan pelecehan seksual via dm instagram oleh pemain sepakbola asing tapi di klub lokal dan netizen malah blame the victim again dan sedih itu cewek cewek juga yang menyalahkan,sad,2
username moon cintars sedi banget dong sudah kayak cinta segienam banyak yang matek mengharap sih ini nikah sama sih ini malah nikah sama sih itu sad ending pula,sad,2
eling enggak sih nih 3 biasanya secepat kilat sekarang lambat banget instagram enggak ke refresh sama sekali twitter juga sama bagaimana nih bosan nanyain nomor mulu tapi sudah 5 hari selambat ini username,anger,0
seru juga rumah dekat pantai boleh boleh saya masih muda enak dong sudah punya pacar belum kamu,happy,4
tadi disekolah ada swab buat 2 kelas beberapa guru terus katanya guruku semua bakal kena swab dadakan aku sekarang lagi kurang fit jadi takut,fear,1
aneh lu bangsat,anger,0
ronaldo enggak ini loh atau gaji selangit elanga di bar iki party wae,neutral,3
hati hati jika belanja di username barang tidak dikirim uang tidak kembali,anger,0
gua steril kucing saja habis 1 juta 3 ratus 80 ribu men bangsat mahal kan tapi karena kucing gua sudah tua jadi reaksinya lama banget masih suka spray urine sembarangan suka teriak2 meminta keluar nah itu yang bikin gua pusing,anger,0
ayang gue kemanaasiee sepi banget mingyu,sad,2
05 02 2022 tepat 1 tahun menyebalkan walopun gue ambekan frontal tapi faham dan diselesaikan ah kue tart dulu deh,neutral,3
keberpihakan akan ketidakadilan ini yang senantiasa diperjuangkan gus muhaimin semangat terus gus,happy,4
salah banget sudah sepagian play hourglass yaampun bakalan mellow seharian wanna one aku capek missqueen tapi kalo memikirkan pisah sama kalian tuh ewhh,sad,2
kecewa rage wi,sad,2
disini tempat ternyaman melihat seberapa indah matahari terbenamtempat dimana butuh waktu sendiri,happy,4
enggak biasanya subuh2 nlpon dengan semangat bilang semua pegawai dikantornya hari ini wajib di pcr swab gue yang dengernya spontan jawab moga semua masuk sorga auto menyolot maki2 gue anti rezim dan labeli kadrun cebongmah memang begitu kayak pentol korek digosok langsung ngegas,anger,0
dia taruh jari telunjuknya di jidatku mangkanya beli susu tuh diminum vitaminnya jangan kelewat kan ribet kalo mau jalan ke tempat umum tapi kamunya baru jalan 5menit sudah kliyengan aku,anger,0
jangan marah yang osah,fear,1
cewek tuh 1 2 3 enggak 4 enggak hilang-hilangan 5 enggak over 6 ceweknya 7 selalu,neutral,3
mayoritas kakak kakaknya datang sepulang kerja masih pakai pakaian kerja terus terbayang begitu 2 tahun lagi amin ada di posisi itu ternyata saya sudah sebesar itu,happy,4
username username deg degan mana sama kalau tbtb mamah bilang kak tutup taperwer mamah kemana ya tadi bukan nya kamu yang habis pakai jeng jengggg sedih,fear,1
tapi ke sih sejarah,neutral,3
mjb tapi baca ini mengakak banget pura pura kaget di,happy,4
inshallah kalo gua ada rejeki bisa foto bareng tom gua enggak bakal kasih aturan ini itu ina inu ribet gua post kesini bukan buat pamer tapi berbagi kebahagian jadi croplah muka gua sesuka hati anda url,happy,4
eitss jangan marah marah mom nanti asi enggak keluar,anger,0
masa bodoh virus,neutral,3
hahaha betul sekali aku saja susah kalo sudah enggak suka sama orang benci nya sampai lama banget,anger,0
atau diorang defend kalam mufti muamalat haruskan,neutral,3
pernah seseorang harapan jika kamu tak ingin memenuhinya tapi palsu,neutral,3
kasihan sih anas ini sudahlah semua orang percaya ente korupsi fakta anda kasasi setelah artidjo pensiun maksudnya apa ente mengharap putusan artidjo yang menambah hukuman jadi 14 tahun bisa ditelikung oleh hakim lainnya tidak akan url,anger,0
goblok kau bangsat,anger,0
pasang rautan pensil yang ada cerminnya di sepatu buat ngintipin celana dalam teman sekolah cewek,happy,4
iya aku biasanya di tengah tengah karena takut ada kendala begitu eh kena hnr,fear,1
halo makjii goodmowning deh bangun belum semoga hari ini berjalan dengan lancar ya mak bahagia selalu dan sehat selalu tentunya semoga hari ini ada rezeki ku dan bisa pakai have a good day,happy,4
kok suka ya lihat fadly omnya gala kayak adem begitu lihat wajah dia enggak yang cakep banget tapi adem saja dilihatnya kayak ubin mesjid,happy,4
username bismillah happy bday kak wuatb gbu semoga selalu dilimpahi keberkahan rezeki kebahagiaan umur yang bermanfaat dan sukses dunia akhirat semoga cita2nya tercapai dan bisa membanggakan orang tua nusa negara dan agama amin btw kita se dom kak,happy,4
seram banget sih yang jualan yang nipu nipu gue bawa duit orang dikit saja enggak tenang banget ini kalo belum dapat kabar barangnya dapat kagak ini sampai orderan customer enggak di belikan sedih,fear,1
dari 15 match competitive yang menang cuma 4 tolol mending uninstall lagi saja sudah memang enggak berbakat,anger,0
saat tetangga muslim meninggal meski kelakuannya srg jadi omongan bertaburanlah doa di wag tapi saat tetangga non muslim yang jarang berkonflik hanya ucapan turut berduka yang terucap apakah mereka takut atau tidak mau mendoakan padahal allah sebaik baik pengampun dosa astaghfirullah,sad,2
menangis bahagia kak,happy,4
kiri kalo kanan soalnya banyak bergerak takut kepentok,fear,1
halah tahi pagi2 dibuat emosi gue support system support system tatai anjingan,anger,0
semangat kalau papa yang pimpin senam,happy,4
agak ngeri tapi tetap semangat gurls,fear,1
ikn trik agr kasus dan kasus lainnya tertutupi emgnya pembangunan ikn 2 tahun situ terbaca bohongnya,neutral,3
enggak apa-apa miss kami exols bakalan tetap menunggu kami pasti tau susah payah nya buat datangin exo semagat miss fighting aeris ada lain waktu dan kita bakalam ketemu uri exo jangan bersedih lagi,happy,4
baiklah sembari menikmati hidangan yang sudah diberikan selanjutnya ada performance dari oppa2 ganteng nih ayo beri tepuk tangannya yang meriah,happy,4
kelakuan temenku tuh suka kayak begitu bilangnya otw eh tau taunya lama banget senang,anger,0
kamu belum lahir bong tanya sama mak mu biar jelas pki itu zaman soekarno bong berlanjut ke orba lalu di basmi bisa jadi salahsatunya keluargamu ya,anger,0
muhaimin iskandar dikulum ia baru peringatan pbnu,neutral,3
rendah sekolah ku jumlah kuota eligible mipa ada 95 dan aku rank 85 dengan rata segitu sempat takut banget kegeser karena ada banyak murid yang data nilai nya salah tapi alhamdulilah ya allah tetap masuk eligible,happy,4
menutupi kasihilah musuhmu bagaimana kelihatan bila terlihat kau kasihi,neutral,3
sumpah tadi gue ketiduran jam 6 10 dan barusan gue bangun gara gara mimpi dikejar setan gue mimpi di kejar miss ke gue enggak mengerti awal nya bagaimana yang gue ingat awalnya,fear,1
je orang edukasi begitu enggak bakal abisnya,neutral,3
habis baca cerita yang makin kesini makin sedih dan aku terus curhat ke seseorang menangis parah dong gue haha,sad,2
morning tipes nya,neutral,3
lah bknnya lu imam cabul dibelain sama 7jt orang tolol lho terbayang kan betapa begonya manusai model kau takut enggak masuk surga,anger,0
selamat peletakan batu pertama pmbangunan universitas islam internasional indonesia uiii semoga islam indonesia yang damai dan toleran benar-benar menjadi rujukan islam dunia kelak cc pak menag username url,happy,4
pintar bodoh tak,neutral,3
kucing apa anjg bangsat,anger,0
ya allah farr turut berduka hhuhupdhl tiap lo ngepost selalu mbatin nih kcg fara lucu bgtknp sekarang sudah pergigapapaa faar meng nya sudah tenang disanaa jangan sedih2 ya nanti meng nya ikut sedih sedih,sad,2
muter muter di rumah nini ternyata orangnya lagi buat kari asyik ketemu jam segini putri cantik yang sejak dulu ku cari,happy,4
takut dan dag dig dug bacanya tapi bermanfaat banget,fear,1
deh payung deh di langit macam mak oii,neutral,3
seandainya 2019 jokowi kalah sudah dipastikan hti bangsat bangkit teroris bangsat bangkit radikal bangsat bangkit semua politik balas dendam bangkit yang minoritas ditekan mending memisahkan diri dari nkri untuk itu harus 2019tetapjokowi,anger,0
enggak ada waktu apa takut ada mata2 ww,fear,1
6 berkunang2 hp dan dibuatnya paling kerasa siang hari 7 perasaan ku akan enggak didalam kamar berkedap tapi diluar ruangan hawa2 anginnya enggak justru jalan 8 hari,neutral,3
keinginanku untuk membeli ini itu seketika terhenti karena 1 kalimat,sad,2
deh mulai mentalbreakdance lagi kemarin menjauh sbntar karena enggak pengin bocil kena vibe negatifku emosi banget sampai banting pintu kmr mandi mandi siram kepala sambil nanges keluar kmr mandi deh mendinganlah,anger,0
alhamdulillah dapat dukungan moril setidaknya kedepan tidak takut mencoba lagi,happy,4
another manusia tolol yang cocok dikebiri,anger,0
padahal enggak sampai 24 jam allah sudah kasih jawaban atas masalahku aku saja yang terlalu buru buru berburuk sangka astagfirullahalazim memaafi dian ya allah sedih,sad,2
ketiduran jam 8 berharap bangun jam 3 tapi sekarang sudah kebangun mau makan nanggung mau lanjut tidur susah mau pakai jurus ampuh buka laptop biar ngantuk tapi laptopnya di kantor sekian dan terima thr,sad,2
saya lebih memilih sadar diri dan berpikir kembali ketimbang menyalahkan dirinya sekedar tau bahwa saya terlalu lama duduk dan menikmati obrolan itu sampai lupa bahwa ada pintu yang menunggu saya untuk lewati kembali setelah datang untuk bertamu,sad,2
benci banget sama diri sendiri gampang menangis kalo mengobrol sama orang tua,anger,0
kenapa bisa ada orang terserah terserah sih capek anjg lo kalau ditanya jawab dong iya atau enggak mau atau enggak yaallah emosi saya,anger,0
ini kan acc lu kenapa pula nk orang,neutral,3
weekend saatnya oh,neutral,3
hahahha bangsat team bingung ini diservice tapi senin sudah mulai kegiatan aduh bagaimana ya layarnya kelap kelip takut kalo musti ganti terus mahal babikk takut filenya hilang kalo tau-tau diinstal ulang mager nginstal2 lagi mana belum dibek up mana hari sabtu tutup semua begee,anger,0
di akan anik lulus tes besok di surabaya ya bu jujur kalau harus ngisi materi di forum terutama seharusnya yang menyampaikan selevel dokter aku jadi benar-benar takut takut salah maksudnya,fear,1
panik banget tadi twitter gua enggak bisa di buka,fear,1
sedih banget kok ada orang kayak begitu rasanya mau ku ulek tau manusia bukan sih,sad,2
takut banget kalo nanti tiba tiba ke,fear,1
perutnya luar bikin meringis,neutral,3
sedih lihat kondisi rahtawu sekarang kayak begini lebih suka kondisi rahtawu yang dulu sepi dan alami username url,sad,2
tempat bersandar dan lebih banyak terdiam terdiam dalam artian melupakan sementara semua hiruk piruk yang ada seperti pekerjaan dan kemacetan dan tempat bertemu senyum iklas yang enggak akan kamu mendapatkan di tempat mana pun url,happy,4
baru mengirim ngaringan klumpit,neutral,3
terima kasih yang sudah datang sparing footballl hari ini indramayu regency url,happy,4
alhamdulillah pengalaman baru bersama teman teman peminatan psikometri terima kasih username puspendikbalitbang atas kepercayaannya kepada kami,happy,4
alhamdulillah jimin sudah sembuh baru bangun tidur sudah disambut kabar bahagia tuh senang banget sehat selalu ya ganteng ku,happy,4
kara dong akan b auramu dan anggun melihatnya amazed n kita jarang mengobrol kara tapi kapan kapan kita mengobrol begitu you seem like a fun person tapi talk with,neutral,3
aku mulai takut menghadapi hari seperti disiksa mendadak aku takut dia tidak kembali,fear,1
sedih woy tolong,sad,2
kulit ayam enak banget sih enggak ada duanya,happy,4
wah sekarang sudah enggak ada tulisan itu ya apollo dengan pollo saja sudah berdamai dengan masa lalu tinggal mbaknya saja nih yang belum berdamai dengan ah sudahlah haha,sad,2
paling menyampah orang suka compare kan aku dengan orang lain dia dia ah aku aku ah tak suka boleh blah lah,anger,0
huhu jiheon graduation yaabakalan jiheon kalo sekalian menonton vlog jiheon jiheon begitu jiheon enggak bisa gradupadahal pengin,neutral,3
spotify a indplan bf 1 20k bf 1 12k garansi 14 hari a famplan 1 13k,neutral,3
happy birthday semoga sehat dan bahagia selalu ya,happy,4
kadang hanya dengan satu senyuman palsu kita bisa menyembunyikan begitu banyak rasa sakit,sad,2
punya lama guna sonicator pastu semalam najmi cakap tahu tak sonicator nih boleh buat jadi mandul i was like aneh aneh lah dia nih pastu tanya akmal akmal iya kan benci aa tanya diorang nih double confirm kat google dengan adnin tipu je diorang nih,anger,0
jelas terdengar nyata teriakan hiszbut tahrir singkirkan sekat sekat nasionalisme ini yang kami tak rela rasa kebangsaan yang hendak dihilangkan tanah air dilenyapkan digantikan kepemimpinan transnasional entah di bawah khalifah siapa bertobat,anger,0
semangat tin,happy,4
untungnya ada kedua orang tua dan orang di sekitar yang sayang menyadarkan saya bahwa patah hati tak boleh membuatmu tak menyelesaikan skripsi hidup harus terus berlanjut jangan terlalu berharap dengan genggaman satu orang sedang kau sebenarnya sudah mendapatkan banyak pelukan,sad,2
rumit banget jadi orang ya kalo enggak suka ya simpel keep saja sih ribet banget hidupnya,anger,0
selamat ulang tahun dek zein yang kedua tahu semoga panjang umur tambah pintar tambah cerdas menjadi anak sholih berbakti kepada kedua orang tua nusa dan bangsa url,happy,4
buat mbak erning saya ini kalau ditelusuri masih saudara anda dan tolong diingat saya tidak gila dan apa yang saya lakukan di rumah anda saya ingat semua,anger,0
lu enggak tau anjir rasanya takut sampai gemeteran paralyzed enggak bisa mikir gila sih gua juga enggak ngeexpect gua bakal kayak begitu terus gua sama teman teman gua cuma bisa panik barengan,fear,1
mumpung masih sedih habis baca unspeakable mari kita lanjut 2ha biar makin makin sedihnya,sad,2
sumpah gue benci banget orang kayak begini kalau enggak suka lebih baik diam daripada melakukan sesuatu yang bikin sakit hati kalo ibunya sampai tau bagaimana sakit nya anaknya dibegitukan mbak nya sudah sempurna apa benci banget sama orang yang mandang fisik,anger,0
iya gaya penulisannya aku suka banget ringaan enakk bacanya hahah,happy,4
jam sgini msie belum bangun,neutral,3
ini ke fb loh ini wkwk,neutral,3
kalau mau menyelamatkan keuangan bumn serahkan tata kelola bumn itu ke pihak swasta daripada kayak sekarang rata rata direksinya diisi boneka parpol,anger,0
aslinya aku orang yang jarang banget nelfon orang tua kalo lagi jauh tapi belakangan ini pengin dengar suara mereka terus walaupun mewek kalo lagi telfon tapi sedikit bikin tenang sehabis kelar telfon cemas lagi,fear,1
username apakah hari ini nasib cash back saya rp 50 000 akan pending seperti yang sudah sudah mohon informasi nya url,fear,1
lo mengerti enggak drun dia sedang menjalankan krj sebagai anggota dewan yang dapat hak impunitas kadrun bego banget sih kalo sih edi mulyadi sudah jelas menghina luar biasa merendahkan dengan nyebut kata-kata binatang dan setan lo kau begitu dong saja enggak mengerti drun,anger,0
suka banget tapi enggak pernah nyantol sedih,sad,2
hari demi hari chatting demi chatting obrolan semakin pendek balas pun semakin lambat hingga ketika kamu menghilang tak ada kabar kita akhirnya menjadi orang asing url,sad,2
mereka akan menjadi orang saat kamu dibuat hancur oleh mereka mereka sedang mereka perbuat selalu memberikan pengampunan untuk kita masa kita sesama mamusia bisa saling mengampuni,neutral,3
sebagai manusia yang punya phobia tempat sempit dan sesak lihat penyelamatan anak anak yang terjebak di dalam gua di thailand cuma bisa berdoa merinding pengin menangis bergidik lihat medannya,sad,2
bahagianya ketemu pacarkuuu,happy,4
gue yang dulu bingung kenapa orang bisa trauma berkepanjangan sekarang baru sadar setelah merasai sendiri kita enggak speak up kadang karena takut dibilang lebay lah bohong lah bla bla ngatasin traumanya saja sudah susah tambah lagi di judge orang lain jadi mending diam,fear,1
username iyeee bik di sini joke receh pun enggak masalah malahan bikin stres hilang coba di instagram aduh maha benar netijen dengan segala komentarnya,happy,4
rasulullah saw dan para sahabat kenapa enggak kayak padahal allah swt bisa memberikan harta yang banyak untuk mereka karena pas saat mereka berkuasa karena harta itu sebuah cobaan bukan sesuatu kebaikan allahualam,fear,1
sd sekarang enggak takut2nya ujan gurunya enggak mereka kalo enggak uang jajan,neutral,3
demi allah benci banget sama gwinam,anger,0
masih bingung identitas,neutral,3
oh ini tapi oh cuman segini saja tapi kamu kami mendukung username ri bukan kpk kau itu tuh yang di merdeka selatan yang ada tapi kayak kagak ada url,anger,0
ada juga razia yang enggak upacara pas kelas 8 pernah sekali sok sakit jadi stay di kelas sama 3 preman kelas tapi ketahuan begitu terus pas disuruh turun ke lapangan 2 orang lain jalan jongkok supaya enggak kelihatan kelas gue lantai 2 dan gue sama yang satunya lagi jalan biasa terus dikira bolos buat pacaran ajg malu kawkawkawkkakawkka,happy,4
paling benci kalo emak bapak sudah mengomongkan jodoh im still fuckin 19,anger,0
adalah untuk dibenci untuk selamanya tapi dan ingin apakah kepadamu,neutral,3
selain dan kamu bisa dengan kamu berjejaring,neutral,3
jika kau kau akan disaat apapun,neutral,3
anjay semangat kakak,happy,4
username iya aku enggak bisa kayak begitu ke orang jadi aku gakmau dibegitukan juga kalo dia mau makanan yang kayak punyaku aku mending belikan dia yang sama asal jangan ambil punyaku,sad,2
aku pakai skintific enak nder gel begitu enggak bikin banyak minyak juga di muka aku yang oily enggak bisa banyak review karena baru semingguan pakenya,happy,4
ketika jempol imut ini sudah mengetik isi hati yang lagi gundah gulana ini sekita mikir untung nya apa ya mengeluarkan unek unek disosmed ada juga semua makhluk sosmed tau aib aib yang hanya untuk konsumsi sendiri indak malah kita diketawain sok mikir lagi,sad,2
kenapa di bodoh seakan dimanfaatkan untuk tak tersurat,neutral,3
enggak usah mengasih gua aturan diluar kemampuan gua lu bukan siapa siapa bego,anger,0
di bilang kalau sudah hatinya hitam mana ada bisa membedakan putih atau hitam yang pintar bisa mendadak bodoh kalau sudah hatinya penuhin dengan penyakit hati,anger,0
bikin orang kesal saja,anger,0
manggilnya sudah sayang sayangan kalau chat sudah kangen kangenan ternyata cuma jadi teman pas dia lagi kesepian,sad,2
lb penelitian washington state university wsu pullmanas tbk mencipta kan perasaan mereka berperilaku tbk juga lb teliti memiliki sebabnya mereka terbatasi oleh luar media ind,neutral,3
enggak bego bego lah gue,neutral,3
gataww ya gue happy pagi keekk mengalir saja semangat rawr mwah lvyu,happy,4
penerimaan siswa sek neg favorit dengan sistim zona banyak menuai kontra khususnya bang siswa yang pandai orang tuanya tidak mampu perband 85 0 0 15 0 0 yang mampu amp,sad,2
daftar orang tolol dan idiot yang menolak kemajuan peradaban indonesia nanti akan dicatat sejarah penolak kemajuan indonesia fotonya di pajang di tempat sampah,anger,0
ada saja berita sedih dan sekarang syukur ada berita senang sehat terus kak ji,sad,2
prioritas utama gue sekarang kazuha sih mana,neutral,3
kayak enak saja empuk banget,happy,4
lepaskanlah hati dan pikiranku dari keterikatan yang menjadikanku mudah marah dan berkecil hati,anger,0
kadang suka miris lihat jalan di daerah2 pelosok yang dibangun sama pemerintah pusat enggak nyediain pedestrian pisan,sad,2
aku kalau boleh nk buat kerja gila pinjam hair dryer kita dept aku tapi tulah takut plak kantoi dengan bos,fear,1
kayaknya habis ini mataku harus dimandiin pakai abu biar suci deh karena baru melihat adegan yang tidak senonoh di mcd yang tidak lain adalah adegan orang yang saling bermesrahan didepan mata huhuu,fear,1
jadi waktu sama tuh aku pengin banget yang namanya perawatan ke klinik kecantikan macam erha natasha begitu begitu deh tapi sama mama benar-benar dilarang banget dan suka dimarahi begitu kalo aku ngrengek meminta perawatan sedih,sad,2
duh ini teman kantor sudah meminta tukar shift dadakan nelpon sudah jam 9 baru nelpon gue jadi bak bik buk enggak jelasss masihh ada saja teman yang tololnya di makan semua,anger,0
percayalah wanita ketika mengetahui pasangannya berkomunikasi dengan,neutral,3
sama aku juga begitu kak sender kadang mikir kenapa ya aku enggak kayak teman ku yang banyak begitu suka ke dia sedangkan aku sudah mau kepala 2 belum pernah itu rasanya didekatin hehe tapi gapapa sih kan lebih baik jomblo yuk semangat jomblo sampai ketemu jodoh,happy,4
sumpah sedih banget denise,sad,2
pret ngabisin waktu dengan tertawa ya itu lebih baik daripada ngabisin waktu dengan memikirkan kamu apasih,happy,4
alamak ngeri kali,fear,1
beautiful summer ini bandung,happy,4
iya siang ku,neutral,3
bappenas mengakui saat melakukan kunjungan ke proyek jakarta ditemukan las merupakan tka china,neutral,3
sebagai supporter username gue enggak suka barca tapi sebagai pecinta sepakbola gue suka ini film keren lah url,happy,4
wah iya ngeri nih yang setim sama mas,fear,1
ayang kenapa yuk semangat yuk,happy,4
apa lah mama nih sory sayang mama tak jaga dhyan dengan betul mama leka sory sayang cepat sembuh lah dhyan walaupun awak demam pn macam tak demam tapi bila malam menampak awak macam itu sedih mama,sad,2
alhamdulillah pakai kerudung karena keinginan sendiri justru malah malu pakai baju haram,happy,4
rangnick kami seharusnya dan mematikan pertandingan di pertama disayangkan peluang terkena tiang gawang penalti dan peluang seharusnya 2 0 atau 3 0,neutral,3
di kawasan puja mandala bali kita dapat melihat lima bangunan peribadatan yang berderet mulai dari masjid gereja katolik wihara gereja kristen protestan dan pura 5 agama sekaligus bukti tempat ini layak dinobatkan sebagai ikon toleransi indonesia url,happy,4
sedih banget dengernya,sad,2
saya makin dalam mengenalnya paham sisi lainnya yang kasar brengsek tidak punya hati suka memanfaatkan orang egois joke ing mesum dan masih banyak sisi buruk lainnya ya di seorang phsyco yang tak terduga,anger,0
marv tiba-tiba kepikiran kan hank pym bilang kalo ant ini walaupun berubah ukuran semut nya sih scott ini berubah raksasa kekuatannya seharusnya seukuran dong jelasin ke,neutral,3
tlong jangan bikin emosi pagi pagi aku lagi puasa,anger,0
acc ini benar-benar enak banget,happy,4
amin semangat,happy,4
kenapa aku kalo reflek tuh suka malu maluin diri sendiri,fear,1
username yang quots2 saja wkwkwkk mainin lagi mulai sekarang wkwkw di sini mah bebas wkwkwk ikm nih kd guring kah kena talambat bangung ikm wkwk,happy,4
sudah mau sarjana 2 kali mbokya mulut nya jangan ketinggalan buat belajar sekiranya itu enggak perlu diungkapkan menambah dosa menyakiti hati orangnya mending diem2 bae lah kasihan anda nya yang di julidin sama orang,anger,0
bukan cuma orangtua yang memotivasi hidupku tapi kamu cileng kamu buat hidup aku lebih cerah teens shieren,happy,4
semuanya seperti hancur seketika hanya dengan sebuah foto dan pada akhirnya aku yang tidak bisa memahami arti foto tersebut,sad,2
dolo di kamar,neutral,3
perasaanqu ketika menontoni orang yang sedang shooting videoklip di tiktok adalah antara jijik dan gatahan pengin ikutan goyang dua jari yawlaaaaaa kuatkan hati hama,sad,2
aku mau komen tapi takut wkwk sedih,fear,1
rame banget mall kenapa juga semua orang pergi ke mall hari sabtu minggu saja begitu sekalian keluh kasper ada lima belas menit mungkin mereka berputar cari tempat untuk parkir ini salah satu alasan kenapa kasper kurang suka menyetir dikota susah sekali parkirannya,anger,0
anjing akun tolol,anger,0
melihat sudah terlalu banyak username project yang jatohnya malah jadi scam dan fraud asli gue pengin coba deh bawa mereka sama creator creator mereka yang sudah bawa kabur duit banyak orang termasuk gue ke ranah hukum indonesia,anger,0
enggak bisa download melulu pak padahal stock laporan banyak nih mbok ya dibenerin sudah berapa lama enggak kelar2 masalah di ios,anger,0
last time aku tengok maya karin kat pontianak pon dah buat aku takut makan kat meja makan sebab ada hantu bawah itu now munafik 2 url,fear,1
jangan pernah benci sama orang bisa saja dia jodoh kamu,fear,1
terlalu miris melihat orang yang berkedok apa laginseorg oendidik agama namun tak pernah bijak menggunakan tata bahasa menyinggung orang lewat media sosial,sad,2
nikmai kawan di,neutral,3
cari orang-orang yang selalu menyudutkan ansor sabar itu bagus tapi kalau terus menerus difitnah disalahkan jangan tinggal diam saatnya,anger,0
saya serius kalopun pak username nanti kalah saya mending kalah sama yusril daripada sama prabowo tapi kan enggak mungkin kalah ya hahaha url,happy,4
sungguh username adalah rahmat bagi seluruh umat jangan dikotori dengan tindakan fanatik berlebih tunjukkan bahwa kita adalah pembawa kedamaian di muka bumi mie sedapmu adalah untukmu dan indomie ku adalah untukku url,happy,4
gembira dengan keadaan,happy,4
sumpah gue jijik dengar lagu aaaaaaa aisyah kujatuh cinta cantik hari ini aku cantik kita goyang dua jari aaah url,anger,0
ngeri dia keseleo saja di korea kan enggak ada tukang urut,fear,1
bapak membawa sekarang,neutral,3
wah gila sih ini lokasinya mirip2 selly oal amp,happy,4
kita mencocokkan jadwal setelahnya besok ujian jam 2 meminta soalnya ke mbak yuyun ya kata beliau alhamdulillah ya allah leganya indak perlu reschedule terharu saat sudah fix kita keluar lalu salim tangan sih bapak berterimakasih bangetlah ini,happy,4
pull bear atau uniqlo tapi sok far masih paling uniqlo sih awett poll 7 8 tahunan dan masih kalo p b enggak kenapa grembel grembel begitu bahannya dan resletingnya terus,neutral,3
konyol banget mbak komentar anda main ignore saja dikira hal begitu sepele banget dia enggak nyaman makanya di publish biar mengasih pelajaran buat orang yang mau punya niat goda biar enggak meneruskan niatnya kalo enggak pengin di permaluin reminder juga bua,anger,0
rangnick bisa bagaimana elanga hancur dan itv,neutral,3
dipakai untuk acara pernikahan tuh bodoh kunjungi ke tkp jangan cuma main jempol saja lu keree enggak punya ongkos gue bayarin deh gue mah begitu orangnya,anger,0
lah masalahnya dia hatinya kayak pantat bayi sensitif banget yamana gue berani negur bangunin dia saja gue gaberani haha sementara dia seenaknya motong jam tidurku sebenarnya aku masih takut naik motor karena kemarin saja aku lihat orang nyaris kecelakaan 3 kali didepan motorku,fear,1
pertanyaan yang dulu pada masa itu bikin kesel apalagi kalo sodara jauh yang bertanya untung enggak gue tanya balik kapan opname,anger,0
amin ya rabbal aalamiin semangat,happy,4
dulu aku begitu menginginkanmu menjadi nadi pada pergelangan tanganku waktu berjalan berlalu bersama iringan sunyi kini kau hanyalah sebuah jantung yang bahkan degupnya tak ingin ku dengar,sad,2
kenapa acc gede moa banyak yang rest moga cepat balik ya duh takut gue rada2 kepikiran dan sedikit trauma,fear,1
username username username username username username username username sampaikan juga informasi kegiatan dana desa jangan hanya kirim hastag dan mantion saja,anger,0
habis itu dia nge chat aku begitu loh habis nge chat ya begitu jadi dekat dekat beberapa kali tuh dia mengasih cokelat sama susu strawberry kalau enggak salah terus aku sama dia disekolah enggak pernah nyapa kadang eye contact doang soalnya dua duanya malu begitu kan agak sedih sih,sad,2
selain juga rada eib ini nimbrung sok paham enggak konteks dll gaji volunteer dsb akhirnya eib dihentikan tapi si salut penikmat karyanya,neutral,3
hahaha siap somi semoga tahun ini somi sudah enggak sedih sedih lagi ya tinggal bahagianya saja nanti teteplah kita menjadi badut,happy,4
giliran sgala hal yang berbau islam dikebiri dpojokkan dengan alih omikron srius yang muslim kagak marah imannya turun atau emnx pura-pura muslim,anger,0
ini dia sih pembuat sembab berpasang pasang mata setelah melihat pertunjukkan boneka,sad,2
2 atau 3 orang saja ya di but kalo flop mora hapus soalnya malu,fear,1
username aku merasa gagal menjadi teman aku tadi cuman mau bohong tapi jawaban mu seperti itu termakan sendiri aku sedih wed maaf ya,sad,2
berbagi dengan sesama semoga bermanfaat,happy,4
nih geng lgbt patutle libtard gay bodoh tahi,anger,0
kejadian malam ini pulang jam 00 25 langsung ganti baju terus mau cuci muka pas baru selesai cuci muka di kmd pas lagi handukin muka tbtb ada suara tolong dibelakang aku persis ini sudah terjadi beberapa kali sesring itu kirakira ada apa ya seram banget lamalama keganggu juga,fear,1
eheheheh ini apasih dari minggu kemarin tema semesta saya soal nikah enggak kepemgen sih tapi ya kalo diliatin mulu soal yang begitu kan saya jadi kepo ternyata seru juga kalo dilihat,happy,4
saya jual sale pisang 8k ini enak banget dom tangerang 5 6 4k terjual,happy,4
selain aktifitas benaran dan bisa skip aktivitas bisa di nih kalender februari bagaimana dan kan apalagi natcy,neutral,3
bang koi komen kpop plostak plastik plostak plastik ke berapa orang,neutral,3
sedih kalau diceritain mah,sad,2
mimpin jadi bupati tasik saja enggak bisa apalagi jadi gubernur aduh kang tuh di kabupaten tasik oge pr akang masih banyak malahan masyarakat tidap puas dengan kinerja akang sekarang pengin jadi gubernur cing atuh mikil,anger,0
enggak ada yang aneh-aneh kok kecuali satu emot lope lope dari masa lalu enggak usah takut aku diembat cowok lain aku tetap setia crushin kamu meski harus terluka melihat lu bahagia,sad,2
semangat buat hari ini ya lu deserve tapi be happy anw jangan lupa sarapan adet,happy,4
alhamdulillah dapat kabar baik untuk hari ini happy banget semoga cepat sembuh total baby mochi,happy,4
bagaimana kalau aku tidak baik baik saja,sad,2
semangat snmptn,happy,4
tulis nama2 rakyat 200,neutral,3
ini kakek ini tau dari mana kalo dia di beri hidayah tau dari mana kalo dia enggak sesat tau dari mana kalo dia lebih benar jangan merasa sok benar deh kakek nanti masuk neraka lo akibat terlalu sombong url,anger,0
kaget melihat notif disebut kqkwkw,happy,4
kalo emak ku kopi gelas mas kopi nya ibuk sekalian gelas nya,neutral,3
produce 48 versi indonesia pelatih dance agnes monica bisma smash cinta laura vocal bertha mas anang bunda maya rap younglex soimah mc irfan hakim gilang ramzi ayu dewi excited nih gue wkwkkwkwk,happy,4
hadeh ini lagi satu cewek yang sudah pikirannya jahat jari jarinya jahat dinikmati heh mbak memang penyanyi dangdut itu auto lonte lonte juga bisa kena sexual harassment mbaaaak,anger,0
hbd jisung semoga kamu selalu dikelilingi orang orang baik selalu diberi kesehatan dan semangat untuk coba nya ya,happy,4
09 13 antrian kendaran dikeempat kaki situasi arus lalulintas,neutral,3
ini gegara sebelom tidur gue panik akun ltmpt panik jurusan kuliah,fear,1
username lagi main di rumah teman tuh pas pipis lihat celana dalam sudah merah begitu langsung izin pulang bilangnya mendadak sakit pas sampai rumah bilang itu kakak berdarah mah takut soalnya memang pas main jatuh pas dilihat dibilang mens hue besoknya pe,fear,1
sulitnya menetapkan calon wapresnya jokowi di pilpres 2019 salah satunya disebabkan gemuknya partai koalisi yang mengusung petahana sehingga sikap kehati hatian agar tidak ada yang terluka dari partai pengusung harus tetap dijaga,fear,1
username username alhamdulillah saya coba dengan password yang daftar seminggu lalu sudah bisa dan tanggal 16 dapat antriannya terimakasih,happy,4
tl twt sepi banget kalian pada di fb semua yhh,sad,2
masih di spam nih sama indosat username padahal ku sudah melakukan segala nasehat yang dianjurkan mimin2 yang membalas twit sambatku ini terhitung sudah 20 sms sejak jam 11 tadi pacarku saja enggak posesif begini loh,anger,0
baru mengirim brebes jawa indonesia,neutral,3
nah kan sudah pasti ada alasan kuat mengapa direksi sebelumya mengundurkan diri belum apa apa sudah jadi bumper ngeri ngeri sedap,fear,1
